|    Y\X    | 0.8900E+02| 0.8910E+02| 0.8920E+02| 0.8930E+02| 0.8940E+02|
-------------------------------------------------------------------------
| 0.8900E+02| 0.1746E-01| 0.1745E-01| 0.1745E-01| 0.1745E-01| 0.1745E-01|
-------------------------------------------------------------------------
| 0.8901E+02| 0.1728E-01| 0.1728E-01| 0.1728E-01| 0.1728E-01| 0.1728E-01|
-------------------------------------------------------------------------
| 0.8902E+02| 0.1711E-01| 0.1711E-01| 0.1711E-01| 0.1710E-01| 0.1710E-01|
-------------------------------------------------------------------------
| 0.8903E+02| 0.1693E-01| 0.1693E-01| 0.1693E-01| 0.1693E-01| 0.1693E-01|
-------------------------------------------------------------------------
| 0.8904E+02| 0.1676E-01| 0.1676E-01| 0.1676E-01| 0.1676E-01| 0.1676E-01|
-------------------------------------------------------------------------
| 0.8905E+02| 0.1658E-01| 0.1658E-01| 0.1658E-01| 0.1658E-01| 0.1658E-01|
-------------------------------------------------------------------------
| 0.8906E+02| 0.1641E-01| 0.1641E-01| 0.1641E-01| 0.1641E-01| 0.1641E-01|
-------------------------------------------------------------------------
| 0.8907E+02| 0.1623E-01| 0.1623E-01| 0.1623E-01| 0.1623E-01| 0.1623E-01|
-------------------------------------------------------------------------
| 0.8908E+02| 0.1606E-01| 0.1606E-01| 0.1606E-01| 0.1606E-01| 0.1606E-01|
-------------------------------------------------------------------------
| 0.8909E+02| 0.1588E-01| 0.1588E-01| 0.1588E-01| 0.1588E-01| 0.1588E-01|
-------------------------------------------------------------------------
| 0.8910E+02| 0.1571E-01| 0.1571E-01| 0.1571E-01| 0.1571E-01| 0.1571E-01|
-------------------------------------------------------------------------
| 0.8911E+02| 0.1554E-01| 0.1553E-01| 0.1553E-01| 0.1553E-01| 0.1553E-01|
-------------------------------------------------------------------------
| 0.8912E+02| 0.1536E-01| 0.1536E-01| 0.1536E-01| 0.1536E-01| 0.1536E-01|
-------------------------------------------------------------------------
| 0.8913E+02| 0.1519E-01| 0.1519E-01| 0.1519E-01| 0.1519E-01| 0.1518E-01|
-------------------------------------------------------------------------
| 0.8914E+02| 0.1501E-01| 0.1501E-01| 0.1501E-01| 0.1501E-01| 0.1501E-01|
-------------------------------------------------------------------------
| 0.8915E+02| 0.1484E-01| 0.1484E-01| 0.1484E-01| 0.1484E-01| 0.1484E-01|
-------------------------------------------------------------------------
| 0.8916E+02| 0.1466E-01| 0.1466E-01| 0.1466E-01| 0.1466E-01| 0.1466E-01|
-------------------------------------------------------------------------
| 0.8917E+02| 0.1449E-01| 0.1449E-01| 0.1449E-01| 0.1449E-01| 0.1449E-01|
-------------------------------------------------------------------------
| 0.8918E+02| 0.1431E-01| 0.1431E-01| 0.1431E-01| 0.1431E-01| 0.1431E-01|
-------------------------------------------------------------------------
| 0.8919E+02| 0.1414E-01| 0.1414E-01| 0.1414E-01| 0.1414E-01| 0.1414E-01|
-------------------------------------------------------------------------
| 0.8920E+02| 0.1396E-01| 0.1396E-01| 0.1396E-01| 0.1396E-01| 0.1396E-01|
-------------------------------------------------------------------------
| 0.8921E+02| 0.1379E-01| 0.1379E-01| 0.1379E-01| 0.1379E-01| 0.1379E-01|
-------------------------------------------------------------------------
| 0.8922E+02| 0.1362E-01| 0.1361E-01| 0.1361E-01| 0.1361E-01| 0.1361E-01|
-------------------------------------------------------------------------
| 0.8923E+02| 0.1344E-01| 0.1344E-01| 0.1344E-01| 0.1344E-01| 0.1344E-01|
-------------------------------------------------------------------------
| 0.8924E+02| 0.1327E-01| 0.1327E-01| 0.1327E-01| 0.1327E-01| 0.1326E-01|
-------------------------------------------------------------------------
| 0.8925E+02| 0.1309E-01| 0.1309E-01| 0.1309E-01| 0.1309E-01| 0.1309E-01|
-------------------------------------------------------------------------
| 0.8926E+02| 0.1292E-01| 0.1292E-01| 0.1292E-01| 0.1292E-01| 0.1292E-01|
-------------------------------------------------------------------------
| 0.8927E+02| 0.1274E-01| 0.1274E-01| 0.1274E-01| 0.1274E-01| 0.1274E-01|
-------------------------------------------------------------------------
| 0.8928E+02| 0.1257E-01| 0.1257E-01| 0.1257E-01| 0.1257E-01| 0.1257E-01|
-------------------------------------------------------------------------
| 0.8929E+02| 0.1239E-01| 0.1239E-01| 0.1239E-01| 0.1239E-01| 0.1239E-01|
-------------------------------------------------------------------------
| 0.8930E+02| 0.1222E-01| 0.1222E-01| 0.1222E-01| 0.1222E-01| 0.1222E-01|
-------------------------------------------------------------------------
| 0.8931E+02| 0.1204E-01| 0.1204E-01| 0.1204E-01| 0.1204E-01| 0.1204E-01|
-------------------------------------------------------------------------
| 0.8932E+02| 0.1187E-01| 0.1187E-01| 0.1187E-01| 0.1187E-01| 0.1187E-01|
-------------------------------------------------------------------------
| 0.8933E+02| 0.1170E-01| 0.1169E-01| 0.1169E-01| 0.1169E-01| 0.1169E-01|
-------------------------------------------------------------------------
| 0.8934E+02| 0.1152E-01| 0.1152E-01| 0.1152E-01| 0.1152E-01| 0.1152E-01|
-------------------------------------------------------------------------
| 0.8935E+02| 0.1135E-01| 0.1135E-01| 0.1135E-01| 0.1135E-01| 0.1135E-01|
-------------------------------------------------------------------------
| 0.8936E+02| 0.1117E-01| 0.1117E-01| 0.1117E-01| 0.1117E-01| 0.1117E-01|
-------------------------------------------------------------------------
| 0.8937E+02| 0.1100E-01| 0.1100E-01| 0.1100E-01| 0.1100E-01| 0.1100E-01|
-------------------------------------------------------------------------
| 0.8938E+02| 0.1082E-01| 0.1082E-01| 0.1082E-01| 0.1082E-01| 0.1082E-01|
-------------------------------------------------------------------------
| 0.8939E+02| 0.1065E-01| 0.1065E-01| 0.1065E-01| 0.1065E-01| 0.1065E-01|
-------------------------------------------------------------------------
| 0.8940E+02| 0.1047E-01| 0.1047E-01| 0.1047E-01| 0.1047E-01| 0.1047E-01|
-------------------------------------------------------------------------
| 0.8941E+02| 0.1030E-01| 0.1030E-01| 0.1030E-01| 0.1030E-01| 0.1030E-01|
-------------------------------------------------------------------------
| 0.8942E+02| 0.1012E-01| 0.1012E-01| 0.1012E-01| 0.1012E-01| 0.1012E-01|
-------------------------------------------------------------------------
| 0.8943E+02| 0.9950E-02| 0.9950E-02| 0.9949E-02| 0.9949E-02| 0.9949E-02|
-------------------------------------------------------------------------
| 0.8944E+02| 0.9775E-02| 0.9775E-02| 0.9775E-02| 0.9774E-02| 0.9774E-02|
-------------------------------------------------------------------------
| 0.8945E+02| 0.9601E-02| 0.9600E-02| 0.9600E-02| 0.9600E-02| 0.9600E-02|
-------------------------------------------------------------------------
| 0.8946E+02| 0.9426E-02| 0.9426E-02| 0.9426E-02| 0.9425E-02| 0.9425E-02|
-------------------------------------------------------------------------
| 0.8947E+02| 0.9252E-02| 0.9251E-02| 0.9251E-02| 0.9251E-02| 0.9251E-02|
-------------------------------------------------------------------------
| 0.8948E+02| 0.9077E-02| 0.9077E-02| 0.9076E-02| 0.9076E-02| 0.9076E-02|
-------------------------------------------------------------------------
| 0.8949E+02| 0.8903E-02| 0.8902E-02| 0.8902E-02| 0.8902E-02| 0.8902E-02|
-------------------------------------------------------------------------
| 0.8950E+02| 0.8728E-02| 0.8728E-02| 0.8727E-02| 0.8727E-02| 0.8727E-02|
-------------------------------------------------------------------------
| 0.8951E+02| 0.8553E-02| 0.8553E-02| 0.8553E-02| 0.8553E-02| 0.8553E-02|
-------------------------------------------------------------------------
| 0.8952E+02| 0.8379E-02| 0.8379E-02| 0.8378E-02| 0.8378E-02| 0.8378E-02|
-------------------------------------------------------------------------
| 0.8953E+02| 0.8204E-02| 0.8204E-02| 0.8204E-02| 0.8204E-02| 0.8204E-02|
-------------------------------------------------------------------------
| 0.8954E+02| 0.8030E-02| 0.8029E-02| 0.8029E-02| 0.8029E-02| 0.8029E-02|
-------------------------------------------------------------------------
| 0.8955E+02| 0.7855E-02| 0.7855E-02| 0.7855E-02| 0.7855E-02| 0.7854E-02|
-------------------------------------------------------------------------
| 0.8956E+02| 0.7681E-02| 0.7680E-02| 0.7680E-02| 0.7680E-02| 0.7680E-02|
-------------------------------------------------------------------------
| 0.8957E+02| 0.7506E-02| 0.7506E-02| 0.7506E-02| 0.7505E-02| 0.7505E-02|
-------------------------------------------------------------------------
| 0.8958E+02| 0.7331E-02| 0.7331E-02| 0.7331E-02| 0.7331E-02| 0.7331E-02|
-------------------------------------------------------------------------
| 0.8959E+02| 0.7157E-02| 0.7157E-02| 0.7157E-02| 0.7156E-02| 0.7156E-02|
-------------------------------------------------------------------------
| 0.8960E+02| 0.6982E-02| 0.6982E-02| 0.6982E-02| 0.6982E-02| 0.6982E-02|
-------------------------------------------------------------------------
| 0.8961E+02| 0.6808E-02| 0.6808E-02| 0.6807E-02| 0.6807E-02| 0.6807E-02|
-------------------------------------------------------------------------
| 0.8962E+02| 0.6633E-02| 0.6633E-02| 0.6633E-02| 0.6633E-02| 0.6633E-02|
-------------------------------------------------------------------------
| 0.8963E+02| 0.6459E-02| 0.6459E-02| 0.6458E-02| 0.6458E-02| 0.6458E-02|
-------------------------------------------------------------------------
| 0.8964E+02| 0.6284E-02| 0.6284E-02| 0.6284E-02| 0.6284E-02| 0.6284E-02|
-------------------------------------------------------------------------
| 0.8965E+02| 0.6110E-02| 0.6109E-02| 0.6109E-02| 0.6109E-02| 0.6109E-02|
-------------------------------------------------------------------------
| 0.8966E+02| 0.5935E-02| 0.5935E-02| 0.5935E-02| 0.5935E-02| 0.5934E-02|
-------------------------------------------------------------------------
| 0.8967E+02| 0.5761E-02| 0.5760E-02| 0.5760E-02| 0.5760E-02| 0.5760E-02|
-------------------------------------------------------------------------
| 0.8968E+02| 0.5586E-02| 0.5586E-02| 0.5586E-02| 0.5586E-02| 0.5585E-02|
-------------------------------------------------------------------------
| 0.8969E+02| 0.5411E-02| 0.5411E-02| 0.5411E-02| 0.5411E-02| 0.5411E-02|
-------------------------------------------------------------------------
| 0.8970E+02| 0.5237E-02| 0.5237E-02| 0.5237E-02| 0.5236E-02| 0.5236E-02|
-------------------------------------------------------------------------
| 0.8971E+02| 0.5062E-02| 0.5062E-02| 0.5062E-02| 0.5062E-02| 0.5062E-02|
-------------------------------------------------------------------------
| 0.8972E+02| 0.4888E-02| 0.4888E-02| 0.4887E-02| 0.4887E-02| 0.4887E-02|
-------------------------------------------------------------------------
| 0.8973E+02| 0.4713E-02| 0.4713E-02| 0.4713E-02| 0.4713E-02| 0.4713E-02|
-------------------------------------------------------------------------
| 0.8974E+02| 0.4539E-02| 0.4539E-02| 0.4538E-02| 0.4538E-02| 0.4538E-02|
-------------------------------------------------------------------------
| 0.8975E+02| 0.4364E-02| 0.4364E-02| 0.4364E-02| 0.4364E-02| 0.4364E-02|
-------------------------------------------------------------------------
| 0.8976E+02| 0.4189E-02| 0.4189E-02| 0.4189E-02| 0.4189E-02| 0.4189E-02|
-------------------------------------------------------------------------
| 0.8977E+02| 0.4015E-02| 0.4015E-02| 0.4015E-02| 0.4015E-02| 0.4015E-02|
-------------------------------------------------------------------------
| 0.8978E+02| 0.3840E-02| 0.3840E-02| 0.3840E-02| 0.3840E-02| 0.3840E-02|
-------------------------------------------------------------------------
| 0.8979E+02| 0.3666E-02| 0.3666E-02| 0.3666E-02| 0.3666E-02| 0.3665E-02|
-------------------------------------------------------------------------
| 0.8980E+02| 0.3491E-02| 0.3491E-02| 0.3491E-02| 0.3491E-02| 0.3491E-02|
-------------------------------------------------------------------------
| 0.8981E+02| 0.3317E-02| 0.3317E-02| 0.3317E-02| 0.3316E-02| 0.3316E-02|
-------------------------------------------------------------------------
| 0.8982E+02| 0.3142E-02| 0.3142E-02| 0.3142E-02| 0.3142E-02| 0.3142E-02|
-------------------------------------------------------------------------
| 0.8983E+02| 0.2968E-02| 0.2967E-02| 0.2967E-02| 0.2967E-02| 0.2967E-02|
-------------------------------------------------------------------------
| 0.8984E+02| 0.2793E-02| 0.2793E-02| 0.2793E-02| 0.2793E-02| 0.2793E-02|
-------------------------------------------------------------------------
| 0.8985E+02| 0.2618E-02| 0.2618E-02| 0.2618E-02| 0.2618E-02| 0.2618E-02|
-------------------------------------------------------------------------
| 0.8986E+02| 0.2444E-02| 0.2444E-02| 0.2444E-02| 0.2444E-02| 0.2444E-02|
-------------------------------------------------------------------------
| 0.8987E+02| 0.2269E-02| 0.2269E-02| 0.2269E-02| 0.2269E-02| 0.2269E-02|
-------------------------------------------------------------------------
| 0.8988E+02| 0.2095E-02| 0.2095E-02| 0.2095E-02| 0.2095E-02| 0.2095E-02|
-------------------------------------------------------------------------
| 0.8989E+02| 0.1920E-02| 0.1920E-02| 0.1920E-02| 0.1920E-02| 0.1920E-02|
-------------------------------------------------------------------------
| 0.8990E+02| 0.1746E-02| 0.1746E-02| 0.1746E-02| 0.1746E-02| 0.1745E-02|
-------------------------------------------------------------------------
| 0.8991E+02| 0.1571E-02| 0.1571E-02| 0.1571E-02| 0.1571E-02| 0.1571E-02|
-------------------------------------------------------------------------
| 0.8992E+02| 0.1397E-02| 0.1397E-02| 0.1397E-02| 0.1396E-02| 0.1396E-02|
-------------------------------------------------------------------------
| 0.8993E+02| 0.1222E-02| 0.1222E-02| 0.1222E-02| 0.1222E-02| 0.1222E-02|
-------------------------------------------------------------------------
| 0.8994E+02| 0.1047E-02| 0.1047E-02| 0.1047E-02| 0.1047E-02| 0.1047E-02|
-------------------------------------------------------------------------
| 0.8995E+02| 0.8729E-03| 0.8729E-03| 0.8729E-03| 0.8729E-03| 0.8728E-03|
-------------------------------------------------------------------------
| 0.8996E+02| 0.6983E-03| 0.6983E-03| 0.6983E-03| 0.6983E-03| 0.6983E-03|
-------------------------------------------------------------------------
| 0.8997E+02| 0.5237E-03| 0.5237E-03| 0.5237E-03| 0.5237E-03| 0.5237E-03|
-------------------------------------------------------------------------
| 0.8998E+02| 0.3491E-03| 0.3491E-03| 0.3491E-03| 0.3491E-03| 0.3491E-03|
-------------------------------------------------------------------------
| 0.8999E+02| 0.1747E-03| 0.1747E-03| 0.1747E-03| 0.1747E-03| 0.1747E-03|
-------------------------------------------------------------------------
| 0.9000E+02| 0.0000E+00| 0.0000E+00| 0.0000E+00| 0.0000E+00| 0.0000E+00|
-------------------------------------------------------------------------
| 0.9001E+02|-0.1745E-03|-0.1745E-03|-0.1745E-03|-0.1745E-03|-0.1745E-03|
-------------------------------------------------------------------------
| 0.9002E+02|-0.3490E-03|-0.3490E-03|-0.3490E-03|-0.3490E-03|-0.3490E-03|
-------------------------------------------------------------------------
| 0.9003E+02|-0.5236E-03|-0.5236E-03|-0.5236E-03|-0.5235E-03|-0.5235E-03|
-------------------------------------------------------------------------
| 0.9004E+02|-0.6982E-03|-0.6982E-03|-0.6981E-03|-0.6981E-03|-0.6981E-03|
-------------------------------------------------------------------------
| 0.9005E+02|-0.8728E-03|-0.8727E-03|-0.8727E-03|-0.8727E-03|-0.8727E-03|
-------------------------------------------------------------------------
| 0.9006E+02|-0.1047E-02|-0.1047E-02|-0.1047E-02|-0.1047E-02|-0.1047E-02|
-------------------------------------------------------------------------
| 0.9007E+02|-0.1222E-02|-0.1222E-02|-0.1222E-02|-0.1222E-02|-0.1222E-02|
-------------------------------------------------------------------------
| 0.9008E+02|-0.1396E-02|-0.1396E-02|-0.1396E-02|-0.1396E-02|-0.1396E-02|
-------------------------------------------------------------------------
| 0.9009E+02|-0.1571E-02|-0.1571E-02|-0.1571E-02|-0.1571E-02|-0.1571E-02|
-------------------------------------------------------------------------
| 0.9010E+02|-0.1745E-02|-0.1745E-02|-0.1745E-02|-0.1745E-02|-0.1745E-02|
-------------------------------------------------------------------------
| 0.9011E+02|-0.1920E-02|-0.1920E-02|-0.1920E-02|-0.1920E-02|-0.1920E-02|
-------------------------------------------------------------------------
| 0.9012E+02|-0.2095E-02|-0.2095E-02|-0.2095E-02|-0.2095E-02|-0.2094E-02|
-------------------------------------------------------------------------
| 0.9013E+02|-0.2269E-02|-0.2269E-02|-0.2269E-02|-0.2269E-02|-0.2269E-02|
-------------------------------------------------------------------------
| 0.9014E+02|-0.2444E-02|-0.2444E-02|-0.2444E-02|-0.2444E-02|-0.2444E-02|
-------------------------------------------------------------------------
| 0.9015E+02|-0.2618E-02|-0.2618E-02|-0.2618E-02|-0.2618E-02|-0.2618E-02|
-------------------------------------------------------------------------
| 0.9016E+02|-0.2793E-02|-0.2793E-02|-0.2793E-02|-0.2793E-02|-0.2793E-02|
-------------------------------------------------------------------------
| 0.9017E+02|-0.2967E-02|-0.2967E-02|-0.2967E-02|-0.2967E-02|-0.2967E-02|
-------------------------------------------------------------------------
| 0.9018E+02|-0.3142E-02|-0.3142E-02|-0.3142E-02|-0.3142E-02|-0.3142E-02|
-------------------------------------------------------------------------
| 0.9019E+02|-0.3317E-02|-0.3316E-02|-0.3316E-02|-0.3316E-02|-0.3316E-02|
-------------------------------------------------------------------------
| 0.9020E+02|-0.3491E-02|-0.3491E-02|-0.3491E-02|-0.3491E-02|-0.3491E-02|
-------------------------------------------------------------------------
| 0.9021E+02|-0.3666E-02|-0.3666E-02|-0.3665E-02|-0.3665E-02|-0.3665E-02|
-------------------------------------------------------------------------
| 0.9022E+02|-0.3840E-02|-0.3840E-02|-0.3840E-02|-0.3840E-02|-0.3840E-02|
-------------------------------------------------------------------------
| 0.9023E+02|-0.4015E-02|-0.4015E-02|-0.4015E-02|-0.4015E-02|-0.4014E-02|
-------------------------------------------------------------------------
| 0.9024E+02|-0.4189E-02|-0.4189E-02|-0.4189E-02|-0.4189E-02|-0.4189E-02|
-------------------------------------------------------------------------
| 0.9025E+02|-0.4364E-02|-0.4364E-02|-0.4364E-02|-0.4364E-02|-0.4363E-02|
-------------------------------------------------------------------------
| 0.9026E+02|-0.4538E-02|-0.4538E-02|-0.4538E-02|-0.4538E-02|-0.4538E-02|
-------------------------------------------------------------------------
| 0.9027E+02|-0.4713E-02|-0.4713E-02|-0.4713E-02|-0.4713E-02|-0.4712E-02|
-------------------------------------------------------------------------
| 0.9028E+02|-0.4888E-02|-0.4887E-02|-0.4887E-02|-0.4887E-02|-0.4887E-02|
-------------------------------------------------------------------------
| 0.9029E+02|-0.5062E-02|-0.5062E-02|-0.5062E-02|-0.5062E-02|-0.5062E-02|
-------------------------------------------------------------------------
| 0.9030E+02|-0.5237E-02|-0.5237E-02|-0.5236E-02|-0.5236E-02|-0.5236E-02|
-------------------------------------------------------------------------
| 0.9031E+02|-0.5411E-02|-0.5411E-02|-0.5411E-02|-0.5411E-02|-0.5411E-02|
-------------------------------------------------------------------------
| 0.9032E+02|-0.5586E-02|-0.5586E-02|-0.5585E-02|-0.5585E-02|-0.5585E-02|
-------------------------------------------------------------------------
| 0.9033E+02|-0.5760E-02|-0.5760E-02|-0.5760E-02|-0.5760E-02|-0.5760E-02|
-------------------------------------------------------------------------
| 0.9034E+02|-0.5935E-02|-0.5935E-02|-0.5935E-02|-0.5934E-02|-0.5934E-02|
-------------------------------------------------------------------------
| 0.9035E+02|-0.6109E-02|-0.6109E-02|-0.6109E-02|-0.6109E-02|-0.6109E-02|
-------------------------------------------------------------------------
| 0.9036E+02|-0.6284E-02|-0.6284E-02|-0.6284E-02|-0.6284E-02|-0.6283E-02|
-------------------------------------------------------------------------
| 0.9037E+02|-0.6459E-02|-0.6458E-02|-0.6458E-02|-0.6458E-02|-0.6458E-02|
-------------------------------------------------------------------------
| 0.9038E+02|-0.6633E-02|-0.6633E-02|-0.6633E-02|-0.6633E-02|-0.6632E-02|
-------------------------------------------------------------------------
| 0.9039E+02|-0.6808E-02|-0.6807E-02|-0.6807E-02|-0.6807E-02|-0.6807E-02|
-------------------------------------------------------------------------
| 0.9040E+02|-0.6982E-02|-0.6982E-02|-0.6982E-02|-0.6982E-02|-0.6982E-02|
-------------------------------------------------------------------------
| 0.9041E+02|-0.7157E-02|-0.7157E-02|-0.7156E-02|-0.7156E-02|-0.7156E-02|
-------------------------------------------------------------------------
| 0.9042E+02|-0.7331E-02|-0.7331E-02|-0.7331E-02|-0.7331E-02|-0.7331E-02|
-------------------------------------------------------------------------
| 0.9043E+02|-0.7506E-02|-0.7506E-02|-0.7506E-02|-0.7505E-02|-0.7505E-02|
-------------------------------------------------------------------------
| 0.9044E+02|-0.7681E-02|-0.7680E-02|-0.7680E-02|-0.7680E-02|-0.7680E-02|
-------------------------------------------------------------------------
| 0.9045E+02|-0.7855E-02|-0.7855E-02|-0.7855E-02|-0.7854E-02|-0.7854E-02|
-------------------------------------------------------------------------
| 0.9046E+02|-0.8030E-02|-0.8029E-02|-0.8029E-02|-0.8029E-02|-0.8029E-02|
-------------------------------------------------------------------------
| 0.9047E+02|-0.8204E-02|-0.8204E-02|-0.8204E-02|-0.8204E-02|-0.8203E-02|
-------------------------------------------------------------------------
| 0.9048E+02|-0.8379E-02|-0.8378E-02|-0.8378E-02|-0.8378E-02|-0.8378E-02|
-------------------------------------------------------------------------
| 0.9049E+02|-0.8553E-02|-0.8553E-02|-0.8553E-02|-0.8553E-02|-0.8552E-02|
-------------------------------------------------------------------------
| 0.9050E+02|-0.8728E-02|-0.8728E-02|-0.8727E-02|-0.8727E-02|-0.8727E-02|
-------------------------------------------------------------------------
| 0.9051E+02|-0.8902E-02|-0.8902E-02|-0.8902E-02|-0.8902E-02|-0.8902E-02|
-------------------------------------------------------------------------
| 0.9052E+02|-0.9077E-02|-0.9077E-02|-0.9076E-02|-0.9076E-02|-0.9076E-02|
-------------------------------------------------------------------------
| 0.9053E+02|-0.9251E-02|-0.9251E-02|-0.9251E-02|-0.9251E-02|-0.9251E-02|
-------------------------------------------------------------------------
| 0.9054E+02|-0.9426E-02|-0.9426E-02|-0.9425E-02|-0.9425E-02|-0.9425E-02|
-------------------------------------------------------------------------
| 0.9055E+02|-0.9601E-02|-0.9600E-02|-0.9600E-02|-0.9600E-02|-0.9600E-02|
-------------------------------------------------------------------------
| 0.9056E+02|-0.9775E-02|-0.9775E-02|-0.9775E-02|-0.9774E-02|-0.9774E-02|
-------------------------------------------------------------------------
| 0.9057E+02|-0.9950E-02|-0.9949E-02|-0.9949E-02|-0.9949E-02|-0.9949E-02|
-------------------------------------------------------------------------
| 0.9058E+02|-0.1012E-01|-0.1012E-01|-0.1012E-01|-0.1012E-01|-0.1012E-01|
-------------------------------------------------------------------------
| 0.9059E+02|-0.1030E-01|-0.1030E-01|-0.1030E-01|-0.1030E-01|-0.1030E-01|
-------------------------------------------------------------------------
| 0.9060E+02|-0.1047E-01|-0.1047E-01|-0.1047E-01|-0.1047E-01|-0.1047E-01|
-------------------------------------------------------------------------
| 0.9061E+02|-0.1065E-01|-0.1065E-01|-0.1065E-01|-0.1065E-01|-0.1065E-01|
-------------------------------------------------------------------------
| 0.9062E+02|-0.1082E-01|-0.1082E-01|-0.1082E-01|-0.1082E-01|-0.1082E-01|
-------------------------------------------------------------------------
| 0.9063E+02|-0.1100E-01|-0.1100E-01|-0.1100E-01|-0.1100E-01|-0.1100E-01|
-------------------------------------------------------------------------
| 0.9064E+02|-0.1117E-01|-0.1117E-01|-0.1117E-01|-0.1117E-01|-0.1117E-01|
-------------------------------------------------------------------------
| 0.9065E+02|-0.1135E-01|-0.1135E-01|-0.1135E-01|-0.1135E-01|-0.1134E-01|
-------------------------------------------------------------------------
| 0.9066E+02|-0.1152E-01|-0.1152E-01|-0.1152E-01|-0.1152E-01|-0.1152E-01|
-------------------------------------------------------------------------
| 0.9067E+02|-0.1170E-01|-0.1169E-01|-0.1169E-01|-0.1169E-01|-0.1169E-01|
-------------------------------------------------------------------------
| 0.9068E+02|-0.1187E-01|-0.1187E-01|-0.1187E-01|-0.1187E-01|-0.1187E-01|
-------------------------------------------------------------------------
| 0.9069E+02|-0.1204E-01|-0.1204E-01|-0.1204E-01|-0.1204E-01|-0.1204E-01|
-------------------------------------------------------------------------
| 0.9070E+02|-0.1222E-01|-0.1222E-01|-0.1222E-01|-0.1222E-01|-0.1222E-01|
-------------------------------------------------------------------------
| 0.9071E+02|-0.1239E-01|-0.1239E-01|-0.1239E-01|-0.1239E-01|-0.1239E-01|
-------------------------------------------------------------------------
| 0.9072E+02|-0.1257E-01|-0.1257E-01|-0.1257E-01|-0.1257E-01|-0.1257E-01|
-------------------------------------------------------------------------
| 0.9073E+02|-0.1274E-01|-0.1274E-01|-0.1274E-01|-0.1274E-01|-0.1274E-01|
-------------------------------------------------------------------------
| 0.9074E+02|-0.1292E-01|-0.1292E-01|-0.1292E-01|-0.1292E-01|-0.1292E-01|
-------------------------------------------------------------------------
| 0.9075E+02|-0.1309E-01|-0.1309E-01|-0.1309E-01|-0.1309E-01|-0.1309E-01|
-------------------------------------------------------------------------
| 0.9076E+02|-0.1327E-01|-0.1327E-01|-0.1327E-01|-0.1327E-01|-0.1326E-01|
-------------------------------------------------------------------------
| 0.9077E+02|-0.1344E-01|-0.1344E-01|-0.1344E-01|-0.1344E-01|-0.1344E-01|
-------------------------------------------------------------------------
| 0.9078E+02|-0.1362E-01|-0.1361E-01|-0.1361E-01|-0.1361E-01|-0.1361E-01|
-------------------------------------------------------------------------
| 0.9079E+02|-0.1379E-01|-0.1379E-01|-0.1379E-01|-0.1379E-01|-0.1379E-01|
-------------------------------------------------------------------------
| 0.9080E+02|-0.1396E-01|-0.1396E-01|-0.1396E-01|-0.1396E-01|-0.1396E-01|
-------------------------------------------------------------------------
| 0.9081E+02|-0.1414E-01|-0.1414E-01|-0.1414E-01|-0.1414E-01|-0.1414E-01|
-------------------------------------------------------------------------
| 0.9082E+02|-0.1431E-01|-0.1431E-01|-0.1431E-01|-0.1431E-01|-0.1431E-01|
-------------------------------------------------------------------------
| 0.9083E+02|-0.1449E-01|-0.1449E-01|-0.1449E-01|-0.1449E-01|-0.1449E-01|
-------------------------------------------------------------------------
| 0.9084E+02|-0.1466E-01|-0.1466E-01|-0.1466E-01|-0.1466E-01|-0.1466E-01|
-------------------------------------------------------------------------
| 0.9085E+02|-0.1484E-01|-0.1484E-01|-0.1484E-01|-0.1484E-01|-0.1484E-01|
-------------------------------------------------------------------------
| 0.9086E+02|-0.1501E-01|-0.1501E-01|-0.1501E-01|-0.1501E-01|-0.1501E-01|
-------------------------------------------------------------------------
| 0.9087E+02|-0.1519E-01|-0.1519E-01|-0.1519E-01|-0.1518E-01|-0.1518E-01|
-------------------------------------------------------------------------
| 0.9088E+02|-0.1536E-01|-0.1536E-01|-0.1536E-01|-0.1536E-01|-0.1536E-01|
-------------------------------------------------------------------------
| 0.9089E+02|-0.1554E-01|-0.1553E-01|-0.1553E-01|-0.1553E-01|-0.1553E-01|
-------------------------------------------------------------------------
| 0.9090E+02|-0.1571E-01|-0.1571E-01|-0.1571E-01|-0.1571E-01|-0.1571E-01|
-------------------------------------------------------------------------
| 0.9091E+02|-0.1588E-01|-0.1588E-01|-0.1588E-01|-0.1588E-01|-0.1588E-01|
-------------------------------------------------------------------------
| 0.9092E+02|-0.1606E-01|-0.1606E-01|-0.1606E-01|-0.1606E-01|-0.1606E-01|
-------------------------------------------------------------------------
| 0.9093E+02|-0.1623E-01|-0.1623E-01|-0.1623E-01|-0.1623E-01|-0.1623E-01|
-------------------------------------------------------------------------
| 0.9094E+02|-0.1641E-01|-0.1641E-01|-0.1641E-01|-0.1641E-01|-0.1641E-01|
-------------------------------------------------------------------------
| 0.9095E+02|-0.1658E-01|-0.1658E-01|-0.1658E-01|-0.1658E-01|-0.1658E-01|
-------------------------------------------------------------------------
| 0.9096E+02|-0.1676E-01|-0.1676E-01|-0.1676E-01|-0.1676E-01|-0.1676E-01|
-------------------------------------------------------------------------
| 0.9097E+02|-0.1693E-01|-0.1693E-01|-0.1693E-01|-0.1693E-01|-0.1693E-01|
-------------------------------------------------------------------------
| 0.9098E+02|-0.1711E-01|-0.1711E-01|-0.1711E-01|-0.1710E-01|-0.1710E-01|
-------------------------------------------------------------------------
| 0.9099E+02|-0.1728E-01|-0.1728E-01|-0.1728E-01|-0.1728E-01|-0.1728E-01|
-------------------------------------------------------------------------
| 0.9100E+02|-0.1745E-01|-0.1745E-01|-0.1745E-01|-0.1745E-01|-0.1745E-01|
-------------------------------------------------------------------------
|    Y\X    | 0.8950E+02| 0.8960E+02| 0.8970E+02| 0.8980E+02| 0.8990E+02|
-------------------------------------------------------------------------
| 0.8900E+02| 0.1745E-01| 0.1745E-01| 0.1745E-01| 0.1745E-01| 0.1745E-01|
-------------------------------------------------------------------------
| 0.8901E+02| 0.1728E-01| 0.1728E-01| 0.1728E-01| 0.1728E-01| 0.1728E-01|
-------------------------------------------------------------------------
| 0.8902E+02| 0.1710E-01| 0.1710E-01| 0.1710E-01| 0.1710E-01| 0.1710E-01|
-------------------------------------------------------------------------
| 0.8903E+02| 0.1693E-01| 0.1693E-01| 0.1693E-01| 0.1693E-01| 0.1693E-01|
-------------------------------------------------------------------------
| 0.8904E+02| 0.1676E-01| 0.1675E-01| 0.1675E-01| 0.1675E-01| 0.1675E-01|
-------------------------------------------------------------------------
| 0.8905E+02| 0.1658E-01| 0.1658E-01| 0.1658E-01| 0.1658E-01| 0.1658E-01|
-------------------------------------------------------------------------
| 0.8906E+02| 0.1641E-01| 0.1641E-01| 0.1641E-01| 0.1641E-01| 0.1641E-01|
-------------------------------------------------------------------------
| 0.8907E+02| 0.1623E-01| 0.1623E-01| 0.1623E-01| 0.1623E-01| 0.1623E-01|
-------------------------------------------------------------------------
| 0.8908E+02| 0.1606E-01| 0.1606E-01| 0.1606E-01| 0.1606E-01| 0.1606E-01|
-------------------------------------------------------------------------
| 0.8909E+02| 0.1588E-01| 0.1588E-01| 0.1588E-01| 0.1588E-01| 0.1588E-01|
-------------------------------------------------------------------------
| 0.8910E+02| 0.1571E-01| 0.1571E-01| 0.1571E-01| 0.1571E-01| 0.1571E-01|
-------------------------------------------------------------------------
| 0.8911E+02| 0.1553E-01| 0.1553E-01| 0.1553E-01| 0.1553E-01| 0.1553E-01|
-------------------------------------------------------------------------
| 0.8912E+02| 0.1536E-01| 0.1536E-01| 0.1536E-01| 0.1536E-01| 0.1536E-01|
-------------------------------------------------------------------------
| 0.8913E+02| 0.1518E-01| 0.1518E-01| 0.1518E-01| 0.1518E-01| 0.1518E-01|
-------------------------------------------------------------------------
| 0.8914E+02| 0.1501E-01| 0.1501E-01| 0.1501E-01| 0.1501E-01| 0.1501E-01|
-------------------------------------------------------------------------
| 0.8915E+02| 0.1484E-01| 0.1484E-01| 0.1484E-01| 0.1483E-01| 0.1483E-01|
-------------------------------------------------------------------------
| 0.8916E+02| 0.1466E-01| 0.1466E-01| 0.1466E-01| 0.1466E-01| 0.1466E-01|
-------------------------------------------------------------------------
| 0.8917E+02| 0.1449E-01| 0.1449E-01| 0.1449E-01| 0.1449E-01| 0.1449E-01|
-------------------------------------------------------------------------
| 0.8918E+02| 0.1431E-01| 0.1431E-01| 0.1431E-01| 0.1431E-01| 0.1431E-01|
-------------------------------------------------------------------------
| 0.8919E+02| 0.1414E-01| 0.1414E-01| 0.1414E-01| 0.1414E-01| 0.1414E-01|
-------------------------------------------------------------------------
| 0.8920E+02| 0.1396E-01| 0.1396E-01| 0.1396E-01| 0.1396E-01| 0.1396E-01|
-------------------------------------------------------------------------
| 0.8921E+02| 0.1379E-01| 0.1379E-01| 0.1379E-01| 0.1379E-01| 0.1379E-01|
-------------------------------------------------------------------------
| 0.8922E+02| 0.1361E-01| 0.1361E-01| 0.1361E-01| 0.1361E-01| 0.1361E-01|
-------------------------------------------------------------------------
| 0.8923E+02| 0.1344E-01| 0.1344E-01| 0.1344E-01| 0.1344E-01| 0.1344E-01|
-------------------------------------------------------------------------
| 0.8924E+02| 0.1326E-01| 0.1326E-01| 0.1326E-01| 0.1326E-01| 0.1326E-01|
-------------------------------------------------------------------------
| 0.8925E+02| 0.1309E-01| 0.1309E-01| 0.1309E-01| 0.1309E-01| 0.1309E-01|
-------------------------------------------------------------------------
| 0.8926E+02| 0.1292E-01| 0.1292E-01| 0.1292E-01| 0.1292E-01| 0.1292E-01|
-------------------------------------------------------------------------
| 0.8927E+02| 0.1274E-01| 0.1274E-01| 0.1274E-01| 0.1274E-01| 0.1274E-01|
-------------------------------------------------------------------------
| 0.8928E+02| 0.1257E-01| 0.1257E-01| 0.1257E-01| 0.1257E-01| 0.1257E-01|
-------------------------------------------------------------------------
| 0.8929E+02| 0.1239E-01| 0.1239E-01| 0.1239E-01| 0.1239E-01| 0.1239E-01|
-------------------------------------------------------------------------
| 0.8930E+02| 0.1222E-01| 0.1222E-01| 0.1222E-01| 0.1222E-01| 0.1222E-01|
-------------------------------------------------------------------------
| 0.8931E+02| 0.1204E-01| 0.1204E-01| 0.1204E-01| 0.1204E-01| 0.1204E-01|
-------------------------------------------------------------------------
| 0.8932E+02| 0.1187E-01| 0.1187E-01| 0.1187E-01| 0.1187E-01| 0.1187E-01|
-------------------------------------------------------------------------
| 0.8933E+02| 0.1169E-01| 0.1169E-01| 0.1169E-01| 0.1169E-01| 0.1169E-01|
-------------------------------------------------------------------------
| 0.8934E+02| 0.1152E-01| 0.1152E-01| 0.1152E-01| 0.1152E-01| 0.1152E-01|
-------------------------------------------------------------------------
| 0.8935E+02| 0.1134E-01| 0.1134E-01| 0.1134E-01| 0.1134E-01| 0.1134E-01|
-------------------------------------------------------------------------
| 0.8936E+02| 0.1117E-01| 0.1117E-01| 0.1117E-01| 0.1117E-01| 0.1117E-01|
-------------------------------------------------------------------------
| 0.8937E+02| 0.1100E-01| 0.1100E-01| 0.1100E-01| 0.1100E-01| 0.1100E-01|
-------------------------------------------------------------------------
| 0.8938E+02| 0.1082E-01| 0.1082E-01| 0.1082E-01| 0.1082E-01| 0.1082E-01|
-------------------------------------------------------------------------
| 0.8939E+02| 0.1065E-01| 0.1065E-01| 0.1065E-01| 0.1065E-01| 0.1065E-01|
-------------------------------------------------------------------------
| 0.8940E+02| 0.1047E-01| 0.1047E-01| 0.1047E-01| 0.1047E-01| 0.1047E-01|
-------------------------------------------------------------------------
| 0.8941E+02| 0.1030E-01| 0.1030E-01| 0.1030E-01| 0.1030E-01| 0.1030E-01|
-------------------------------------------------------------------------
| 0.8942E+02| 0.1012E-01| 0.1012E-01| 0.1012E-01| 0.1012E-01| 0.1012E-01|
-------------------------------------------------------------------------
| 0.8943E+02| 0.9949E-02| 0.9949E-02| 0.9948E-02| 0.9948E-02| 0.9948E-02|
-------------------------------------------------------------------------
| 0.8944E+02| 0.9774E-02| 0.9774E-02| 0.9774E-02| 0.9774E-02| 0.9774E-02|
-------------------------------------------------------------------------
| 0.8945E+02| 0.9600E-02| 0.9600E-02| 0.9599E-02| 0.9599E-02| 0.9599E-02|
-------------------------------------------------------------------------
| 0.8946E+02| 0.9425E-02| 0.9425E-02| 0.9425E-02| 0.9425E-02| 0.9425E-02|
-------------------------------------------------------------------------
| 0.8947E+02| 0.9251E-02| 0.9250E-02| 0.9250E-02| 0.9250E-02| 0.9250E-02|
-------------------------------------------------------------------------
| 0.8948E+02| 0.9076E-02| 0.9076E-02| 0.9076E-02| 0.9076E-02| 0.9076E-02|
-------------------------------------------------------------------------
| 0.8949E+02| 0.8902E-02| 0.8901E-02| 0.8901E-02| 0.8901E-02| 0.8901E-02|
-------------------------------------------------------------------------
| 0.8950E+02| 0.8727E-02| 0.8727E-02| 0.8727E-02| 0.8727E-02| 0.8727E-02|
-------------------------------------------------------------------------
| 0.8951E+02| 0.8552E-02| 0.8552E-02| 0.8552E-02| 0.8552E-02| 0.8552E-02|
-------------------------------------------------------------------------
| 0.8952E+02| 0.8378E-02| 0.8378E-02| 0.8378E-02| 0.8378E-02| 0.8378E-02|
-------------------------------------------------------------------------
| 0.8953E+02| 0.8203E-02| 0.8203E-02| 0.8203E-02| 0.8203E-02| 0.8203E-02|
-------------------------------------------------------------------------
| 0.8954E+02| 0.8029E-02| 0.8029E-02| 0.8029E-02| 0.8029E-02| 0.8028E-02|
-------------------------------------------------------------------------
| 0.8955E+02| 0.7854E-02| 0.7854E-02| 0.7854E-02| 0.7854E-02| 0.7854E-02|
-------------------------------------------------------------------------
| 0.8956E+02| 0.7680E-02| 0.7680E-02| 0.7680E-02| 0.7680E-02| 0.7680E-02|
-------------------------------------------------------------------------
| 0.8957E+02| 0.7505E-02| 0.7505E-02| 0.7505E-02| 0.7505E-02| 0.7505E-02|
-------------------------------------------------------------------------
| 0.8958E+02| 0.7331E-02| 0.7331E-02| 0.7330E-02| 0.7330E-02| 0.7330E-02|
-------------------------------------------------------------------------
| 0.8959E+02| 0.7156E-02| 0.7156E-02| 0.7156E-02| 0.7156E-02| 0.7156E-02|
-------------------------------------------------------------------------
| 0.8960E+02| 0.6982E-02| 0.6982E-02| 0.6981E-02| 0.6981E-02| 0.6981E-02|
-------------------------------------------------------------------------
| 0.8961E+02| 0.6807E-02| 0.6807E-02| 0.6807E-02| 0.6807E-02| 0.6807E-02|
-------------------------------------------------------------------------
| 0.8962E+02| 0.6632E-02| 0.6632E-02| 0.6632E-02| 0.6632E-02| 0.6632E-02|
-------------------------------------------------------------------------
| 0.8963E+02| 0.6458E-02| 0.6458E-02| 0.6458E-02| 0.6458E-02| 0.6458E-02|
-------------------------------------------------------------------------
| 0.8964E+02| 0.6283E-02| 0.6283E-02| 0.6283E-02| 0.6283E-02| 0.6283E-02|
-------------------------------------------------------------------------
| 0.8965E+02| 0.6109E-02| 0.6109E-02| 0.6109E-02| 0.6109E-02| 0.6109E-02|
-------------------------------------------------------------------------
| 0.8966E+02| 0.5934E-02| 0.5934E-02| 0.5934E-02| 0.5934E-02| 0.5934E-02|
-------------------------------------------------------------------------
| 0.8967E+02| 0.5760E-02| 0.5760E-02| 0.5760E-02| 0.5760E-02| 0.5760E-02|
-------------------------------------------------------------------------
| 0.8968E+02| 0.5585E-02| 0.5585E-02| 0.5585E-02| 0.5585E-02| 0.5585E-02|
-------------------------------------------------------------------------
| 0.8969E+02| 0.5411E-02| 0.5411E-02| 0.5411E-02| 0.5411E-02| 0.5411E-02|
-------------------------------------------------------------------------
| 0.8970E+02| 0.5236E-02| 0.5236E-02| 0.5236E-02| 0.5236E-02| 0.5236E-02|
-------------------------------------------------------------------------
| 0.8971E+02| 0.5062E-02| 0.5062E-02| 0.5062E-02| 0.5062E-02| 0.5062E-02|
-------------------------------------------------------------------------
| 0.8972E+02| 0.4887E-02| 0.4887E-02| 0.4887E-02| 0.4887E-02| 0.4887E-02|
-------------------------------------------------------------------------
| 0.8973E+02| 0.4713E-02| 0.4713E-02| 0.4712E-02| 0.4712E-02| 0.4712E-02|
-------------------------------------------------------------------------
| 0.8974E+02| 0.4538E-02| 0.4538E-02| 0.4538E-02| 0.4538E-02| 0.4538E-02|
-------------------------------------------------------------------------
| 0.8975E+02| 0.4364E-02| 0.4363E-02| 0.4363E-02| 0.4363E-02| 0.4363E-02|
-------------------------------------------------------------------------
| 0.8976E+02| 0.4189E-02| 0.4189E-02| 0.4189E-02| 0.4189E-02| 0.4189E-02|
-------------------------------------------------------------------------
| 0.8977E+02| 0.4015E-02| 0.4014E-02| 0.4014E-02| 0.4014E-02| 0.4014E-02|
-------------------------------------------------------------------------
| 0.8978E+02| 0.3840E-02| 0.3840E-02| 0.3840E-02| 0.3840E-02| 0.3840E-02|
-------------------------------------------------------------------------
| 0.8979E+02| 0.3665E-02| 0.3665E-02| 0.3665E-02| 0.3665E-02| 0.3665E-02|
-------------------------------------------------------------------------
| 0.8980E+02| 0.3491E-02| 0.3491E-02| 0.3491E-02| 0.3491E-02| 0.3491E-02|
-------------------------------------------------------------------------
| 0.8981E+02| 0.3316E-02| 0.3316E-02| 0.3316E-02| 0.3316E-02| 0.3316E-02|
-------------------------------------------------------------------------
| 0.8982E+02| 0.3142E-02| 0.3142E-02| 0.3142E-02| 0.3142E-02| 0.3142E-02|
-------------------------------------------------------------------------
| 0.8983E+02| 0.2967E-02| 0.2967E-02| 0.2967E-02| 0.2967E-02| 0.2967E-02|
-------------------------------------------------------------------------
| 0.8984E+02| 0.2793E-02| 0.2793E-02| 0.2793E-02| 0.2793E-02| 0.2793E-02|
-------------------------------------------------------------------------
| 0.8985E+02| 0.2618E-02| 0.2618E-02| 0.2618E-02| 0.2618E-02| 0.2618E-02|
-------------------------------------------------------------------------
| 0.8986E+02| 0.2444E-02| 0.2444E-02| 0.2444E-02| 0.2444E-02| 0.2444E-02|
-------------------------------------------------------------------------
| 0.8987E+02| 0.2269E-02| 0.2269E-02| 0.2269E-02| 0.2269E-02| 0.2269E-02|
-------------------------------------------------------------------------
| 0.8988E+02| 0.2095E-02| 0.2095E-02| 0.2095E-02| 0.2095E-02| 0.2095E-02|
-------------------------------------------------------------------------
| 0.8989E+02| 0.1920E-02| 0.1920E-02| 0.1920E-02| 0.1920E-02| 0.1920E-02|
-------------------------------------------------------------------------
| 0.8990E+02| 0.1745E-02| 0.1745E-02| 0.1745E-02| 0.1745E-02| 0.1745E-02|
-------------------------------------------------------------------------
| 0.8991E+02| 0.1571E-02| 0.1571E-02| 0.1571E-02| 0.1571E-02| 0.1571E-02|
-------------------------------------------------------------------------
| 0.8992E+02| 0.1396E-02| 0.1396E-02| 0.1396E-02| 0.1396E-02| 0.1396E-02|
-------------------------------------------------------------------------
| 0.8993E+02| 0.1222E-02| 0.1222E-02| 0.1222E-02| 0.1222E-02| 0.1222E-02|
-------------------------------------------------------------------------
| 0.8994E+02| 0.1047E-02| 0.1047E-02| 0.1047E-02| 0.1047E-02| 0.1047E-02|
-------------------------------------------------------------------------
| 0.8995E+02| 0.8728E-03| 0.8728E-03| 0.8728E-03| 0.8728E-03| 0.8728E-03|
-------------------------------------------------------------------------
| 0.8996E+02| 0.6982E-03| 0.6982E-03| 0.6982E-03| 0.6982E-03| 0.6982E-03|
-------------------------------------------------------------------------
| 0.8997E+02| 0.5237E-03| 0.5237E-03| 0.5237E-03| 0.5237E-03| 0.5237E-03|
-------------------------------------------------------------------------
| 0.8998E+02| 0.3491E-03| 0.3491E-03| 0.3491E-03| 0.3491E-03| 0.3491E-03|
-------------------------------------------------------------------------
| 0.8999E+02| 0.1747E-03| 0.1746E-03| 0.1746E-03| 0.1746E-03| 0.1746E-03|
-------------------------------------------------------------------------
| 0.9000E+02| 0.0000E+00| 0.0000E+00| 0.0000E+00| 0.0000E+00| 0.0000E+00|
-------------------------------------------------------------------------
| 0.9001E+02|-0.1745E-03|-0.1745E-03|-0.1745E-03|-0.1745E-03|-0.1745E-03|
-------------------------------------------------------------------------
| 0.9002E+02|-0.3489E-03|-0.3489E-03|-0.3489E-03|-0.3489E-03|-0.3489E-03|
-------------------------------------------------------------------------
| 0.9003E+02|-0.5235E-03|-0.5235E-03|-0.5235E-03|-0.5235E-03|-0.5235E-03|
-------------------------------------------------------------------------
| 0.9004E+02|-0.6981E-03|-0.6981E-03|-0.6981E-03|-0.6981E-03|-0.6981E-03|
-------------------------------------------------------------------------
| 0.9005E+02|-0.8727E-03|-0.8727E-03|-0.8727E-03|-0.8726E-03|-0.8726E-03|
-------------------------------------------------------------------------
| 0.9006E+02|-0.1047E-02|-0.1047E-02|-0.1047E-02|-0.1047E-02|-0.1047E-02|
-------------------------------------------------------------------------
| 0.9007E+02|-0.1222E-02|-0.1222E-02|-0.1222E-02|-0.1222E-02|-0.1222E-02|
-------------------------------------------------------------------------
| 0.9008E+02|-0.1396E-02|-0.1396E-02|-0.1396E-02|-0.1396E-02|-0.1396E-02|
-------------------------------------------------------------------------
| 0.9009E+02|-0.1571E-02|-0.1571E-02|-0.1571E-02|-0.1571E-02|-0.1571E-02|
-------------------------------------------------------------------------
| 0.9010E+02|-0.1745E-02|-0.1745E-02|-0.1745E-02|-0.1745E-02|-0.1745E-02|
-------------------------------------------------------------------------
| 0.9011E+02|-0.1920E-02|-0.1920E-02|-0.1920E-02|-0.1920E-02|-0.1920E-02|
-------------------------------------------------------------------------
| 0.9012E+02|-0.2094E-02|-0.2094E-02|-0.2094E-02|-0.2094E-02|-0.2094E-02|
-------------------------------------------------------------------------
| 0.9013E+02|-0.2269E-02|-0.2269E-02|-0.2269E-02|-0.2269E-02|-0.2269E-02|
-------------------------------------------------------------------------
| 0.9014E+02|-0.2443E-02|-0.2443E-02|-0.2443E-02|-0.2443E-02|-0.2443E-02|
-------------------------------------------------------------------------
| 0.9015E+02|-0.2618E-02|-0.2618E-02|-0.2618E-02|-0.2618E-02|-0.2618E-02|
-------------------------------------------------------------------------
| 0.9016E+02|-0.2793E-02|-0.2793E-02|-0.2793E-02|-0.2793E-02|-0.2793E-02|
-------------------------------------------------------------------------
| 0.9017E+02|-0.2967E-02|-0.2967E-02|-0.2967E-02|-0.2967E-02|-0.2967E-02|
-------------------------------------------------------------------------
| 0.9018E+02|-0.3142E-02|-0.3142E-02|-0.3142E-02|-0.3142E-02|-0.3142E-02|
-------------------------------------------------------------------------
| 0.9019E+02|-0.3316E-02|-0.3316E-02|-0.3316E-02|-0.3316E-02|-0.3316E-02|
-------------------------------------------------------------------------
| 0.9020E+02|-0.3491E-02|-0.3491E-02|-0.3491E-02|-0.3491E-02|-0.3491E-02|
-------------------------------------------------------------------------
| 0.9021E+02|-0.3665E-02|-0.3665E-02|-0.3665E-02|-0.3665E-02|-0.3665E-02|
-------------------------------------------------------------------------
| 0.9022E+02|-0.3840E-02|-0.3840E-02|-0.3840E-02|-0.3840E-02|-0.3840E-02|
-------------------------------------------------------------------------
| 0.9023E+02|-0.4014E-02|-0.4014E-02|-0.4014E-02|-0.4014E-02|-0.4014E-02|
-------------------------------------------------------------------------
| 0.9024E+02|-0.4189E-02|-0.4189E-02|-0.4189E-02|-0.4189E-02|-0.4189E-02|
-------------------------------------------------------------------------
| 0.9025E+02|-0.4363E-02|-0.4363E-02|-0.4363E-02|-0.4363E-02|-0.4363E-02|
-------------------------------------------------------------------------
| 0.9026E+02|-0.4538E-02|-0.4538E-02|-0.4538E-02|-0.4538E-02|-0.4538E-02|
-------------------------------------------------------------------------
| 0.9027E+02|-0.4712E-02|-0.4712E-02|-0.4712E-02|-0.4712E-02|-0.4712E-02|
-------------------------------------------------------------------------
| 0.9028E+02|-0.4887E-02|-0.4887E-02|-0.4887E-02|-0.4887E-02|-0.4887E-02|
-------------------------------------------------------------------------
| 0.9029E+02|-0.5062E-02|-0.5061E-02|-0.5061E-02|-0.5061E-02|-0.5061E-02|
-------------------------------------------------------------------------
| 0.9030E+02|-0.5236E-02|-0.5236E-02|-0.5236E-02|-0.5236E-02|-0.5236E-02|
-------------------------------------------------------------------------
| 0.9031E+02|-0.5411E-02|-0.5411E-02|-0.5410E-02|-0.5410E-02|-0.5410E-02|
-------------------------------------------------------------------------
| 0.9032E+02|-0.5585E-02|-0.5585E-02|-0.5585E-02|-0.5585E-02|-0.5585E-02|
-------------------------------------------------------------------------
| 0.9033E+02|-0.5760E-02|-0.5760E-02|-0.5760E-02|-0.5760E-02|-0.5760E-02|
-------------------------------------------------------------------------
| 0.9034E+02|-0.5934E-02|-0.5934E-02|-0.5934E-02|-0.5934E-02|-0.5934E-02|
-------------------------------------------------------------------------
| 0.9035E+02|-0.6109E-02|-0.6109E-02|-0.6109E-02|-0.6109E-02|-0.6109E-02|
-------------------------------------------------------------------------
| 0.9036E+02|-0.6283E-02|-0.6283E-02|-0.6283E-02|-0.6283E-02|-0.6283E-02|
-------------------------------------------------------------------------
| 0.9037E+02|-0.6458E-02|-0.6458E-02|-0.6458E-02|-0.6458E-02|-0.6458E-02|
-------------------------------------------------------------------------
| 0.9038E+02|-0.6632E-02|-0.6632E-02|-0.6632E-02|-0.6632E-02|-0.6632E-02|
-------------------------------------------------------------------------
| 0.9039E+02|-0.6807E-02|-0.6807E-02|-0.6807E-02|-0.6807E-02|-0.6807E-02|
-------------------------------------------------------------------------
| 0.9040E+02|-0.6981E-02|-0.6981E-02|-0.6981E-02|-0.6981E-02|-0.6981E-02|
-------------------------------------------------------------------------
| 0.9041E+02|-0.7156E-02|-0.7156E-02|-0.7156E-02|-0.7156E-02|-0.7156E-02|
-------------------------------------------------------------------------
| 0.9042E+02|-0.7330E-02|-0.7330E-02|-0.7330E-02|-0.7330E-02|-0.7330E-02|
-------------------------------------------------------------------------
| 0.9043E+02|-0.7505E-02|-0.7505E-02|-0.7505E-02|-0.7505E-02|-0.7505E-02|
-------------------------------------------------------------------------
| 0.9044E+02|-0.7680E-02|-0.7680E-02|-0.7679E-02|-0.7679E-02|-0.7679E-02|
-------------------------------------------------------------------------
| 0.9045E+02|-0.7854E-02|-0.7854E-02|-0.7854E-02|-0.7854E-02|-0.7854E-02|
-------------------------------------------------------------------------
| 0.9046E+02|-0.8029E-02|-0.8029E-02|-0.8028E-02|-0.8028E-02|-0.8028E-02|
-------------------------------------------------------------------------
| 0.9047E+02|-0.8203E-02|-0.8203E-02|-0.8203E-02|-0.8203E-02|-0.8203E-02|
-------------------------------------------------------------------------
| 0.9048E+02|-0.8378E-02|-0.8378E-02|-0.8378E-02|-0.8378E-02|-0.8377E-02|
-------------------------------------------------------------------------
| 0.9049E+02|-0.8552E-02|-0.8552E-02|-0.8552E-02|-0.8552E-02|-0.8552E-02|
-------------------------------------------------------------------------
| 0.9050E+02|-0.8727E-02|-0.8727E-02|-0.8727E-02|-0.8727E-02|-0.8726E-02|
-------------------------------------------------------------------------
| 0.9051E+02|-0.8901E-02|-0.8901E-02|-0.8901E-02|-0.8901E-02|-0.8901E-02|
-------------------------------------------------------------------------
| 0.9052E+02|-0.9076E-02|-0.9076E-02|-0.9076E-02|-0.9076E-02|-0.9075E-02|
-------------------------------------------------------------------------
| 0.9053E+02|-0.9250E-02|-0.9250E-02|-0.9250E-02|-0.9250E-02|-0.9250E-02|
-------------------------------------------------------------------------
| 0.9054E+02|-0.9425E-02|-0.9425E-02|-0.9425E-02|-0.9425E-02|-0.9425E-02|
-------------------------------------------------------------------------
| 0.9055E+02|-0.9600E-02|-0.9599E-02|-0.9599E-02|-0.9599E-02|-0.9599E-02|
-------------------------------------------------------------------------
| 0.9056E+02|-0.9774E-02|-0.9774E-02|-0.9774E-02|-0.9774E-02|-0.9774E-02|
-------------------------------------------------------------------------
| 0.9057E+02|-0.9949E-02|-0.9948E-02|-0.9948E-02|-0.9948E-02|-0.9948E-02|
-------------------------------------------------------------------------
| 0.9058E+02|-0.1012E-01|-0.1012E-01|-0.1012E-01|-0.1012E-01|-0.1012E-01|
-------------------------------------------------------------------------
| 0.9059E+02|-0.1030E-01|-0.1030E-01|-0.1030E-01|-0.1030E-01|-0.1030E-01|
-------------------------------------------------------------------------
| 0.9060E+02|-0.1047E-01|-0.1047E-01|-0.1047E-01|-0.1047E-01|-0.1047E-01|
-------------------------------------------------------------------------
| 0.9061E+02|-0.1065E-01|-0.1065E-01|-0.1065E-01|-0.1065E-01|-0.1065E-01|
-------------------------------------------------------------------------
| 0.9062E+02|-0.1082E-01|-0.1082E-01|-0.1082E-01|-0.1082E-01|-0.1082E-01|
-------------------------------------------------------------------------
| 0.9063E+02|-0.1100E-01|-0.1100E-01|-0.1100E-01|-0.1100E-01|-0.1100E-01|
-------------------------------------------------------------------------
| 0.9064E+02|-0.1117E-01|-0.1117E-01|-0.1117E-01|-0.1117E-01|-0.1117E-01|
-------------------------------------------------------------------------
| 0.9065E+02|-0.1134E-01|-0.1134E-01|-0.1134E-01|-0.1134E-01|-0.1134E-01|
-------------------------------------------------------------------------
| 0.9066E+02|-0.1152E-01|-0.1152E-01|-0.1152E-01|-0.1152E-01|-0.1152E-01|
-------------------------------------------------------------------------
| 0.9067E+02|-0.1169E-01|-0.1169E-01|-0.1169E-01|-0.1169E-01|-0.1169E-01|
-------------------------------------------------------------------------
| 0.9068E+02|-0.1187E-01|-0.1187E-01|-0.1187E-01|-0.1187E-01|-0.1187E-01|
-------------------------------------------------------------------------
| 0.9069E+02|-0.1204E-01|-0.1204E-01|-0.1204E-01|-0.1204E-01|-0.1204E-01|
-------------------------------------------------------------------------
| 0.9070E+02|-0.1222E-01|-0.1222E-01|-0.1222E-01|-0.1222E-01|-0.1222E-01|
-------------------------------------------------------------------------
| 0.9071E+02|-0.1239E-01|-0.1239E-01|-0.1239E-01|-0.1239E-01|-0.1239E-01|
-------------------------------------------------------------------------
| 0.9072E+02|-0.1257E-01|-0.1257E-01|-0.1257E-01|-0.1257E-01|-0.1257E-01|
-------------------------------------------------------------------------
| 0.9073E+02|-0.1274E-01|-0.1274E-01|-0.1274E-01|-0.1274E-01|-0.1274E-01|
-------------------------------------------------------------------------
| 0.9074E+02|-0.1292E-01|-0.1292E-01|-0.1292E-01|-0.1292E-01|-0.1291E-01|
-------------------------------------------------------------------------
| 0.9075E+02|-0.1309E-01|-0.1309E-01|-0.1309E-01|-0.1309E-01|-0.1309E-01|
-------------------------------------------------------------------------
| 0.9076E+02|-0.1326E-01|-0.1326E-01|-0.1326E-01|-0.1326E-01|-0.1326E-01|
-------------------------------------------------------------------------
| 0.9077E+02|-0.1344E-01|-0.1344E-01|-0.1344E-01|-0.1344E-01|-0.1344E-01|
-------------------------------------------------------------------------
| 0.9078E+02|-0.1361E-01|-0.1361E-01|-0.1361E-01|-0.1361E-01|-0.1361E-01|
-------------------------------------------------------------------------
| 0.9079E+02|-0.1379E-01|-0.1379E-01|-0.1379E-01|-0.1379E-01|-0.1379E-01|
-------------------------------------------------------------------------
| 0.9080E+02|-0.1396E-01|-0.1396E-01|-0.1396E-01|-0.1396E-01|-0.1396E-01|
-------------------------------------------------------------------------
| 0.9081E+02|-0.1414E-01|-0.1414E-01|-0.1414E-01|-0.1414E-01|-0.1414E-01|
-------------------------------------------------------------------------
| 0.9082E+02|-0.1431E-01|-0.1431E-01|-0.1431E-01|-0.1431E-01|-0.1431E-01|
-------------------------------------------------------------------------
| 0.9083E+02|-0.1449E-01|-0.1449E-01|-0.1449E-01|-0.1449E-01|-0.1449E-01|
-------------------------------------------------------------------------
| 0.9084E+02|-0.1466E-01|-0.1466E-01|-0.1466E-01|-0.1466E-01|-0.1466E-01|
-------------------------------------------------------------------------
| 0.9085E+02|-0.1484E-01|-0.1484E-01|-0.1483E-01|-0.1483E-01|-0.1483E-01|
-------------------------------------------------------------------------
| 0.9086E+02|-0.1501E-01|-0.1501E-01|-0.1501E-01|-0.1501E-01|-0.1501E-01|
-------------------------------------------------------------------------
| 0.9087E+02|-0.1518E-01|-0.1518E-01|-0.1518E-01|-0.1518E-01|-0.1518E-01|
-------------------------------------------------------------------------
| 0.9088E+02|-0.1536E-01|-0.1536E-01|-0.1536E-01|-0.1536E-01|-0.1536E-01|
-------------------------------------------------------------------------
| 0.9089E+02|-0.1553E-01|-0.1553E-01|-0.1553E-01|-0.1553E-01|-0.1553E-01|
-------------------------------------------------------------------------
| 0.9090E+02|-0.1571E-01|-0.1571E-01|-0.1571E-01|-0.1571E-01|-0.1571E-01|
-------------------------------------------------------------------------
| 0.9091E+02|-0.1588E-01|-0.1588E-01|-0.1588E-01|-0.1588E-01|-0.1588E-01|
-------------------------------------------------------------------------
| 0.9092E+02|-0.1606E-01|-0.1606E-01|-0.1606E-01|-0.1606E-01|-0.1606E-01|
-------------------------------------------------------------------------
| 0.9093E+02|-0.1623E-01|-0.1623E-01|-0.1623E-01|-0.1623E-01|-0.1623E-01|
-------------------------------------------------------------------------
| 0.9094E+02|-0.1641E-01|-0.1641E-01|-0.1641E-01|-0.1641E-01|-0.1641E-01|
-------------------------------------------------------------------------
| 0.9095E+02|-0.1658E-01|-0.1658E-01|-0.1658E-01|-0.1658E-01|-0.1658E-01|
-------------------------------------------------------------------------
| 0.9096E+02|-0.1675E-01|-0.1675E-01|-0.1675E-01|-0.1675E-01|-0.1675E-01|
-------------------------------------------------------------------------
| 0.9097E+02|-0.1693E-01|-0.1693E-01|-0.1693E-01|-0.1693E-01|-0.1693E-01|
-------------------------------------------------------------------------
| 0.9098E+02|-0.1710E-01|-0.1710E-01|-0.1710E-01|-0.1710E-01|-0.1710E-01|
-------------------------------------------------------------------------
| 0.9099E+02|-0.1728E-01|-0.1728E-01|-0.1728E-01|-0.1728E-01|-0.1728E-01|
-------------------------------------------------------------------------
| 0.9100E+02|-0.1745E-01|-0.1745E-01|-0.1745E-01|-0.1745E-01|-0.1745E-01|
-------------------------------------------------------------------------
|    Y\X    | 0.9000E+02| 0.9010E+02| 0.9020E+02| 0.9030E+02| 0.9040E+02|
-------------------------------------------------------------------------
| 0.8900E+02| 0.1745E-01| 0.1745E-01| 0.1745E-01| 0.1745E-01| 0.1745E-01|
-------------------------------------------------------------------------
| 0.8901E+02| 0.1728E-01| 0.1728E-01| 0.1728E-01| 0.1728E-01| 0.1728E-01|
-------------------------------------------------------------------------
| 0.8902E+02| 0.1710E-01| 0.1710E-01| 0.1710E-01| 0.1710E-01| 0.1710E-01|
-------------------------------------------------------------------------
| 0.8903E+02| 0.1693E-01| 0.1693E-01| 0.1693E-01| 0.1693E-01| 0.1693E-01|
-------------------------------------------------------------------------
| 0.8904E+02| 0.1675E-01| 0.1675E-01| 0.1675E-01| 0.1675E-01| 0.1675E-01|
-------------------------------------------------------------------------
| 0.8905E+02| 0.1658E-01| 0.1658E-01| 0.1658E-01| 0.1658E-01| 0.1658E-01|
-------------------------------------------------------------------------
| 0.8906E+02| 0.1641E-01| 0.1641E-01| 0.1641E-01| 0.1641E-01| 0.1641E-01|
-------------------------------------------------------------------------
| 0.8907E+02| 0.1623E-01| 0.1623E-01| 0.1623E-01| 0.1623E-01| 0.1623E-01|
-------------------------------------------------------------------------
| 0.8908E+02| 0.1606E-01| 0.1606E-01| 0.1606E-01| 0.1606E-01| 0.1606E-01|
-------------------------------------------------------------------------
| 0.8909E+02| 0.1588E-01| 0.1588E-01| 0.1588E-01| 0.1588E-01| 0.1588E-01|
-------------------------------------------------------------------------
| 0.8910E+02| 0.1571E-01| 0.1571E-01| 0.1571E-01| 0.1571E-01| 0.1571E-01|
-------------------------------------------------------------------------
| 0.8911E+02| 0.1553E-01| 0.1553E-01| 0.1553E-01| 0.1553E-01| 0.1553E-01|
-------------------------------------------------------------------------
| 0.8912E+02| 0.1536E-01| 0.1536E-01| 0.1536E-01| 0.1536E-01| 0.1536E-01|
-------------------------------------------------------------------------
| 0.8913E+02| 0.1518E-01| 0.1518E-01| 0.1518E-01| 0.1518E-01| 0.1518E-01|
-------------------------------------------------------------------------
| 0.8914E+02| 0.1501E-01| 0.1501E-01| 0.1501E-01| 0.1501E-01| 0.1501E-01|
-------------------------------------------------------------------------
| 0.8915E+02| 0.1483E-01| 0.1483E-01| 0.1483E-01| 0.1484E-01| 0.1484E-01|
-------------------------------------------------------------------------
| 0.8916E+02| 0.1466E-01| 0.1466E-01| 0.1466E-01| 0.1466E-01| 0.1466E-01|
-------------------------------------------------------------------------
| 0.8917E+02| 0.1449E-01| 0.1449E-01| 0.1449E-01| 0.1449E-01| 0.1449E-01|
-------------------------------------------------------------------------
| 0.8918E+02| 0.1431E-01| 0.1431E-01| 0.1431E-01| 0.1431E-01| 0.1431E-01|
-------------------------------------------------------------------------
| 0.8919E+02| 0.1414E-01| 0.1414E-01| 0.1414E-01| 0.1414E-01| 0.1414E-01|
-------------------------------------------------------------------------
| 0.8920E+02| 0.1396E-01| 0.1396E-01| 0.1396E-01| 0.1396E-01| 0.1396E-01|
-------------------------------------------------------------------------
| 0.8921E+02| 0.1379E-01| 0.1379E-01| 0.1379E-01| 0.1379E-01| 0.1379E-01|
-------------------------------------------------------------------------
| 0.8922E+02| 0.1361E-01| 0.1361E-01| 0.1361E-01| 0.1361E-01| 0.1361E-01|
-------------------------------------------------------------------------
| 0.8923E+02| 0.1344E-01| 0.1344E-01| 0.1344E-01| 0.1344E-01| 0.1344E-01|
-------------------------------------------------------------------------
| 0.8924E+02| 0.1326E-01| 0.1326E-01| 0.1326E-01| 0.1326E-01| 0.1326E-01|
-------------------------------------------------------------------------
| 0.8925E+02| 0.1309E-01| 0.1309E-01| 0.1309E-01| 0.1309E-01| 0.1309E-01|
-------------------------------------------------------------------------
| 0.8926E+02| 0.1292E-01| 0.1292E-01| 0.1292E-01| 0.1292E-01| 0.1292E-01|
-------------------------------------------------------------------------
| 0.8927E+02| 0.1274E-01| 0.1274E-01| 0.1274E-01| 0.1274E-01| 0.1274E-01|
-------------------------------------------------------------------------
| 0.8928E+02| 0.1257E-01| 0.1257E-01| 0.1257E-01| 0.1257E-01| 0.1257E-01|
-------------------------------------------------------------------------
| 0.8929E+02| 0.1239E-01| 0.1239E-01| 0.1239E-01| 0.1239E-01| 0.1239E-01|
-------------------------------------------------------------------------
| 0.8930E+02| 0.1222E-01| 0.1222E-01| 0.1222E-01| 0.1222E-01| 0.1222E-01|
-------------------------------------------------------------------------
| 0.8931E+02| 0.1204E-01| 0.1204E-01| 0.1204E-01| 0.1204E-01| 0.1204E-01|
-------------------------------------------------------------------------
| 0.8932E+02| 0.1187E-01| 0.1187E-01| 0.1187E-01| 0.1187E-01| 0.1187E-01|
-------------------------------------------------------------------------
| 0.8933E+02| 0.1169E-01| 0.1169E-01| 0.1169E-01| 0.1169E-01| 0.1169E-01|
-------------------------------------------------------------------------
| 0.8934E+02| 0.1152E-01| 0.1152E-01| 0.1152E-01| 0.1152E-01| 0.1152E-01|
-------------------------------------------------------------------------
| 0.8935E+02| 0.1134E-01| 0.1134E-01| 0.1134E-01| 0.1134E-01| 0.1134E-01|
-------------------------------------------------------------------------
| 0.8936E+02| 0.1117E-01| 0.1117E-01| 0.1117E-01| 0.1117E-01| 0.1117E-01|
-------------------------------------------------------------------------
| 0.8937E+02| 0.1100E-01| 0.1100E-01| 0.1100E-01| 0.1100E-01| 0.1100E-01|
-------------------------------------------------------------------------
| 0.8938E+02| 0.1082E-01| 0.1082E-01| 0.1082E-01| 0.1082E-01| 0.1082E-01|
-------------------------------------------------------------------------
| 0.8939E+02| 0.1065E-01| 0.1065E-01| 0.1065E-01| 0.1065E-01| 0.1065E-01|
-------------------------------------------------------------------------
| 0.8940E+02| 0.1047E-01| 0.1047E-01| 0.1047E-01| 0.1047E-01| 0.1047E-01|
-------------------------------------------------------------------------
| 0.8941E+02| 0.1030E-01| 0.1030E-01| 0.1030E-01| 0.1030E-01| 0.1030E-01|
-------------------------------------------------------------------------
| 0.8942E+02| 0.1012E-01| 0.1012E-01| 0.1012E-01| 0.1012E-01| 0.1012E-01|
-------------------------------------------------------------------------
| 0.8943E+02| 0.9948E-02| 0.9948E-02| 0.9948E-02| 0.9948E-02| 0.9949E-02|
-------------------------------------------------------------------------
| 0.8944E+02| 0.9774E-02| 0.9774E-02| 0.9774E-02| 0.9774E-02| 0.9774E-02|
-------------------------------------------------------------------------
| 0.8945E+02| 0.9599E-02| 0.9599E-02| 0.9599E-02| 0.9599E-02| 0.9600E-02|
-------------------------------------------------------------------------
| 0.8946E+02| 0.9425E-02| 0.9425E-02| 0.9425E-02| 0.9425E-02| 0.9425E-02|
-------------------------------------------------------------------------
| 0.8947E+02| 0.9250E-02| 0.9250E-02| 0.9250E-02| 0.9250E-02| 0.9250E-02|
-------------------------------------------------------------------------
| 0.8948E+02| 0.9076E-02| 0.9076E-02| 0.9076E-02| 0.9076E-02| 0.9076E-02|
-------------------------------------------------------------------------
| 0.8949E+02| 0.8901E-02| 0.8901E-02| 0.8901E-02| 0.8901E-02| 0.8901E-02|
-------------------------------------------------------------------------
| 0.8950E+02| 0.8727E-02| 0.8727E-02| 0.8727E-02| 0.8727E-02| 0.8727E-02|
-------------------------------------------------------------------------
| 0.8951E+02| 0.8552E-02| 0.8552E-02| 0.8552E-02| 0.8552E-02| 0.8552E-02|
-------------------------------------------------------------------------
| 0.8952E+02| 0.8378E-02| 0.8378E-02| 0.8378E-02| 0.8378E-02| 0.8378E-02|
-------------------------------------------------------------------------
| 0.8953E+02| 0.8203E-02| 0.8203E-02| 0.8203E-02| 0.8203E-02| 0.8203E-02|
-------------------------------------------------------------------------
| 0.8954E+02| 0.8028E-02| 0.8028E-02| 0.8029E-02| 0.8029E-02| 0.8029E-02|
-------------------------------------------------------------------------
| 0.8955E+02| 0.7854E-02| 0.7854E-02| 0.7854E-02| 0.7854E-02| 0.7854E-02|
-------------------------------------------------------------------------
| 0.8956E+02| 0.7679E-02| 0.7680E-02| 0.7680E-02| 0.7680E-02| 0.7680E-02|
-------------------------------------------------------------------------
| 0.8957E+02| 0.7505E-02| 0.7505E-02| 0.7505E-02| 0.7505E-02| 0.7505E-02|
-------------------------------------------------------------------------
| 0.8958E+02| 0.7330E-02| 0.7330E-02| 0.7330E-02| 0.7330E-02| 0.7331E-02|
-------------------------------------------------------------------------
| 0.8959E+02| 0.7156E-02| 0.7156E-02| 0.7156E-02| 0.7156E-02| 0.7156E-02|
-------------------------------------------------------------------------
| 0.8960E+02| 0.6981E-02| 0.6981E-02| 0.6981E-02| 0.6981E-02| 0.6982E-02|
-------------------------------------------------------------------------
| 0.8961E+02| 0.6807E-02| 0.6807E-02| 0.6807E-02| 0.6807E-02| 0.6807E-02|
-------------------------------------------------------------------------
| 0.8962E+02| 0.6632E-02| 0.6632E-02| 0.6632E-02| 0.6632E-02| 0.6632E-02|
-------------------------------------------------------------------------
| 0.8963E+02| 0.6458E-02| 0.6458E-02| 0.6458E-02| 0.6458E-02| 0.6458E-02|
-------------------------------------------------------------------------
| 0.8964E+02| 0.6283E-02| 0.6283E-02| 0.6283E-02| 0.6283E-02| 0.6283E-02|
-------------------------------------------------------------------------
| 0.8965E+02| 0.6109E-02| 0.6109E-02| 0.6109E-02| 0.6109E-02| 0.6109E-02|
-------------------------------------------------------------------------
| 0.8966E+02| 0.5934E-02| 0.5934E-02| 0.5934E-02| 0.5934E-02| 0.5934E-02|
-------------------------------------------------------------------------
| 0.8967E+02| 0.5760E-02| 0.5760E-02| 0.5760E-02| 0.5760E-02| 0.5760E-02|
-------------------------------------------------------------------------
| 0.8968E+02| 0.5585E-02| 0.5585E-02| 0.5585E-02| 0.5585E-02| 0.5585E-02|
-------------------------------------------------------------------------
| 0.8969E+02| 0.5411E-02| 0.5411E-02| 0.5411E-02| 0.5411E-02| 0.5411E-02|
-------------------------------------------------------------------------
| 0.8970E+02| 0.5236E-02| 0.5236E-02| 0.5236E-02| 0.5236E-02| 0.5236E-02|
-------------------------------------------------------------------------
| 0.8971E+02| 0.5062E-02| 0.5062E-02| 0.5062E-02| 0.5062E-02| 0.5062E-02|
-------------------------------------------------------------------------
| 0.8972E+02| 0.4887E-02| 0.4887E-02| 0.4887E-02| 0.4887E-02| 0.4887E-02|
-------------------------------------------------------------------------
| 0.8973E+02| 0.4712E-02| 0.4712E-02| 0.4712E-02| 0.4712E-02| 0.4713E-02|
-------------------------------------------------------------------------
| 0.8974E+02| 0.4538E-02| 0.4538E-02| 0.4538E-02| 0.4538E-02| 0.4538E-02|
-------------------------------------------------------------------------
| 0.8975E+02| 0.4363E-02| 0.4363E-02| 0.4363E-02| 0.4363E-02| 0.4363E-02|
-------------------------------------------------------------------------
| 0.8976E+02| 0.4189E-02| 0.4189E-02| 0.4189E-02| 0.4189E-02| 0.4189E-02|
-------------------------------------------------------------------------
| 0.8977E+02| 0.4014E-02| 0.4014E-02| 0.4014E-02| 0.4014E-02| 0.4014E-02|
-------------------------------------------------------------------------
| 0.8978E+02| 0.3840E-02| 0.3840E-02| 0.3840E-02| 0.3840E-02| 0.3840E-02|
-------------------------------------------------------------------------
| 0.8979E+02| 0.3665E-02| 0.3665E-02| 0.3665E-02| 0.3665E-02| 0.3665E-02|
-------------------------------------------------------------------------
| 0.8980E+02| 0.3491E-02| 0.3491E-02| 0.3491E-02| 0.3491E-02| 0.3491E-02|
-------------------------------------------------------------------------
| 0.8981E+02| 0.3316E-02| 0.3316E-02| 0.3316E-02| 0.3316E-02| 0.3316E-02|
-------------------------------------------------------------------------
| 0.8982E+02| 0.3142E-02| 0.3142E-02| 0.3142E-02| 0.3142E-02| 0.3142E-02|
-------------------------------------------------------------------------
| 0.8983E+02| 0.2967E-02| 0.2967E-02| 0.2967E-02| 0.2967E-02| 0.2967E-02|
-------------------------------------------------------------------------
| 0.8984E+02| 0.2793E-02| 0.2793E-02| 0.2793E-02| 0.2793E-02| 0.2793E-02|
-------------------------------------------------------------------------
| 0.8985E+02| 0.2618E-02| 0.2618E-02| 0.2618E-02| 0.2618E-02| 0.2618E-02|
-------------------------------------------------------------------------
| 0.8986E+02| 0.2444E-02| 0.2444E-02| 0.2444E-02| 0.2444E-02| 0.2444E-02|
-------------------------------------------------------------------------
| 0.8987E+02| 0.2269E-02| 0.2269E-02| 0.2269E-02| 0.2269E-02| 0.2269E-02|
-------------------------------------------------------------------------
| 0.8988E+02| 0.2095E-02| 0.2095E-02| 0.2095E-02| 0.2095E-02| 0.2095E-02|
-------------------------------------------------------------------------
| 0.8989E+02| 0.1920E-02| 0.1920E-02| 0.1920E-02| 0.1920E-02| 0.1920E-02|
-------------------------------------------------------------------------
| 0.8990E+02| 0.1745E-02| 0.1745E-02| 0.1745E-02| 0.1745E-02| 0.1745E-02|
-------------------------------------------------------------------------
| 0.8991E+02| 0.1571E-02| 0.1571E-02| 0.1571E-02| 0.1571E-02| 0.1571E-02|
-------------------------------------------------------------------------
| 0.8992E+02| 0.1396E-02| 0.1396E-02| 0.1396E-02| 0.1396E-02| 0.1396E-02|
-------------------------------------------------------------------------
| 0.8993E+02| 0.1222E-02| 0.1222E-02| 0.1222E-02| 0.1222E-02| 0.1222E-02|
-------------------------------------------------------------------------
| 0.8994E+02| 0.1047E-02| 0.1047E-02| 0.1047E-02| 0.1047E-02| 0.1047E-02|
-------------------------------------------------------------------------
| 0.8995E+02| 0.8728E-03| 0.8728E-03| 0.8728E-03| 0.8728E-03| 0.8728E-03|
-------------------------------------------------------------------------
| 0.8996E+02| 0.6982E-03| 0.6982E-03| 0.6982E-03| 0.6982E-03| 0.6982E-03|
-------------------------------------------------------------------------
| 0.8997E+02| 0.5237E-03| 0.5237E-03| 0.5237E-03| 0.5237E-03| 0.5237E-03|
-------------------------------------------------------------------------
| 0.8998E+02| 0.3491E-03| 0.3491E-03| 0.3491E-03| 0.3491E-03| 0.3491E-03|
-------------------------------------------------------------------------
| 0.8999E+02| 0.1746E-03| 0.1746E-03| 0.1746E-03| 0.1746E-03| 0.1746E-03|
-------------------------------------------------------------------------
| 0.9000E+02| 0.0000E+00| 0.0000E+00| 0.0000E+00| 0.0000E+00| 0.0000E+00|
-------------------------------------------------------------------------
| 0.9001E+02|-0.1745E-03|-0.1745E-03|-0.1745E-03|-0.1745E-03|-0.1745E-03|
-------------------------------------------------------------------------
| 0.9002E+02|-0.3489E-03|-0.3489E-03|-0.3489E-03|-0.3489E-03|-0.3489E-03|
-------------------------------------------------------------------------
| 0.9003E+02|-0.5235E-03|-0.5235E-03|-0.5235E-03|-0.5235E-03|-0.5235E-03|
-------------------------------------------------------------------------
| 0.9004E+02|-0.6981E-03|-0.6981E-03|-0.6981E-03|-0.6981E-03|-0.6981E-03|
-------------------------------------------------------------------------
| 0.9005E+02|-0.8726E-03|-0.8726E-03|-0.8726E-03|-0.8727E-03|-0.8727E-03|
-------------------------------------------------------------------------
| 0.9006E+02|-0.1047E-02|-0.1047E-02|-0.1047E-02|-0.1047E-02|-0.1047E-02|
-------------------------------------------------------------------------
| 0.9007E+02|-0.1222E-02|-0.1222E-02|-0.1222E-02|-0.1222E-02|-0.1222E-02|
-------------------------------------------------------------------------
| 0.9008E+02|-0.1396E-02|-0.1396E-02|-0.1396E-02|-0.1396E-02|-0.1396E-02|
-------------------------------------------------------------------------
| 0.9009E+02|-0.1571E-02|-0.1571E-02|-0.1571E-02|-0.1571E-02|-0.1571E-02|
-------------------------------------------------------------------------
| 0.9010E+02|-0.1745E-02|-0.1745E-02|-0.1745E-02|-0.1745E-02|-0.1745E-02|
-------------------------------------------------------------------------
| 0.9011E+02|-0.1920E-02|-0.1920E-02|-0.1920E-02|-0.1920E-02|-0.1920E-02|
-------------------------------------------------------------------------
| 0.9012E+02|-0.2094E-02|-0.2094E-02|-0.2094E-02|-0.2094E-02|-0.2094E-02|
-------------------------------------------------------------------------
| 0.9013E+02|-0.2269E-02|-0.2269E-02|-0.2269E-02|-0.2269E-02|-0.2269E-02|
-------------------------------------------------------------------------
| 0.9014E+02|-0.2443E-02|-0.2443E-02|-0.2443E-02|-0.2443E-02|-0.2443E-02|
-------------------------------------------------------------------------
| 0.9015E+02|-0.2618E-02|-0.2618E-02|-0.2618E-02|-0.2618E-02|-0.2618E-02|
-------------------------------------------------------------------------
| 0.9016E+02|-0.2793E-02|-0.2793E-02|-0.2793E-02|-0.2793E-02|-0.2793E-02|
-------------------------------------------------------------------------
| 0.9017E+02|-0.2967E-02|-0.2967E-02|-0.2967E-02|-0.2967E-02|-0.2967E-02|
-------------------------------------------------------------------------
| 0.9018E+02|-0.3142E-02|-0.3142E-02|-0.3142E-02|-0.3142E-02|-0.3142E-02|
-------------------------------------------------------------------------
| 0.9019E+02|-0.3316E-02|-0.3316E-02|-0.3316E-02|-0.3316E-02|-0.3316E-02|
-------------------------------------------------------------------------
| 0.9020E+02|-0.3491E-02|-0.3491E-02|-0.3491E-02|-0.3491E-02|-0.3491E-02|
-------------------------------------------------------------------------
| 0.9021E+02|-0.3665E-02|-0.3665E-02|-0.3665E-02|-0.3665E-02|-0.3665E-02|
-------------------------------------------------------------------------
| 0.9022E+02|-0.3840E-02|-0.3840E-02|-0.3840E-02|-0.3840E-02|-0.3840E-02|
-------------------------------------------------------------------------
| 0.9023E+02|-0.4014E-02|-0.4014E-02|-0.4014E-02|-0.4014E-02|-0.4014E-02|
-------------------------------------------------------------------------
| 0.9024E+02|-0.4189E-02|-0.4189E-02|-0.4189E-02|-0.4189E-02|-0.4189E-02|
-------------------------------------------------------------------------
| 0.9025E+02|-0.4363E-02|-0.4363E-02|-0.4363E-02|-0.4363E-02|-0.4363E-02|
-------------------------------------------------------------------------
| 0.9026E+02|-0.4538E-02|-0.4538E-02|-0.4538E-02|-0.4538E-02|-0.4538E-02|
-------------------------------------------------------------------------
| 0.9027E+02|-0.4712E-02|-0.4712E-02|-0.4712E-02|-0.4712E-02|-0.4712E-02|
-------------------------------------------------------------------------
| 0.9028E+02|-0.4887E-02|-0.4887E-02|-0.4887E-02|-0.4887E-02|-0.4887E-02|
-------------------------------------------------------------------------
| 0.9029E+02|-0.5061E-02|-0.5061E-02|-0.5061E-02|-0.5061E-02|-0.5061E-02|
-------------------------------------------------------------------------
| 0.9030E+02|-0.5236E-02|-0.5236E-02|-0.5236E-02|-0.5236E-02|-0.5236E-02|
-------------------------------------------------------------------------
| 0.9031E+02|-0.5410E-02|-0.5410E-02|-0.5410E-02|-0.5410E-02|-0.5411E-02|
-------------------------------------------------------------------------
| 0.9032E+02|-0.5585E-02|-0.5585E-02|-0.5585E-02|-0.5585E-02|-0.5585E-02|
-------------------------------------------------------------------------
| 0.9033E+02|-0.5760E-02|-0.5760E-02|-0.5760E-02|-0.5760E-02|-0.5760E-02|
-------------------------------------------------------------------------
| 0.9034E+02|-0.5934E-02|-0.5934E-02|-0.5934E-02|-0.5934E-02|-0.5934E-02|
-------------------------------------------------------------------------
| 0.9035E+02|-0.6109E-02|-0.6109E-02|-0.6109E-02|-0.6109E-02|-0.6109E-02|
-------------------------------------------------------------------------
| 0.9036E+02|-0.6283E-02|-0.6283E-02|-0.6283E-02|-0.6283E-02|-0.6283E-02|
-------------------------------------------------------------------------
| 0.9037E+02|-0.6458E-02|-0.6458E-02|-0.6458E-02|-0.6458E-02|-0.6458E-02|
-------------------------------------------------------------------------
| 0.9038E+02|-0.6632E-02|-0.6632E-02|-0.6632E-02|-0.6632E-02|-0.6632E-02|
-------------------------------------------------------------------------
| 0.9039E+02|-0.6807E-02|-0.6807E-02|-0.6807E-02|-0.6807E-02|-0.6807E-02|
-------------------------------------------------------------------------
| 0.9040E+02|-0.6981E-02|-0.6981E-02|-0.6981E-02|-0.6981E-02|-0.6981E-02|
-------------------------------------------------------------------------
| 0.9041E+02|-0.7156E-02|-0.7156E-02|-0.7156E-02|-0.7156E-02|-0.7156E-02|
-------------------------------------------------------------------------
| 0.9042E+02|-0.7330E-02|-0.7330E-02|-0.7330E-02|-0.7330E-02|-0.7330E-02|
-------------------------------------------------------------------------
| 0.9043E+02|-0.7505E-02|-0.7505E-02|-0.7505E-02|-0.7505E-02|-0.7505E-02|
-------------------------------------------------------------------------
| 0.9044E+02|-0.7679E-02|-0.7679E-02|-0.7679E-02|-0.7679E-02|-0.7680E-02|
-------------------------------------------------------------------------
| 0.9045E+02|-0.7854E-02|-0.7854E-02|-0.7854E-02|-0.7854E-02|-0.7854E-02|
-------------------------------------------------------------------------
| 0.9046E+02|-0.8028E-02|-0.8028E-02|-0.8028E-02|-0.8028E-02|-0.8029E-02|
-------------------------------------------------------------------------
| 0.9047E+02|-0.8203E-02|-0.8203E-02|-0.8203E-02|-0.8203E-02|-0.8203E-02|
-------------------------------------------------------------------------
| 0.9048E+02|-0.8377E-02|-0.8377E-02|-0.8378E-02|-0.8378E-02|-0.8378E-02|
-------------------------------------------------------------------------
| 0.9049E+02|-0.8552E-02|-0.8552E-02|-0.8552E-02|-0.8552E-02|-0.8552E-02|
-------------------------------------------------------------------------
| 0.9050E+02|-0.8726E-02|-0.8726E-02|-0.8727E-02|-0.8727E-02|-0.8727E-02|
-------------------------------------------------------------------------
| 0.9051E+02|-0.8901E-02|-0.8901E-02|-0.8901E-02|-0.8901E-02|-0.8901E-02|
-------------------------------------------------------------------------
| 0.9052E+02|-0.9075E-02|-0.9075E-02|-0.9076E-02|-0.9076E-02|-0.9076E-02|
-------------------------------------------------------------------------
| 0.9053E+02|-0.9250E-02|-0.9250E-02|-0.9250E-02|-0.9250E-02|-0.9250E-02|
-------------------------------------------------------------------------
| 0.9054E+02|-0.9425E-02|-0.9425E-02|-0.9425E-02|-0.9425E-02|-0.9425E-02|
-------------------------------------------------------------------------
| 0.9055E+02|-0.9599E-02|-0.9599E-02|-0.9599E-02|-0.9599E-02|-0.9599E-02|
-------------------------------------------------------------------------
| 0.9056E+02|-0.9774E-02|-0.9774E-02|-0.9774E-02|-0.9774E-02|-0.9774E-02|
-------------------------------------------------------------------------
| 0.9057E+02|-0.9948E-02|-0.9948E-02|-0.9948E-02|-0.9948E-02|-0.9948E-02|
-------------------------------------------------------------------------
| 0.9058E+02|-0.1012E-01|-0.1012E-01|-0.1012E-01|-0.1012E-01|-0.1012E-01|
-------------------------------------------------------------------------
| 0.9059E+02|-0.1030E-01|-0.1030E-01|-0.1030E-01|-0.1030E-01|-0.1030E-01|
-------------------------------------------------------------------------
| 0.9060E+02|-0.1047E-01|-0.1047E-01|-0.1047E-01|-0.1047E-01|-0.1047E-01|
-------------------------------------------------------------------------
| 0.9061E+02|-0.1065E-01|-0.1065E-01|-0.1065E-01|-0.1065E-01|-0.1065E-01|
-------------------------------------------------------------------------
| 0.9062E+02|-0.1082E-01|-0.1082E-01|-0.1082E-01|-0.1082E-01|-0.1082E-01|
-------------------------------------------------------------------------
| 0.9063E+02|-0.1100E-01|-0.1100E-01|-0.1100E-01|-0.1100E-01|-0.1100E-01|
-------------------------------------------------------------------------
| 0.9064E+02|-0.1117E-01|-0.1117E-01|-0.1117E-01|-0.1117E-01|-0.1117E-01|
-------------------------------------------------------------------------
| 0.9065E+02|-0.1134E-01|-0.1134E-01|-0.1134E-01|-0.1134E-01|-0.1134E-01|
-------------------------------------------------------------------------
| 0.9066E+02|-0.1152E-01|-0.1152E-01|-0.1152E-01|-0.1152E-01|-0.1152E-01|
-------------------------------------------------------------------------
| 0.9067E+02|-0.1169E-01|-0.1169E-01|-0.1169E-01|-0.1169E-01|-0.1169E-01|
-------------------------------------------------------------------------
| 0.9068E+02|-0.1187E-01|-0.1187E-01|-0.1187E-01|-0.1187E-01|-0.1187E-01|
-------------------------------------------------------------------------
| 0.9069E+02|-0.1204E-01|-0.1204E-01|-0.1204E-01|-0.1204E-01|-0.1204E-01|
-------------------------------------------------------------------------
| 0.9070E+02|-0.1222E-01|-0.1222E-01|-0.1222E-01|-0.1222E-01|-0.1222E-01|
-------------------------------------------------------------------------
| 0.9071E+02|-0.1239E-01|-0.1239E-01|-0.1239E-01|-0.1239E-01|-0.1239E-01|
-------------------------------------------------------------------------
| 0.9072E+02|-0.1257E-01|-0.1257E-01|-0.1257E-01|-0.1257E-01|-0.1257E-01|
-------------------------------------------------------------------------
| 0.9073E+02|-0.1274E-01|-0.1274E-01|-0.1274E-01|-0.1274E-01|-0.1274E-01|
-------------------------------------------------------------------------
| 0.9074E+02|-0.1291E-01|-0.1291E-01|-0.1292E-01|-0.1292E-01|-0.1292E-01|
-------------------------------------------------------------------------
| 0.9075E+02|-0.1309E-01|-0.1309E-01|-0.1309E-01|-0.1309E-01|-0.1309E-01|
-------------------------------------------------------------------------
| 0.9076E+02|-0.1326E-01|-0.1326E-01|-0.1326E-01|-0.1326E-01|-0.1326E-01|
-------------------------------------------------------------------------
| 0.9077E+02|-0.1344E-01|-0.1344E-01|-0.1344E-01|-0.1344E-01|-0.1344E-01|
-------------------------------------------------------------------------
| 0.9078E+02|-0.1361E-01|-0.1361E-01|-0.1361E-01|-0.1361E-01|-0.1361E-01|
-------------------------------------------------------------------------
| 0.9079E+02|-0.1379E-01|-0.1379E-01|-0.1379E-01|-0.1379E-01|-0.1379E-01|
-------------------------------------------------------------------------
| 0.9080E+02|-0.1396E-01|-0.1396E-01|-0.1396E-01|-0.1396E-01|-0.1396E-01|
-------------------------------------------------------------------------
| 0.9081E+02|-0.1414E-01|-0.1414E-01|-0.1414E-01|-0.1414E-01|-0.1414E-01|
-------------------------------------------------------------------------
| 0.9082E+02|-0.1431E-01|-0.1431E-01|-0.1431E-01|-0.1431E-01|-0.1431E-01|
-------------------------------------------------------------------------
| 0.9083E+02|-0.1449E-01|-0.1449E-01|-0.1449E-01|-0.1449E-01|-0.1449E-01|
-------------------------------------------------------------------------
| 0.9084E+02|-0.1466E-01|-0.1466E-01|-0.1466E-01|-0.1466E-01|-0.1466E-01|
-------------------------------------------------------------------------
| 0.9085E+02|-0.1483E-01|-0.1483E-01|-0.1483E-01|-0.1483E-01|-0.1484E-01|
-------------------------------------------------------------------------
| 0.9086E+02|-0.1501E-01|-0.1501E-01|-0.1501E-01|-0.1501E-01|-0.1501E-01|
-------------------------------------------------------------------------
| 0.9087E+02|-0.1518E-01|-0.1518E-01|-0.1518E-01|-0.1518E-01|-0.1518E-01|
-------------------------------------------------------------------------
| 0.9088E+02|-0.1536E-01|-0.1536E-01|-0.1536E-01|-0.1536E-01|-0.1536E-01|
-------------------------------------------------------------------------
| 0.9089E+02|-0.1553E-01|-0.1553E-01|-0.1553E-01|-0.1553E-01|-0.1553E-01|
-------------------------------------------------------------------------
| 0.9090E+02|-0.1571E-01|-0.1571E-01|-0.1571E-01|-0.1571E-01|-0.1571E-01|
-------------------------------------------------------------------------
| 0.9091E+02|-0.1588E-01|-0.1588E-01|-0.1588E-01|-0.1588E-01|-0.1588E-01|
-------------------------------------------------------------------------
| 0.9092E+02|-0.1606E-01|-0.1606E-01|-0.1606E-01|-0.1606E-01|-0.1606E-01|
-------------------------------------------------------------------------
| 0.9093E+02|-0.1623E-01|-0.1623E-01|-0.1623E-01|-0.1623E-01|-0.1623E-01|
-------------------------------------------------------------------------
| 0.9094E+02|-0.1641E-01|-0.1641E-01|-0.1641E-01|-0.1641E-01|-0.1641E-01|
-------------------------------------------------------------------------
| 0.9095E+02|-0.1658E-01|-0.1658E-01|-0.1658E-01|-0.1658E-01|-0.1658E-01|
-------------------------------------------------------------------------
| 0.9096E+02|-0.1675E-01|-0.1675E-01|-0.1675E-01|-0.1675E-01|-0.1675E-01|
-------------------------------------------------------------------------
| 0.9097E+02|-0.1693E-01|-0.1693E-01|-0.1693E-01|-0.1693E-01|-0.1693E-01|
-------------------------------------------------------------------------
| 0.9098E+02|-0.1710E-01|-0.1710E-01|-0.1710E-01|-0.1710E-01|-0.1710E-01|
-------------------------------------------------------------------------
| 0.9099E+02|-0.1728E-01|-0.1728E-01|-0.1728E-01|-0.1728E-01|-0.1728E-01|
-------------------------------------------------------------------------
| 0.9100E+02|-0.1745E-01|-0.1745E-01|-0.1745E-01|-0.1745E-01|-0.1745E-01|
-------------------------------------------------------------------------
|    Y\X    | 0.9050E+02| 0.9060E+02| 0.9070E+02| 0.9080E+02| 0.9090E+02|
-------------------------------------------------------------------------
| 0.8900E+02| 0.1745E-01| 0.1745E-01| 0.1745E-01| 0.1745E-01| 0.1745E-01|
-------------------------------------------------------------------------
| 0.8901E+02| 0.1728E-01| 0.1728E-01| 0.1728E-01| 0.1728E-01| 0.1728E-01|
-------------------------------------------------------------------------
| 0.8902E+02| 0.1710E-01| 0.1710E-01| 0.1710E-01| 0.1711E-01| 0.1711E-01|
-------------------------------------------------------------------------
| 0.8903E+02| 0.1693E-01| 0.1693E-01| 0.1693E-01| 0.1693E-01| 0.1693E-01|
-------------------------------------------------------------------------
| 0.8904E+02| 0.1676E-01| 0.1676E-01| 0.1676E-01| 0.1676E-01| 0.1676E-01|
-------------------------------------------------------------------------
| 0.8905E+02| 0.1658E-01| 0.1658E-01| 0.1658E-01| 0.1658E-01| 0.1658E-01|
-------------------------------------------------------------------------
| 0.8906E+02| 0.1641E-01| 0.1641E-01| 0.1641E-01| 0.1641E-01| 0.1641E-01|
-------------------------------------------------------------------------
| 0.8907E+02| 0.1623E-01| 0.1623E-01| 0.1623E-01| 0.1623E-01| 0.1623E-01|
-------------------------------------------------------------------------
| 0.8908E+02| 0.1606E-01| 0.1606E-01| 0.1606E-01| 0.1606E-01| 0.1606E-01|
-------------------------------------------------------------------------
| 0.8909E+02| 0.1588E-01| 0.1588E-01| 0.1588E-01| 0.1588E-01| 0.1588E-01|
-------------------------------------------------------------------------
| 0.8910E+02| 0.1571E-01| 0.1571E-01| 0.1571E-01| 0.1571E-01| 0.1571E-01|
-------------------------------------------------------------------------
| 0.8911E+02| 0.1553E-01| 0.1553E-01| 0.1553E-01| 0.1553E-01| 0.1553E-01|
-------------------------------------------------------------------------
| 0.8912E+02| 0.1536E-01| 0.1536E-01| 0.1536E-01| 0.1536E-01| 0.1536E-01|
-------------------------------------------------------------------------
| 0.8913E+02| 0.1518E-01| 0.1518E-01| 0.1519E-01| 0.1519E-01| 0.1519E-01|
-------------------------------------------------------------------------
| 0.8914E+02| 0.1501E-01| 0.1501E-01| 0.1501E-01| 0.1501E-01| 0.1501E-01|
-------------------------------------------------------------------------
| 0.8915E+02| 0.1484E-01| 0.1484E-01| 0.1484E-01| 0.1484E-01| 0.1484E-01|
-------------------------------------------------------------------------
| 0.8916E+02| 0.1466E-01| 0.1466E-01| 0.1466E-01| 0.1466E-01| 0.1466E-01|
-------------------------------------------------------------------------
| 0.8917E+02| 0.1449E-01| 0.1449E-01| 0.1449E-01| 0.1449E-01| 0.1449E-01|
-------------------------------------------------------------------------
| 0.8918E+02| 0.1431E-01| 0.1431E-01| 0.1431E-01| 0.1431E-01| 0.1431E-01|
-------------------------------------------------------------------------
| 0.8919E+02| 0.1414E-01| 0.1414E-01| 0.1414E-01| 0.1414E-01| 0.1414E-01|
-------------------------------------------------------------------------
| 0.8920E+02| 0.1396E-01| 0.1396E-01| 0.1396E-01| 0.1396E-01| 0.1396E-01|
-------------------------------------------------------------------------
| 0.8921E+02| 0.1379E-01| 0.1379E-01| 0.1379E-01| 0.1379E-01| 0.1379E-01|
-------------------------------------------------------------------------
| 0.8922E+02| 0.1361E-01| 0.1361E-01| 0.1361E-01| 0.1361E-01| 0.1361E-01|
-------------------------------------------------------------------------
| 0.8923E+02| 0.1344E-01| 0.1344E-01| 0.1344E-01| 0.1344E-01| 0.1344E-01|
-------------------------------------------------------------------------
| 0.8924E+02| 0.1326E-01| 0.1326E-01| 0.1327E-01| 0.1327E-01| 0.1327E-01|
-------------------------------------------------------------------------
| 0.8925E+02| 0.1309E-01| 0.1309E-01| 0.1309E-01| 0.1309E-01| 0.1309E-01|
-------------------------------------------------------------------------
| 0.8926E+02| 0.1292E-01| 0.1292E-01| 0.1292E-01| 0.1292E-01| 0.1292E-01|
-------------------------------------------------------------------------
| 0.8927E+02| 0.1274E-01| 0.1274E-01| 0.1274E-01| 0.1274E-01| 0.1274E-01|
-------------------------------------------------------------------------
| 0.8928E+02| 0.1257E-01| 0.1257E-01| 0.1257E-01| 0.1257E-01| 0.1257E-01|
-------------------------------------------------------------------------
| 0.8929E+02| 0.1239E-01| 0.1239E-01| 0.1239E-01| 0.1239E-01| 0.1239E-01|
-------------------------------------------------------------------------
| 0.8930E+02| 0.1222E-01| 0.1222E-01| 0.1222E-01| 0.1222E-01| 0.1222E-01|
-------------------------------------------------------------------------
| 0.8931E+02| 0.1204E-01| 0.1204E-01| 0.1204E-01| 0.1204E-01| 0.1204E-01|
-------------------------------------------------------------------------
| 0.8932E+02| 0.1187E-01| 0.1187E-01| 0.1187E-01| 0.1187E-01| 0.1187E-01|
-------------------------------------------------------------------------
| 0.8933E+02| 0.1169E-01| 0.1169E-01| 0.1169E-01| 0.1169E-01| 0.1169E-01|
-------------------------------------------------------------------------
| 0.8934E+02| 0.1152E-01| 0.1152E-01| 0.1152E-01| 0.1152E-01| 0.1152E-01|
-------------------------------------------------------------------------
| 0.8935E+02| 0.1134E-01| 0.1135E-01| 0.1135E-01| 0.1135E-01| 0.1135E-01|
-------------------------------------------------------------------------
| 0.8936E+02| 0.1117E-01| 0.1117E-01| 0.1117E-01| 0.1117E-01| 0.1117E-01|
-------------------------------------------------------------------------
| 0.8937E+02| 0.1100E-01| 0.1100E-01| 0.1100E-01| 0.1100E-01| 0.1100E-01|
-------------------------------------------------------------------------
| 0.8938E+02| 0.1082E-01| 0.1082E-01| 0.1082E-01| 0.1082E-01| 0.1082E-01|
-------------------------------------------------------------------------
| 0.8939E+02| 0.1065E-01| 0.1065E-01| 0.1065E-01| 0.1065E-01| 0.1065E-01|
-------------------------------------------------------------------------
| 0.8940E+02| 0.1047E-01| 0.1047E-01| 0.1047E-01| 0.1047E-01| 0.1047E-01|
-------------------------------------------------------------------------
| 0.8941E+02| 0.1030E-01| 0.1030E-01| 0.1030E-01| 0.1030E-01| 0.1030E-01|
-------------------------------------------------------------------------
| 0.8942E+02| 0.1012E-01| 0.1012E-01| 0.1012E-01| 0.1012E-01| 0.1012E-01|
-------------------------------------------------------------------------
| 0.8943E+02| 0.9949E-02| 0.9949E-02| 0.9949E-02| 0.9949E-02| 0.9950E-02|
-------------------------------------------------------------------------
| 0.8944E+02| 0.9774E-02| 0.9774E-02| 0.9774E-02| 0.9775E-02| 0.9775E-02|
-------------------------------------------------------------------------
| 0.8945E+02| 0.9600E-02| 0.9600E-02| 0.9600E-02| 0.9600E-02| 0.9600E-02|
-------------------------------------------------------------------------
| 0.8946E+02| 0.9425E-02| 0.9425E-02| 0.9425E-02| 0.9426E-02| 0.9426E-02|
-------------------------------------------------------------------------
| 0.8947E+02| 0.9251E-02| 0.9251E-02| 0.9251E-02| 0.9251E-02| 0.9251E-02|
-------------------------------------------------------------------------
| 0.8948E+02| 0.9076E-02| 0.9076E-02| 0.9076E-02| 0.9076E-02| 0.9077E-02|
-------------------------------------------------------------------------
| 0.8949E+02| 0.8902E-02| 0.8902E-02| 0.8902E-02| 0.8902E-02| 0.8902E-02|
-------------------------------------------------------------------------
| 0.8950E+02| 0.8727E-02| 0.8727E-02| 0.8727E-02| 0.8727E-02| 0.8728E-02|
-------------------------------------------------------------------------
| 0.8951E+02| 0.8552E-02| 0.8553E-02| 0.8553E-02| 0.8553E-02| 0.8553E-02|
-------------------------------------------------------------------------
| 0.8952E+02| 0.8378E-02| 0.8378E-02| 0.8378E-02| 0.8378E-02| 0.8379E-02|
-------------------------------------------------------------------------
| 0.8953E+02| 0.8203E-02| 0.8204E-02| 0.8204E-02| 0.8204E-02| 0.8204E-02|
-------------------------------------------------------------------------
| 0.8954E+02| 0.8029E-02| 0.8029E-02| 0.8029E-02| 0.8029E-02| 0.8029E-02|
-------------------------------------------------------------------------
| 0.8955E+02| 0.7854E-02| 0.7854E-02| 0.7855E-02| 0.7855E-02| 0.7855E-02|
-------------------------------------------------------------------------
| 0.8956E+02| 0.7680E-02| 0.7680E-02| 0.7680E-02| 0.7680E-02| 0.7680E-02|
-------------------------------------------------------------------------
| 0.8957E+02| 0.7505E-02| 0.7505E-02| 0.7505E-02| 0.7506E-02| 0.7506E-02|
-------------------------------------------------------------------------
| 0.8958E+02| 0.7331E-02| 0.7331E-02| 0.7331E-02| 0.7331E-02| 0.7331E-02|
-------------------------------------------------------------------------
| 0.8959E+02| 0.7156E-02| 0.7156E-02| 0.7156E-02| 0.7157E-02| 0.7157E-02|
-------------------------------------------------------------------------
| 0.8960E+02| 0.6982E-02| 0.6982E-02| 0.6982E-02| 0.6982E-02| 0.6982E-02|
-------------------------------------------------------------------------
| 0.8961E+02| 0.6807E-02| 0.6807E-02| 0.6807E-02| 0.6807E-02| 0.6808E-02|
-------------------------------------------------------------------------
| 0.8962E+02| 0.6632E-02| 0.6633E-02| 0.6633E-02| 0.6633E-02| 0.6633E-02|
-------------------------------------------------------------------------
| 0.8963E+02| 0.6458E-02| 0.6458E-02| 0.6458E-02| 0.6458E-02| 0.6459E-02|
-------------------------------------------------------------------------
| 0.8964E+02| 0.6283E-02| 0.6284E-02| 0.6284E-02| 0.6284E-02| 0.6284E-02|
-------------------------------------------------------------------------
| 0.8965E+02| 0.6109E-02| 0.6109E-02| 0.6109E-02| 0.6109E-02| 0.6109E-02|
-------------------------------------------------------------------------
| 0.8966E+02| 0.5934E-02| 0.5934E-02| 0.5935E-02| 0.5935E-02| 0.5935E-02|
-------------------------------------------------------------------------
| 0.8967E+02| 0.5760E-02| 0.5760E-02| 0.5760E-02| 0.5760E-02| 0.5760E-02|
-------------------------------------------------------------------------
| 0.8968E+02| 0.5585E-02| 0.5585E-02| 0.5586E-02| 0.5586E-02| 0.5586E-02|
-------------------------------------------------------------------------
| 0.8969E+02| 0.5411E-02| 0.5411E-02| 0.5411E-02| 0.5411E-02| 0.5411E-02|
-------------------------------------------------------------------------
| 0.8970E+02| 0.5236E-02| 0.5236E-02| 0.5236E-02| 0.5237E-02| 0.5237E-02|
-------------------------------------------------------------------------
| 0.8971E+02| 0.5062E-02| 0.5062E-02| 0.5062E-02| 0.5062E-02| 0.5062E-02|
-------------------------------------------------------------------------
| 0.8972E+02| 0.4887E-02| 0.4887E-02| 0.4887E-02| 0.4887E-02| 0.4888E-02|
-------------------------------------------------------------------------
| 0.8973E+02| 0.4713E-02| 0.4713E-02| 0.4713E-02| 0.4713E-02| 0.4713E-02|
-------------------------------------------------------------------------
| 0.8974E+02| 0.4538E-02| 0.4538E-02| 0.4538E-02| 0.4538E-02| 0.4539E-02|
-------------------------------------------------------------------------
| 0.8975E+02| 0.4364E-02| 0.4364E-02| 0.4364E-02| 0.4364E-02| 0.4364E-02|
-------------------------------------------------------------------------
| 0.8976E+02| 0.4189E-02| 0.4189E-02| 0.4189E-02| 0.4189E-02| 0.4189E-02|
-------------------------------------------------------------------------
| 0.8977E+02| 0.4015E-02| 0.4015E-02| 0.4015E-02| 0.4015E-02| 0.4015E-02|
-------------------------------------------------------------------------
| 0.8978E+02| 0.3840E-02| 0.3840E-02| 0.3840E-02| 0.3840E-02| 0.3840E-02|
-------------------------------------------------------------------------
| 0.8979E+02| 0.3665E-02| 0.3665E-02| 0.3666E-02| 0.3666E-02| 0.3666E-02|
-------------------------------------------------------------------------
| 0.8980E+02| 0.3491E-02| 0.3491E-02| 0.3491E-02| 0.3491E-02| 0.3491E-02|
-------------------------------------------------------------------------
| 0.8981E+02| 0.3316E-02| 0.3316E-02| 0.3316E-02| 0.3317E-02| 0.3317E-02|
-------------------------------------------------------------------------
| 0.8982E+02| 0.3142E-02| 0.3142E-02| 0.3142E-02| 0.3142E-02| 0.3142E-02|
-------------------------------------------------------------------------
| 0.8983E+02| 0.2967E-02| 0.2967E-02| 0.2967E-02| 0.2967E-02| 0.2967E-02|
-------------------------------------------------------------------------
| 0.8984E+02| 0.2793E-02| 0.2793E-02| 0.2793E-02| 0.2793E-02| 0.2793E-02|
-------------------------------------------------------------------------
| 0.8985E+02| 0.2618E-02| 0.2618E-02| 0.2618E-02| 0.2618E-02| 0.2618E-02|
-------------------------------------------------------------------------
| 0.8986E+02| 0.2444E-02| 0.2444E-02| 0.2444E-02| 0.2444E-02| 0.2444E-02|
-------------------------------------------------------------------------
| 0.8987E+02| 0.2269E-02| 0.2269E-02| 0.2269E-02| 0.2269E-02| 0.2269E-02|
-------------------------------------------------------------------------
| 0.8988E+02| 0.2095E-02| 0.2095E-02| 0.2095E-02| 0.2095E-02| 0.2095E-02|
-------------------------------------------------------------------------
| 0.8989E+02| 0.1920E-02| 0.1920E-02| 0.1920E-02| 0.1920E-02| 0.1920E-02|
-------------------------------------------------------------------------
| 0.8990E+02| 0.1745E-02| 0.1745E-02| 0.1746E-02| 0.1746E-02| 0.1746E-02|
-------------------------------------------------------------------------
| 0.8991E+02| 0.1571E-02| 0.1571E-02| 0.1571E-02| 0.1571E-02| 0.1571E-02|
-------------------------------------------------------------------------
| 0.8992E+02| 0.1396E-02| 0.1396E-02| 0.1396E-02| 0.1397E-02| 0.1397E-02|
-------------------------------------------------------------------------
| 0.8993E+02| 0.1222E-02| 0.1222E-02| 0.1222E-02| 0.1222E-02| 0.1222E-02|
-------------------------------------------------------------------------
| 0.8994E+02| 0.1047E-02| 0.1047E-02| 0.1047E-02| 0.1047E-02| 0.1047E-02|
-------------------------------------------------------------------------
| 0.8995E+02| 0.8728E-03| 0.8728E-03| 0.8729E-03| 0.8729E-03| 0.8729E-03|
-------------------------------------------------------------------------
| 0.8996E+02| 0.6982E-03| 0.6983E-03| 0.6983E-03| 0.6983E-03| 0.6983E-03|
-------------------------------------------------------------------------
| 0.8997E+02| 0.5237E-03| 0.5237E-03| 0.5237E-03| 0.5237E-03| 0.5237E-03|
-------------------------------------------------------------------------
| 0.8998E+02| 0.3491E-03| 0.3491E-03| 0.3491E-03| 0.3491E-03| 0.3491E-03|
-------------------------------------------------------------------------
| 0.8999E+02| 0.1747E-03| 0.1747E-03| 0.1747E-03| 0.1747E-03| 0.1747E-03|
-------------------------------------------------------------------------
| 0.9000E+02| 0.0000E+00| 0.0000E+00| 0.0000E+00| 0.0000E+00| 0.0000E+00|
-------------------------------------------------------------------------
| 0.9001E+02|-0.1745E-03|-0.1745E-03|-0.1745E-03|-0.1745E-03|-0.1745E-03|
-------------------------------------------------------------------------
| 0.9002E+02|-0.3489E-03|-0.3490E-03|-0.3490E-03|-0.3490E-03|-0.3490E-03|
-------------------------------------------------------------------------
| 0.9003E+02|-0.5235E-03|-0.5235E-03|-0.5235E-03|-0.5236E-03|-0.5236E-03|
-------------------------------------------------------------------------
| 0.9004E+02|-0.6981E-03|-0.6981E-03|-0.6981E-03|-0.6981E-03|-0.6982E-03|
-------------------------------------------------------------------------
| 0.9005E+02|-0.8727E-03|-0.8727E-03|-0.8727E-03|-0.8727E-03|-0.8727E-03|
-------------------------------------------------------------------------
| 0.9006E+02|-0.1047E-02|-0.1047E-02|-0.1047E-02|-0.1047E-02|-0.1047E-02|
-------------------------------------------------------------------------
| 0.9007E+02|-0.1222E-02|-0.1222E-02|-0.1222E-02|-0.1222E-02|-0.1222E-02|
-------------------------------------------------------------------------
| 0.9008E+02|-0.1396E-02|-0.1396E-02|-0.1396E-02|-0.1396E-02|-0.1396E-02|
-------------------------------------------------------------------------
| 0.9009E+02|-0.1571E-02|-0.1571E-02|-0.1571E-02|-0.1571E-02|-0.1571E-02|
-------------------------------------------------------------------------
| 0.9010E+02|-0.1745E-02|-0.1745E-02|-0.1745E-02|-0.1745E-02|-0.1745E-02|
-------------------------------------------------------------------------
| 0.9011E+02|-0.1920E-02|-0.1920E-02|-0.1920E-02|-0.1920E-02|-0.1920E-02|
-------------------------------------------------------------------------
| 0.9012E+02|-0.2094E-02|-0.2094E-02|-0.2095E-02|-0.2095E-02|-0.2095E-02|
-------------------------------------------------------------------------
| 0.9013E+02|-0.2269E-02|-0.2269E-02|-0.2269E-02|-0.2269E-02|-0.2269E-02|
-------------------------------------------------------------------------
| 0.9014E+02|-0.2443E-02|-0.2444E-02|-0.2444E-02|-0.2444E-02|-0.2444E-02|
-------------------------------------------------------------------------
| 0.9015E+02|-0.2618E-02|-0.2618E-02|-0.2618E-02|-0.2618E-02|-0.2618E-02|
-------------------------------------------------------------------------
| 0.9016E+02|-0.2793E-02|-0.2793E-02|-0.2793E-02|-0.2793E-02|-0.2793E-02|
-------------------------------------------------------------------------
| 0.9017E+02|-0.2967E-02|-0.2967E-02|-0.2967E-02|-0.2967E-02|-0.2967E-02|
-------------------------------------------------------------------------
| 0.9018E+02|-0.3142E-02|-0.3142E-02|-0.3142E-02|-0.3142E-02|-0.3142E-02|
-------------------------------------------------------------------------
| 0.9019E+02|-0.3316E-02|-0.3316E-02|-0.3316E-02|-0.3316E-02|-0.3316E-02|
-------------------------------------------------------------------------
| 0.9020E+02|-0.3491E-02|-0.3491E-02|-0.3491E-02|-0.3491E-02|-0.3491E-02|
-------------------------------------------------------------------------
| 0.9021E+02|-0.3665E-02|-0.3665E-02|-0.3665E-02|-0.3665E-02|-0.3666E-02|
-------------------------------------------------------------------------
| 0.9022E+02|-0.3840E-02|-0.3840E-02|-0.3840E-02|-0.3840E-02|-0.3840E-02|
-------------------------------------------------------------------------
| 0.9023E+02|-0.4014E-02|-0.4014E-02|-0.4015E-02|-0.4015E-02|-0.4015E-02|
-------------------------------------------------------------------------
| 0.9024E+02|-0.4189E-02|-0.4189E-02|-0.4189E-02|-0.4189E-02|-0.4189E-02|
-------------------------------------------------------------------------
| 0.9025E+02|-0.4363E-02|-0.4363E-02|-0.4364E-02|-0.4364E-02|-0.4364E-02|
-------------------------------------------------------------------------
| 0.9026E+02|-0.4538E-02|-0.4538E-02|-0.4538E-02|-0.4538E-02|-0.4538E-02|
-------------------------------------------------------------------------
| 0.9027E+02|-0.4712E-02|-0.4712E-02|-0.4713E-02|-0.4713E-02|-0.4713E-02|
-------------------------------------------------------------------------
| 0.9028E+02|-0.4887E-02|-0.4887E-02|-0.4887E-02|-0.4887E-02|-0.4887E-02|
-------------------------------------------------------------------------
| 0.9029E+02|-0.5062E-02|-0.5062E-02|-0.5062E-02|-0.5062E-02|-0.5062E-02|
-------------------------------------------------------------------------
| 0.9030E+02|-0.5236E-02|-0.5236E-02|-0.5236E-02|-0.5236E-02|-0.5237E-02|
-------------------------------------------------------------------------
| 0.9031E+02|-0.5411E-02|-0.5411E-02|-0.5411E-02|-0.5411E-02|-0.5411E-02|
-------------------------------------------------------------------------
| 0.9032E+02|-0.5585E-02|-0.5585E-02|-0.5585E-02|-0.5585E-02|-0.5586E-02|
-------------------------------------------------------------------------
| 0.9033E+02|-0.5760E-02|-0.5760E-02|-0.5760E-02|-0.5760E-02|-0.5760E-02|
-------------------------------------------------------------------------
| 0.9034E+02|-0.5934E-02|-0.5934E-02|-0.5934E-02|-0.5935E-02|-0.5935E-02|
-------------------------------------------------------------------------
| 0.9035E+02|-0.6109E-02|-0.6109E-02|-0.6109E-02|-0.6109E-02|-0.6109E-02|
-------------------------------------------------------------------------
| 0.9036E+02|-0.6283E-02|-0.6283E-02|-0.6284E-02|-0.6284E-02|-0.6284E-02|
-------------------------------------------------------------------------
| 0.9037E+02|-0.6458E-02|-0.6458E-02|-0.6458E-02|-0.6458E-02|-0.6458E-02|
-------------------------------------------------------------------------
| 0.9038E+02|-0.6632E-02|-0.6632E-02|-0.6633E-02|-0.6633E-02|-0.6633E-02|
-------------------------------------------------------------------------
| 0.9039E+02|-0.6807E-02|-0.6807E-02|-0.6807E-02|-0.6807E-02|-0.6807E-02|
-------------------------------------------------------------------------
| 0.9040E+02|-0.6981E-02|-0.6982E-02|-0.6982E-02|-0.6982E-02|-0.6982E-02|
-------------------------------------------------------------------------
| 0.9041E+02|-0.7156E-02|-0.7156E-02|-0.7156E-02|-0.7156E-02|-0.7157E-02|
-------------------------------------------------------------------------
| 0.9042E+02|-0.7330E-02|-0.7331E-02|-0.7331E-02|-0.7331E-02|-0.7331E-02|
-------------------------------------------------------------------------
| 0.9043E+02|-0.7505E-02|-0.7505E-02|-0.7505E-02|-0.7506E-02|-0.7506E-02|
-------------------------------------------------------------------------
| 0.9044E+02|-0.7680E-02|-0.7680E-02|-0.7680E-02|-0.7680E-02|-0.7680E-02|
-------------------------------------------------------------------------
| 0.9045E+02|-0.7854E-02|-0.7854E-02|-0.7854E-02|-0.7855E-02|-0.7855E-02|
-------------------------------------------------------------------------
| 0.9046E+02|-0.8029E-02|-0.8029E-02|-0.8029E-02|-0.8029E-02|-0.8029E-02|
-------------------------------------------------------------------------
| 0.9047E+02|-0.8203E-02|-0.8203E-02|-0.8204E-02|-0.8204E-02|-0.8204E-02|
-------------------------------------------------------------------------
| 0.9048E+02|-0.8378E-02|-0.8378E-02|-0.8378E-02|-0.8378E-02|-0.8378E-02|
-------------------------------------------------------------------------
| 0.9049E+02|-0.8552E-02|-0.8552E-02|-0.8553E-02|-0.8553E-02|-0.8553E-02|
-------------------------------------------------------------------------
| 0.9050E+02|-0.8727E-02|-0.8727E-02|-0.8727E-02|-0.8727E-02|-0.8728E-02|
-------------------------------------------------------------------------
| 0.9051E+02|-0.8901E-02|-0.8902E-02|-0.8902E-02|-0.8902E-02|-0.8902E-02|
-------------------------------------------------------------------------
| 0.9052E+02|-0.9076E-02|-0.9076E-02|-0.9076E-02|-0.9076E-02|-0.9077E-02|
-------------------------------------------------------------------------
| 0.9053E+02|-0.9250E-02|-0.9251E-02|-0.9251E-02|-0.9251E-02|-0.9251E-02|
-------------------------------------------------------------------------
| 0.9054E+02|-0.9425E-02|-0.9425E-02|-0.9425E-02|-0.9425E-02|-0.9426E-02|
-------------------------------------------------------------------------
| 0.9055E+02|-0.9600E-02|-0.9600E-02|-0.9600E-02|-0.9600E-02|-0.9600E-02|
-------------------------------------------------------------------------
| 0.9056E+02|-0.9774E-02|-0.9774E-02|-0.9774E-02|-0.9775E-02|-0.9775E-02|
-------------------------------------------------------------------------
| 0.9057E+02|-0.9949E-02|-0.9949E-02|-0.9949E-02|-0.9949E-02|-0.9949E-02|
--------------------------