0 0 0
0.04040404040404 0 0
0.08080808080808 0 0
0.1212121212121 0 0
0.1616161616162 0 0
0.2020202020202 0 0
0.2424242424242 0 0
0.2828282828283 0 0
0.3232323232323 0 0
0.3636363636364 0 0
0.4040404040404 0 0
0.4444444444444 0 0
0.4848484848485 0 0
0.5252525252525 0 0
0.5656565656566 0 0
0.6060606060606 0 0
0.6464646464646 0 0
0.6868686868687 0 0
0.7272727272727 0 0
0.7676767676768 0 0
0.8080808080808 0 0
0.8484848484848 0 0
0.8888888888889 0 0
0.9292929292929 0 0
0.969696969697 0 0
1.010101010101 0 0
1.050505050505 0 0
1.090909090909 0 0
1.131313131313 0 0
1.171717171717 0 0
1.212121212121 0 0
1.252525252525 0 0
1.292929292929 0 0
1.333333333333 0 0
1.373737373737 0 0
1.414141414141 0 0
1.454545454545 0 0
1.494949494949 0 0
1.535353535354 0 0
1.575757575758 0 0
1.616161616162 0 0
1.656565656566 0 0
1.69696969697 0 0
1.737373737374 0 0
1.777777777778 0 0
1.818181818182 0 0
1.858585858586 0 0
1.89898989899 0 0
1.939393939394 0 0
1.979797979798 0 0
2.020202020202 0 0
2.060606060606 0 0
2.10101010101 0 0
2.141414141414 0 0
2.181818181818 0 0
2.222222222222 0 0
2.262626262626 0 0
2.30303030303 0 0
2.343434343434 0 0
2.383838383838 0 0
2.424242424242 0 0
2.464646464646 0 0
2.505050505051 0 0
2.545454545455 0 0
2.585858585859 0 0
2.626262626263 0 0
2.666666666667 0 0
2.707070707071 0 0
2.747474747475 0 0
2.787878787879 0 0
2.828282828283 0 0
2.868686868687 0 0
2.909090909091 0 0
2.949494949495 0 0
2.989898989899 0 0
3.030303030303 0 0
3.070707070707 0 0
3.111111111111 0 0
3.151515151515 0 0
3.191919191919 0 0
3.232323232323 0 0
3.272727272727 0 0
3.313131313131 0 0
3.353535353535 0 0
3.393939393939 0 0
3.434343434343 0 0
3.474747474747 0 0
3.515151515152 0 0
3.555555555556 0 0
3.59595959596 0 0
3.636363636364 0 0
3.676767676768 0 0
3.717171717172 0 0
3.757575757576 0 0
3.79797979798 0 0
3.838383838384 0 0
3.878787878788 0 0
3.919191919192 0 0
3.959595959596 0 0
4 0 0
0 0.02040816326531 0.001036225056654
0.04040404040404 0.02040816326531 0.001036225056654
0.08080808080808 0.02040816326531 0.0007339503428573
0.1212121212121 0.02040816326531 0.0003560793349859
0.1616161616162 0.02040816326531 -7.013239055401e-05
0.2020202020202 0.02040816326531 -0.0005213021329028
0.2424242424242 0.02040816326531 -0.0009759138329873
0.2828282828283 0.02040816326531 -0.001413810721126
0.3232323232323 0.02040816326531 -0.001816289584593
0.3636363636364 0.02040816326531 -0.002166445877372
0.4040404040404 0.02040816326531 -0.002449594790419
0.4444444444444 0.02040816326531 -0.002653667919537
0.4848484848485 0.02040816326531 -0.002769525212223
0.5252525252525 0.02040816326531 -0.002791148515367
0.5656565656566 0.02040816326531 -0.002715703876049
0.6060606060606 0.02040816326531 -0.002543477256132
0.6464646464646 0.02040816326531 -0.002277702711576
0.6868686868687 0.02040816326531 -0.001924312564916
0.7272727272727 0.02040816326531 -0.001491644607283
0.7676767676768 0.02040816326531 -0.0009901410478078
0.8080808080808 0.02040816326531 -0.0004320674107993
0.8484848484848 0.02040816326531 0.0001687328303099
0.8888888888889 0.02040816326531 0.0007970492323842
0.9292929292929 0.02040816326531 0.001436501941791
0.969696969697 0.02040816326531 0.002069765322491
1.010101010101 0.02040816326531 0.002678869585328
1.050505050505 0.02040816326531 0.003245632979044
1.090909090909 0.02040816326531 0.003752261027462
1.131313131313 0.02040816326531 0.004182114779988
1.171717171717 0.02040816326531 0.004520601061795
1.212121212121 0.02040816326531 0.004756085300435
1.252525252525 0.02040816326531 0.004880688213605
1.292929292929 0.02040816326531 0.00489081857945
1.333333333333 0.02040816326531 0.00478732684492
1.373737373737 0.02040816326531 0.004575235645369
1.414141414141 0.02040816326531 0.004263090935445
1.454545454545 0.02040816326531 0.003862052312246
1.494949494949 0.02040816326531 0.003384882868836
1.535353535354 0.02040816326531 0.002844999449989
1.575757575758 0.02040816326531 0.002255709110739
1.616161616162 0.02040816326531 0.001629702165516
1.656565656566 0.02040816326531 0.0009788140065877
1.69696969697 0.02040816326531 0.0003140203868298
1.737373737374 0.02040816326531 -0.000354399257855
1.777777777778 0.02040816326531 -0.001016608298602
1.818181818182 0.02040816326531 -0.001662945296857
1.858585858586 0.02040816326531 -0.002283707063281
1.89898989899 0.02040816326531 -0.00286903057278
1.939393939394 0.02040816326531 -0.003408902971982
1.979797979798 0.02040816326531 -0.003893309333398
2.020202020202 0.02040816326531 -0.004312508739844
2.060606060606 0.02040816326531 -0.004657411873927
2.10101010101 0.02040816326531 -0.004920018951555
2.141414141414 0.02040816326531 -0.005093867190218
2.181818181818 0.02040816326531 -0.005174433522674
2.222222222222 0.02040816326531 -0.005159441830286
2.262626262626 0.02040816326531 -0.005049034565058
2.30303030303 0.02040816326531 -0.00484578604178
2.343434343434 0.02040816326531 -0.004554557795421
2.383838383838 0.02040816326531 -0.004182219201872
2.424242424242 0.02040816326531 -0.003737273297507
2.464646464646 0.02040816326531 -0.00322943748766
2.505050505051 0.02040816326531 -0.002669231358939
2.545454545455 0.02040816326531 -0.002067619142415
2.585858585859 0.02040816326531 -0.001435743465893
2.626262626263 0.02040816326531 -0.0007847714873865
2.666666666667 0.02040816326531 -0.0001258561629473
2.707070707071 0.02040816326531 0.0005298039188529
2.747474747475 0.02040816326531 0.001170841255301
2.787878787879 0.02040816326531 0.001785583718681
2.828282828283 0.02040816326531 0.002361968275689
2.868686868687 0.02040816326531 0.002887568680145
2.909090909091 0.02040816326531 0.003349793015746
2.949494949495 0.02040816326531 0.003736284804297
2.989898989899 0.02040816326531 0.004035526169227
3.030303030303 0.02040816326531 0.004237597858855
3.070707070707 0.02040816326531 0.004335008003145
3.111111111111 0.02040816326531 0.004323471410634
3.151515151515 0.02040816326531 0.004202515050893
3.191919191919 0.02040816326531 0.003975808211661
3.232323232323 0.02040816326531 0.003651163510332
3.272727272727 0.02040816326531 0.003240214683342
3.313131313131 0.02040816326531 0.00275783191079
3.353535353535 0.02040816326531 0.002221369032036
3.393939393939 0.02040816326531 0.001649841813383
3.434343434343 0.02040816326531 0.001063117396222
3.474747474747 0.02040816326531 0.0004811633787781
3.515151515152 0.02040816326531 -7.662790466857e-05
3.555555555556 0.02040816326531 -0.0005920501745482
3.59595959596 0.02040816326531 -0.001048654798793
3.636363636364 0.02040816326531 -0.001432315559023
3.676767676768 0.02040816326531 -0.001731822023783
3.717171717172 0.02040816326531 -0.001939544284269
3.757575757576 0.02040816326531 -0.002052233715378
3.79797979798 0.02040816326531 -0.002072076221261
3.838383838384 0.02040816326531 -0.002008225415722
3.878787878788 0.02040816326531 -0.001879289843215
3.919191919192 0.02040816326531 -0.0017179092656
3.959595959596 0.02040816326531 -0.001581000667177
4 0.02040816326531 -0.001581000667177
0 0.04081632653061 0.003740241727139
0.04040404040404 0.04081632653061 0.003740241727139
0.08080808080808 0.04081632653061 0.002634092759493
0.1212121212121 0.04081632653061 0.001232877724004
0.1616161616162 0.04081632653061 -0.0003579346585425
0.2020202020202 0.04081632653061 -0.002047773758144
0.2424242424242 0.04081632653061 -0.003753748888912
0.2828282828283 0.04081632653061 -0.005398602873515
0.3232323232323 0.04081632653061 -0.006910918461897
0.3636363636364 0.04081632653061 -0.00822630376855
0.4040404040404 0.04081632653061 -0.00928889606552
0.4444444444444 0.04081632653061 -0.01005279974691
0.4848484848485 0.04081632653061 -0.01048322658736
0.5252525252525 0.04081632653061 -0.01055720822473
0.5656565656566 0.04081632653061 -0.01026382979258
0.6060606060606 0.04081632653061 -0.00960399920812
0.6464646464646 0.04081632653061 -0.008589819867148
0.6868686868687 0.04081632653061 -0.007243672820576
0.7272727272727 0.04081632653061 -0.005597134320805
0.7676767676768 0.04081632653061 -0.003689853048512
0.8080808080808 0.04081632653061 -0.001568487249
0.8484848484848 0.04081632653061 0.0007142431796457
0.8888888888889 0.04081632653061 0.003100396315436
0.9292929292929 0.04081632653061 0.005527615949157
0.969696969697 0.04081632653061 0.007930048411946
1.010101010101 0.04081632653061 0.01023955109809
1.050505050505 0.04081632653061 0.01238737396302
1.090909090909 0.04081632653061 0.01430643461493
1.131313131313 0.04081632653061 0.0159341828143
1.171717171717 0.04081632653061 0.01721587658206
1.212121212121 0.04081632653061 0.01810790923503
1.252525252525 0.04081632653061 0.01858069237427
1.292929292929 0.04081632653061 0.01862057292016
1.333333333333 0.04081632653061 0.01823038031041
1.373737373737 0.04081632653061 0.01742845145506
1.414141414141 0.04081632653061 0.0162462888261
1.454545454545 0.04081632653061 0.01472527142582
1.494949494949 0.04081632653061 0.0129129878776
1.535353535354 0.04081632653061 0.01085976632818
1.575757575758 0.04081632653061 0.008615855539972
1.616161616162 0.04081632653061 0.006229517571799
1.656565656566 0.04081632653061 0.003746085721075
1.69696969697 0.04081632653061 0.001207869903451
1.737373737374 0.04081632653061 -0.001345319944315
1.777777777778 0.04081632653061 -0.0038753108086
1.818181818182 0.04081632653061 -0.006344639663772
1.858585858586 0.04081632653061 -0.008715800171228
1.89898989899 0.04081632653061 -0.01095084149934
1.939393939394 0.04081632653061 -0.01301142883822
1.979797979798 0.04081632653061 -0.01485940307467
2.020202020202 0.04081632653061 -0.01645780651704
2.060606060606 0.04081632653061 -0.01777227713288
2.10101010101 0.04081632653061 -0.01877266086894
2.141414141414 0.04081632653061 -0.01943465621229
2.181818181818 0.04081632653061 -0.01974129256588
2.222222222222 0.04081632653061 -0.0196840573829
2.262626262626 0.04081632653061 -0.01926352623767
2.30303030303 0.04081632653061 -0.01848941373702
2.343434343434 0.04081632653061 -0.01738004644916
2.383838383838 0.04081632653061 -0.01596134122666
2.424242424242 0.04081632653061 -0.01426543360102
2.464646464646 0.04081632653061 -0.01232913704555
2.505050505051 0.04081632653061 -0.0101924234385
2.545454545455 0.04081632653061 -0.007897098139521
2.585858585859 0.04081632653061 -0.0054858031731
2.626262626263 0.04081632653061 -0.003001424943772
2.666666666667 0.04081632653061 -0.0004869155270641
2.707070707071 0.04081632653061 0.002014534255795
2.747474747475 0.04081632653061 0.004459099323255
2.787878787879 0.04081632653061 0.006801888764523
2.828282828283 0.04081632653061 0.008996702233881
2.868686868687 0.04081632653061 0.01099620554369
2.909090909091 0.04081632653061 0.01275272260328
2.949494949495 0.04081632653061 0.01421975868891
2.989898989899 0.04081632653061 0.01535424239573
3.030303030303 0.04081632653061 0.01611931771011
3.070707070707 0.04081632653061 0.01648736632442
3.111111111111 0.04081632653061 0.0164428358781
3.151515151515 0.04081632653061 0.01598443017628
3.191919191919 0.04081632653061 0.01512629959351
3.232323232323 0.04081632653061 0.01389803878974
3.272727272727 0.04081632653061 0.0123435097963
3.313131313131 0.04081632653061 0.01051870235862
3.353535353535 0.04081632653061 0.00848896383251
3.393939393939 0.04081632653061 0.006325951508934
3.434343434343 0.04081632653061 0.004104596787179
3.474747474747 0.04081632653061 0.001900260995001
3.515151515152 0.04081632653061 -0.0002138534988484
3.555555555556 0.04081632653061 -0.002169066670969
3.59595959596 0.04081632653061 -0.003903447003971
3.636363636364 0.04081632653061 -0.005364016983677
3.676767676768 0.04081632653061 -0.006509070576916
3.717171717172 0.04081632653061 -0.007310766483479
3.757575757576 0.04081632653061 -0.007758242816248
3.79797979798 0.04081632653061 -0.007861682171971
3.838383838384 0.04081632653061 -0.007658130554219
3.878787878788 0.04081632653061 -0.007220643238731
3.919191919192 0.04081632653061 -0.006674069019883
3.959595959596 0.04081632653061 -0.006225255067842
4 0.04081632653061 -0.006225255067842
0 0.06122448979592 0.007601083832472
0.04040404040404 0.06122448979592 0.007601083832472
0.08080808080808 0.06122448979592 0.005313510547765
0.1212121212121 0.06122448979592 0.002385391044064
0.1616161616162 0.06122448979592 -0.000957604120431
0.2020202020202 0.06122448979592 -0.004519864218868
0.2424242424242 0.06122448979592 -0.008122480395053
0.2828282828283 0.06122448979592 -0.01159916941276
0.3232323232323 0.06122448979592 -0.01479662446291
0.3636363636364 0.06122448979592 -0.01757688815391
0.4040404040404 0.06122448979592 -0.01982041582172
0.4444444444444 0.06122448979592 -0.02142902951784
0.4848484848485 0.06122448979592 -0.02232827265773
0.5252525252525 0.06122448979592 -0.02246888783307
0.5656565656566 0.06122448979592 -0.02182730634256
0.6060606060606 0.06122448979592 -0.02040517536027
0.6464646464646 0.06122448979592 -0.01822805937739
0.6868686868687 0.06122448979592 -0.01534353153057
0.7272727272727 0.06122448979592 -0.01181891066525
0.7676767676768 0.06122448979592 -0.007738895965851
0.8080808080808 0.06122448979592 -0.003203300902864
0.8484848484848 0.06122448979592 0.001675004480765
0.8888888888889 0.06122448979592 0.006771959291892
0.9292929292929 0.06122448979592 0.0119541418938
0.969696969697 0.06122448979592 0.01708084836233
1.010101010101 0.06122448979592 0.02200678241588
1.050505050505 0.06122448979592 0.02658571126967
1.090909090909 0.06122448979592 0.03067531407803
1.131313131313 0.06122448979592 0.03414319525209
1.171717171717 0.06122448979592 0.03687368662282
1.212121212121 0.06122448979592 0.03877470008247
1.252525252525 0.06122448979592 0.03978363074572
1.292929292929 0.06122448979592 0.03987126466858
1.333333333333 0.06122448979592 0.03904288637706
1.373737373737 0.06122448979592 0.03733628532552
1.414141414141 0.06122448979592 0.03481697502903
1.454545454545 0.06122448979592 0.03157146811405
1.494949494949 0.06122448979592 0.02769975325713
1.535353535354 0.06122448979592 0.02330813660472
1.575757575758 0.06122448979592 0.01850337500003
1.616161616162 0.06122448979592 0.01338864267494
1.656565656566 0.06122448979592 0.008061457298735
1.69696969697 0.06122448979592 0.002613341700245
1.737373737374 0.06122448979592 -0.002869234542971
1.777777777778 0.06122448979592 -0.008303196170378
1.818181818182 0.06122448979592 -0.01360704985367
1.858585858586 0.06122448979592 -0.01869940890634
1.89898989899 0.06122448979592 -0.02349822720305
1.939393939394 0.06122448979592 -0.02792097329707
1.979797979798 0.06122448979592 -0.0318858263208
2.020202020202 0.06122448979592 -0.03531382817435
2.060606060606 0.06122448979592 -0.03813179200828
2.10101010101 0.06122448979592 -0.04027565667513
2.141414141414 0.06122448979592 -0.04169390313814
2.181818181818 0.06122448979592 -0.04235062282356
2.222222222222 0.06122448979592 -0.04222785597477
2.262626262626 0.06122448979592 -0.04132689978304
2.30303030303 0.06122448979592 -0.03966841766827
2.343434343434 0.06122448979592 -0.03729135165117
2.383838383838 0.06122448979592 -0.03425080817845
2.424242424242 0.06122448979592 -0.03061521440918
2.464646464646 0.06122448979592 -0.02646311720023
2.505050505051 0.06122448979592 -0.02188001713872
2.545454545455 0.06122448979592 -0.01695559507803
2.585858585859 0.06122448979592 -0.01178160588637
2.626262626263 0.06122448979592 -0.006450595692346
2.666666666667 0.06122448979592 -0.001055459188021
2.707070707071 0.06122448979592 0.004310292866551
2.747474747475 0.06122448979592 0.00955182442734
2.787878787879 0.06122448979592 0.01457220720222
2.828282828283 0.06122448979592 0.01927205381092
2.868686868687 0.06122448979592 0.02355001925316
2.909090909091 0.06122448979592 0.02730456451835
2.949494949495 0.06122448979592 0.03043720502806
2.989898989899 0.06122448979592 0.03285720562852
3.030303030303 0.06122448979592 0.03448736891646
3.070707070707 0.06122448979592 0.03527026108273
3.111111111111 0.06122448979592 0.03517401307356
3.151515151515 0.06122448979592 0.0341967989996
3.191919191919 0.06122448979592 0.03236926081537
3.232323232323 0.06122448979592 0.02975448769306
3.272727272727 0.06122448979592 0.02644558122823
3.313131313131 0.06122448979592 0.02256122671637
3.353535353535 0.06122448979592 0.01823993514829
3.393939393939 0.06122448979592 0.01363366749271
3.434343434343 0.06122448979592 0.008901431786919
3.474747474747 0.06122448979592 0.004203227845737
3.515151515152 0.06122448979592 -0.0003055179621193
3.555555555556 0.06122448979592 -0.004479075909829
3.59595959596 0.06122448979592 -0.008186265328216
3.636363636364 0.06122448979592 -0.01131527157954
3.676767676768 0.06122448979592 -0.01377870240132
3.717171717172 0.06122448979592 -0.01551922579195
3.757575757576 0.06122448979592 -0.01651629344293
3.79797979798 0.06122448979592 -0.01679479742521
3.838383838384 0.06122448979592 -0.01643716619835
3.878787878788 0.06122448979592 -0.01560161397533
3.919191919192 0.06122448979592 -0.01455143876468
3.959595959596 0.06122448979592 -0.01370374786643
4 0.06122448979592 -0.01370374786643
0 0.08163265306122 0.01220418362296
0.04040404040404 0.08163265306122 0.01220418362296
0.08080808080808 0.08163265306122 0.008454416720337
0.1212121212121 0.08163265306122 0.003614036058147
0.1616161616162 0.08163265306122 -0.001939060128842
0.2020202020202 0.08163265306122 -0.007873185022368
0.2424242424242 0.08163265306122 -0.01388430396397
0.2828282828283 0.08163265306122 -0.01969015218878
0.3232323232323 0.08163265306122 -0.02503094849869
0.3636363636364 0.08163265306122 -0.0296732742474
0.4040404040404 0.08163265306122 -0.03341506799444
0.4444444444444 0.08163265306122 -0.03609045308425
0.4848484848485 0.08163265306122 -0.03757359480642
0.5252525252525 0.08163265306122 -0.03778112648028
0.5656565656566 0.08163265306122 -0.03667295620751
0.6060606060606 0.08163265306122 -0.03425149208068
0.6464646464646 0.08163265306122 -0.03055950519885
0.6868686868687 0.08163265306122 -0.02567697847265
0.7272727272727 0.08163265306122 -0.01971735384087
0.7676767676768 0.08163265306122 -0.0128235827687
0.8080808080808 0.08163265306122 -0.005164302526412
0.8484848484848 0.08163265306122 0.003069689844805
0.8888888888889 0.08163265306122 0.01166869564935
0.9292929292929 0.08163265306122 0.02040735738163
0.969696969697 0.08163265306122 0.02904833897674
1.010101010101 0.08163265306122 0.03734701589335
1.050505050505 0.08163265306122 0.04505772524249
1.090909090909 0.08163265306122 0.05194191450184
1.131313131313 0.08163265306122 0.05777811720506
1.171717171717 0.08163265306122 0.06237312973049
1.212121212121 0.08163265306122 0.06557319277137
1.252525252525 0.08163265306122 0.06727357507388
1.292929292929 0.08163265306122 0.06742489420543
1.333333333333 0.08163265306122 0.06603489901729
1.373737373737 0.08163265306122 0.0631652410163
1.414141414141 0.08163265306122 0.0589237379851
1.454545454545 0.08163265306122 0.05345347561816
1.494949494949 0.08163265306122 0.04692057893389
1.535353535354 0.08163265306122 0.03950251935135
1.575757575758 0.08163265306122 0.03137845680584
1.616161616162 0.08163265306122 0.02272250683252
1.656565656566 0.08163265306122 0.01370015914885
1.69696969697 0.08163265306122 0.00446751014029
1.737373737374 0.08163265306122 -0.004827409397303
1.777777777778 0.08163265306122 -0.01404211194068
1.818181818182 0.08163265306122 -0.02303684897336
1.858585858586 0.08163265306122 -0.03167232604863
1.89898989899 0.08163265306122 -0.03980855047067
1.939393939394 0.08163265306122 -0.04730519648871
1.979797979798 0.08163265306122 -0.05402362828938
2.020202020202 0.08163265306122 -0.05983047865992
2.060606060606 0.08163265306122 -0.0646024588123
2.10101010101 0.08163265306122 -0.06823189224456
2.141414141414 0.08163265306122 -0.07063234355441
2.181818181818 0.08163265306122 -0.07174367008156
2.222222222222 0.08163265306122 -0.07153587060906
2.262626262626 0.08163265306122 -0.07001123995377
2.30303030303 0.08163265306122 -0.06720455374082
2.343434343434 0.08163265306122 -0.06318128580553
2.383838383838 0.08163265306122 -0.05803413537708
2.424242424242 0.08163265306122 -0.0518783486159
2.464646464646 0.08163265306122 -0.04484644299733
2.505050505051 0.08163265306122 -0.03708297632616
2.545454545455 0.08163265306122 -0.02873994472935
2.585858585859 0.08163265306122 -0.01997325764168
2.626262626263 0.08163265306122 -0.01094054283035
2.666666666667 0.08163265306122 -0.001800304950285
2.707070707071 0.08163265306122 0.007287778410963
2.747474747475 0.08163265306122 0.01616186431495
2.787878787879 0.08163265306122 0.02465688177865
2.828282828283 0.08163265306122 0.03260413988828
2.868686868687 0.08163265306122 0.0398323579048
2.909090909091 0.08163265306122 0.04617074145776
2.949494949495 0.08163265306122 0.05145444743967
2.989898989899 0.08163265306122 0.0555323577584
3.030303030303 0.08163265306122 0.05827657757833
3.070707070707 0.08163265306122 0.05959259302739
3.111111111111 0.08163265306122 0.05942869885588
3.151515151515 0.08163265306122 0.05778325420704
3.191919191919 0.08163265306122 0.05470859408059
3.232323232323 0.08163265306122 0.05031096572312
3.272727272727 0.08163265306122 0.04474653229032
3.313131313131 0.08163265306122 0.03821410687249
3.353535353535 0.08163265306122 0.03094567349877
3.393939393939 0.08163265306122 0.02319583388331
3.434343434343 0.08163265306122 0.01523113423023
3.474747474747 0.08163265306122 0.007319888785539
3.515151515152 0.08163265306122 -0.0002772519296139
3.555555555556 0.08163265306122 -0.007316047239442
3.59595959596 0.08163265306122 -0.01357698931945
3.636363636364 0.08163265306122 -0.01887357639489
3.676767676768 0.08163265306122 -0.02306097934719
3.717171717172 0.08163265306122 -0.02604565264878
3.757575757576 0.08163265306122 -0.02779668131107
3.79797979798 0.08163265306122 -0.02836014039039
3.838383838384 0.08163265306122 -0.0278786039033
3.878787878788 0.08163265306122 -0.026619307032
3.919191919192 0.08163265306122 -0.02501625857628
3.959595959596 0.08163265306122 -0.02373224227369
4 0.08163265306122 -0.02373224227369
0 0.1020408163265 0.01721676608638
0.04040404040404 0.1020408163265 0.01721676608638
0.08080808080808 0.1020408163265 0.01180054091779
0.1212121212121 0.1020408163265 0.004760840090851
0.1616161616162 0.1020408163265 -0.003349279466345
0.2020202020202 0.1020408163265 -0.0120378698257
0.2424242424242 0.1020408163265 -0.02085223301146
0.2828282828283 0.1020408163265 -0.02937202218727
0.3232323232323 0.1020408163265 -0.0372107581158
0.3636363636364 0.1020408163265 -0.04402156642327
0.4040404040404 0.1020408163265 -0.04950442529023
0.4444444444444 0.1020408163265 -0.0534131480183
0.4848484848485 0.1020408163265 -0.05556096000188
0.5252525252525 0.1020408163265 -0.05582400688541
0.5656565656566 0.1020408163265 -0.05414251945332
0.6060606060606 0.1020408163265 -0.05051968606484
0.6464646464646 0.1020408163265 -0.04501854463012
0.6868686868687 0.1020408163265 -0.03775739022573
0.7272727272727 0.1020408163265 -0.02890428575908
0.7676767676768 0.1020408163265 -0.01867125023334
0.8080808080808 0.1020408163265 -0.007308579906022
0.8484848484848 0.1020408163265 0.004900457714879
0.8888888888889 0.1020408163265 0.01764460286
0.9292929292929 0.1020408163265 0.03058961395251
0.969696969697 0.1020408163265 0.04338394471407
1.010101010101 0.1020408163265 0.05566588319045
1.050505050505 0.1020408163265 0.06707290629178
1.090909090909 0.1020408163265 0.07725369627151
1.131313131313 0.1020408163265 0.0858826837291
1.171717171717 0.1020408163265 0.09267620423952
1.212121212121 0.1020408163265 0.09740856257543
1.252525252525 0.1020408163265 0.09992574111453
1.292929292929 0.1020408163265 0.1001544130593
1.333333333333 0.1020408163265 0.09810447550339
1.373737373737 0.1020408163265 0.09386444571007
1.414141414141 0.1020408163265 0.08759043292122
1.454545454545 0.1020408163265 0.07949058075721
1.494949494949 0.1020408163265 0.06980756284269
1.535353535354 0.1020408163265 0.05880177161068
1.575757575758 0.1020408163265 0.04673733538314
1.616161616162 0.1020408163265 0.03387224868246
1.656565656566 0.1020408163265 0.02045296752386
1.69696969697 0.1020408163265 0.006713020047906
1.737373737374 0.1020408163265 -0.007125366596628
1.777777777778 0.1020408163265 -0.02084789343637
1.818181818182 0.1020408163265 -0.03424437105823
1.858585858586 0.1020408163265 -0.04710560675574
1.89898989899 0.1020408163265 -0.05922188657414
1.939393939394 0.1020408163265 -0.07038361649467
1.979797979798 0.1020408163265 -0.08038433489672
2.020202020202 0.1020408163265 -0.08902595685961
2.060606060606 0.1020408163265 -0.09612578686931
2.10101010101 0.1020408163265 -0.101524569704
2.141414141414 0.1020408163265 -0.105094670679
2.181818181818 0.1020408163265 -0.1067474129648
2.222222222222 0.1020408163265 -0.1064386666857
2.262626262626 0.1020408163265 -0.1041719797458
2.30303030303 0.1020408163265 -0.0999988516722
2.343434343434 0.1020408163265 -0.09401615302612
2.383838383838 0.1020408163265 -0.08636108933253
2.424242424242 0.1020408163265 -0.0772044082693
2.464646464646 0.1020408163265 -0.06674272860939
2.505050505051 0.1020408163265 -0.05519091755476
2.545454545455 0.1020408163265 -0.04277535913322
2.585858585859 0.1020408163265 -0.02972875772523
2.626262626263 0.1020408163265 -0.01628683747911
2.666666666667 0.1020408163265 -0.002686965952726
2.707070707071 0.1020408163265 0.010831614727
2.747474747475 0.1020408163265 0.02402658744109
2.787878787879 0.1020408163265 0.03665128937267
2.828282828283 0.1020408163265 0.04845442739533
2.868686868687 0.1020408163265 0.05918184145297
2.909090909091 0.1020408163265 0.06858118786102
2.949494949495 0.1020408163265 0.07641000759237
2.989898989899 0.1020408163265 0.08244704256997
3.030303030303 0.1020408163265 0.08650595056589
3.070707070707 0.1020408163265 0.08844989565546
3.111111111111 0.1020408163265 0.08820504051496
3.151515151515 0.1020408163265 0.08577089935803
3.191919191919 0.1020408163265 0.08122589315475
3.232323232323 0.1020408163265 0.07472721152787
3.272727272727 0.1020408163265 0.06650503169505
3.313131313131 0.1020408163265 0.05685201879833
3.353535353535 0.1020408163265 0.04610959032394
3.393939393939 0.1020408163265 0.03465255151674
3.434343434343 0.1020408163265 0.02287345963654
3.474747474747 0.1020408163265 0.01116760812895
3.515151515152 0.1020408163265 -8.099400583809e-05
3.555555555556 0.1020408163265 -0.01051270705798
3.59595959596 0.1020408163265 -0.01980476249683
3.636363636364 0.1020408163265 -0.02768369873559
3.676767676768 0.1020408163265 -0.03393835014781
3.717171717172 0.1020408163265 -0.03843415220208
3.757575757576 0.1020408163265 -0.04112982707354
3.79797979798 0.1020408163265 -0.04209809021059
3.838383838384 0.1020408163265 -0.04155295645137
3.878787878788 0.1020408163265 -0.03988746866783
3.919191919192 0.1020408163265 -0.0377265720433
3.959595959596 0.1020408163265 -0.03599751281919
4 0.1020408163265 -0.03599751281919
0 0.1224489795918 0.02237469056099
0.04040404040404 0.1224489795918 0.02237469056099
0.08080808080808 0.1224489795918 0.01514923135898
0.1212121212121 0.1224489795918 0.005705118662243
0.1616161616162 0.1224489795918 -0.005214098677417
0.2020202020202 0.1224489795918 -0.01693838740732
0.2424242424242 0.1224489795918 -0.02884819837875
0.2828282828283 0.1224489795918 -0.0403676518835
0.3232323232323 0.1224489795918 -0.05096746810889
0.3636363636364 0.1224489795918 -0.06017296428385
0.4040404040404 0.1224489795918 -0.06757385722038
0.4444444444444 0.1224489795918 -0.07283363427864
0.4848484848485 0.1224489795918 -0.07569701743267
0.5252525252525 0.1224489795918 -0.07599465017848
0.5656565656566 0.1224489795918 -0.07364464445682
0.6060606060606 0.1224489795918 -0.06865105434953
0.6464646464646 0.1224489795918 -0.061099689003
0.6868686868687 0.1224489795918 -0.05115192000517
0.7272727272727 0.1224489795918 -0.03903725731741
0.7676767676768 0.1224489795918 -0.02504544845461
0.8080808080808 0.1224489795918 -0.009518696153091
0.8484848484848 0.1224489795918 0.007155694652347
0.8888888888889 0.1224489795918 0.02455230376181
0.9292929292929 0.1224489795918 0.04221468509336
0.969696969697 0.1224489795918 0.05966338106242
1.010101010101 0.1224489795918 0.07640588263325
1.050505050505 0.1224489795918 0.09194948940553
1.090909090909 0.1224489795918 0.1058176142013
1.131313131313 0.1224489795918 0.117569315221
1.171717171717 0.1224489795918 0.1268208313937
1.212121212121 0.1224489795918 0.133266876898
1.252525252525 0.1224489795918 0.1366987421908
1.292929292929 0.1224489795918 0.1370161640168
1.333333333333 0.1224489795918 0.1342306539455
1.373737373737 0.1224489795918 0.128459441291
1.414141414141 0.1224489795918 0.1199109615503
1.454545454545 0.1224489795918 0.1088643565155
1.494949494949 0.1224489795918 0.09564635067641
1.535353535354 0.1224489795918 0.08060895395457
1.575757575758 0.1224489795918 0.06411079721328
1.616161616162 0.1224489795918 0.04650381056517
1.656565656566 0.1224489795918 0.02812574185983
1.69696969697 0.1224489795918 0.00929796215373
1.737373737374 0.1224489795918 -0.009672725067126
1.777777777778 0.1224489795918 -0.0284899251139
1.818181818182 0.1224489795918 -0.04686285314277
1.858585858586 0.1224489795918 -0.06450242204278
1.89898989899 0.1224489795918 -0.08111940657246
1.939393939394 0.1224489795918 -0.09642544718782
1.979797979798 0.1224489795918 -0.1101371896641
2.020202020202 0.1224489795918 -0.1219833859968
2.060606060606 0.1224489795918 -0.1317143458157
2.10101010101 0.1224489795918 -0.1391127667342
2.141414141414 0.1224489795918 -0.1440047294326
2.181818181818 0.1224489795918 -0.1462695558686
2.222222222222 0.1224489795918 -0.145847317911
2.262626262626 0.1224489795918 -0.142743045406
2.30303030303 0.1224489795918 -0.1370270992715
2.343434343434 0.1224489795918 -0.1288317118345
2.383838383838 0.1224489795918 -0.1183442268996
2.424242424242 0.1224489795918 -0.1057979732778
2.464646464646 0.1224489795918 -0.09146194645169
2.505050505051 0.1224489795918 -0.07563053684747
2.545454545455 0.1224489795918 -0.05861442886132
2.585858585859 0.1224489795918 -0.040733526506
2.626262626263 0.1224489795918 -0.02231238046591
2.666666666667 0.1224489795918 -0.003678146343085
2.707070707071 0.1224489795918 0.01483935511474
2.747474747475 0.1224489795918 0.03290632887831
2.787878787879 0.1224489795918 0.050183639592
2.828282828283 0.1224489795918 0.06632677913486
2.868686868687 0.1224489795918 0.0809885542202
2.909090909091 0.1224489795918 0.09382561952863
2.949494949495 0.1224489795918 0.1045094397055
2.989898989899 0.1224489795918 0.1127414716982
3.030303030303 0.1224489795918 0.1182714297228
3.070707070707 0.1224489795918 0.1209166225081
3.111111111111 0.1224489795918 0.1205797736039
3.151515151515 0.1224489795918 0.1172626551736
3.191919191919 0.1224489795918 0.1110733682009
3.232323232323 0.1224489795918 0.1022260948822
3.272727272727 0.1224489795918 0.09103337797656
3.313131313131 0.1224489795918 0.07789211918759
3.353535353535 0.1224489795918 0.06326522002145
3.393939393939 0.1224489795918 0.04766095966798
3.434343434343 0.1224489795918 0.03161189264257
3.474747474747 0.1224489795918 0.01565445202648
3.515151515152 0.1224489795918 0.0003097779842827
3.555555555556 0.1224489795918 -0.01393427573578
3.59595959596 0.1224489795918 -0.02664039222272
3.636363636364 0.1224489795918 -0.03743895302309
3.676767676768 0.1224489795918 -0.0460458979464
3.717171717172 0.1224489795918 -0.05228223813904
3.757575757576 0.1224489795918 -0.05609651197095
3.79797979798 0.1224489795918 -0.0575920815448
3.838383838384 0.1224489795918 -0.05706207080478
3.878787878788 0.1224489795918 -0.05503569524668
3.919191919192 0.1224489795918 -0.05233966258355
3.959595959596 0.1224489795918 -0.05017387951802
4 0.1224489795918 -0.05017387951802
0 0.1428571428571 0.02747118042525
0.04040404040404 0.1428571428571 0.02747118042525
0.08080808080808 0.1428571428571 0.01834395127359
0.1212121212121 0.1428571428571 0.006359033954004
0.1616161616162 0.1428571428571 -0.007540291051113
0.2020202020202 0.1428571428571 -0.02249370817597
0.2424242424242 0.1428571428571 -0.03770158530358
0.2828282828283 0.1428571428571 -0.05241942374554
0.3232323232323 0.1428571428571 -0.06596290163059
0.3636363636364 0.1428571428571 -0.07771856712653
0.4040404040404 0.1428571428571 -0.08715648834772
0.4444444444444 0.1428571428571 -0.09384221464783
0.4848484848485 0.1428571428571 -0.09744625946438
0.5252525252525 0.1428571428571 -0.09775003478102
0.5656565656566 0.1428571428571 -0.09464779019791
0.6060606060606 0.1428571428571 -0.08814464438079
0.6464646464646 0.1428571428571 -0.07835122865911
0.6868686868687 0.1428571428571 -0.0654757651131
0.7272727272727 0.1428571428571 -0.04981454772993
0.7676767676768 0.1428571428571 -0.03174176773692
0.8080808080808 0.1428571428571 -0.01169942221098
0.8484848484848 0.1428571428571 0.009812310834335
0.8888888888889 0.1428571428571 0.03224431156389
0.9292929292929 0.1428571428571 0.05500795029453
0.969696969697 0.1428571428571 0.07748572043273
1.010101010101 0.1428571428571 0.09904431314327
1.050505050505 0.1428571428571 0.1190512792723
1.090909090909 0.1428571428571 0.1368959078006
1.131313131313 0.1428571428571 0.1520140075781
1.171717171717 0.1428571428571 0.1639150429924
1.212121212121 0.1428571428571 0.1722088320584
1.252525252525 0.1428571428571 0.1766281608459
1.292929292929 0.1428571428571 0.1770435789679
1.333333333333 0.1428571428571 0.1734675426545
1.373737373737 0.1428571428571 0.1660468763562
1.414141414141 0.1428571428571 0.1550447046674
1.454545454545 0.1428571428571 0.1408148935879
1.494949494949 0.1428571428571 0.1237731517507
1.535353535354 0.1428571428571 0.1043690600921
1.575757575758 0.1428571428571 0.08306252086147
1.616161616162 0.1428571428571 0.06030677741246
1.656565656566 0.1428571428571 0.03653866430262
1.69696969697 0.1428571428571 0.01217544404266
1.737373737374 0.1428571428571 -0.01238333011078
1.777777777778 0.1428571428571 -0.03675096440711
1.818181818182 0.1428571428571 -0.06054791495081
1.858585858586 0.1428571428571 -0.08339713454761
1.89898989899 0.1428571428571 -0.1049219821545
1.939393939394 0.1428571428571 -0.1247476731722
1.979797979798 0.1428571428571 -0.1425066621099
2.020202020202 0.1428571428571 -0.1578477526975
2.060606060606 0.1428571428571 -0.1704481736327
2.10101010101 0.1428571428571 -0.1800273948188
2.141414141414 0.1428571428571 -0.186361145314
2.181818181818 0.1428571428571 -0.1892939789965
2.222222222222 0.1428571428571 -0.1887488450691
2.262626262626 0.1428571428571 -0.1847324532596
2.30303030303 0.1428571428571 -0.1773357531629
2.343434343434 0.1428571428571 -0.1667295291729
2.383838383838 0.1428571428571 -0.1531557866324
2.424242424242 0.1428571428571 -0.136916115085
2.464646464646 0.1428571428571 -0.1183585208204
2.505050505051 0.1428571428571 -0.09786430032521
2.545454545455 0.1428571428571 -0.07583637760268
2.585858585859 0.1428571428571 -0.05269018360166
2.626262626263 0.1428571428571 -0.02884766927971
2.666666666667 0.1428571428571 -0.004734478903679
2.707070707071 0.1428571428571 0.01922026816036
2.747474747475 0.1428571428571 0.04258266769353
2.787878787879 0.1428571428571 0.06491269003745
2.828282828283 0.1428571428571 0.08576454209519
2.868686868687 0.1428571428571 0.1046904461715
2.909090909091 0.1428571428571 0.121249211601
2.949494949495 0.1428571428571 0.1350202918216
2.989898989899 0.1428571428571 0.1456230338616
3.030303030303 0.1428571428571 0.1527396797718
3.070707070707 0.1428571428571 0.1561396089126
3.111111111111 0.1428571428571 0.1557016055991
3.151515151515 0.1428571428571 0.1514308464675
3.191919191919 0.1428571428571 0.1434679265006
3.232323232323 0.1428571428571 0.1320884668183
3.272727272727 0.1428571428571 0.117693359819
3.313131313131 0.1428571428571 0.100791108724
3.353535353535 0.1428571428571 0.08197462488458
3.393939393939 0.1428571428571 0.06189506736376
3.434343434343 0.1428571428571 0.04123493885015
3.474747474747 0.1428571428571 0.02068192869879
3.515151515152 0.1428571428571 0.0009041797475695
3.555555555556 0.1428571428571 -0.0174730428025
3.59595959596 0.1428571428571 -0.03388978365667
3.636363636364 0.1428571428571 -0.04787370716971
3.676767676768 0.1428571428571 -0.05906321780096
3.717171717172 0.1428571428571 -0.06723250266699
3.757575757576 0.1428571428571 -0.07231994571082
3.79797979798 0.1428571428571 -0.07446195243283
3.838383838384 0.1428571428571 -0.07403502148827
3.878787878788 0.1428571428571 -0.07170951449676
3.919191919192 0.1428571428571 -0.06851776468867
3.959595959596 0.1428571428571 -0.06593381358624
4 0.1428571428571 -0.06593381358624
0 0.1632653061224 0.0323473535125
0.04040404040404 0.1632653061224 0.0323473535125
0.08080808080808 0.1632653061224 0.02126747988345
0.1212121212121 0.1632653061224 0.006663297655431
0.1616161616162 0.1632653061224 -0.01031775706143
0.2020202020202 0.1632653061224 -0.02861772821261
0.2424242424242 0.1632653061224 -0.04724814157616
0.2828282828283 0.1632653061224 -0.0652868182274
0.3232323232323 0.1632653061224 -0.08188573529129
0.3636363636364 0.1632653061224 -0.09628485731319
0.4040404040404 0.1632653061224 -0.1078279141825
0.4444444444444 0.1632653061224 -0.1159771304365
0.4848484848485 0.1632653061224 -0.1203248317379
0.5252525252525 0.1632653061224 -0.1206006742943
0.5656565656566 0.1632653061224 -0.116673975112
0.6060606060606 0.1632653061224 -0.1085512589068
0.6464646464646 0.1632653061224 -0.09636965530889
0.6868686868687 0.1632653061224 -0.08038714192201
0.7272727272727 0.1632653061224 -0.06097080138518
0.7676767676768 0.1632653061224 -0.03858422346525
0.8080808080808 0.1632653061224 -0.01377493697802
0.8484848484848 0.1632653061224 0.0128376720821
0.8888888888889 0.1632653061224 0.0405740532343
0.9292929292929 0.1632653061224 0.06870648064733
0.969696969697 0.1632653061224 0.09647252566664
1.010101010101 0.1632653061224 0.1230914626126
1.050505050505 0.1632653061224 0.1477849301332
1.090909090909 0.1632653061224 0.1698025470887
1.131313131313 0.1632653061224 0.1884520616666
1.171717171717 0.1632653061224 0.2031321552514
1.212121212121 0.1632653061224 0.2133645680336
1.252525252525 0.1632653061224 0.2188212222771
1.292929292929 0.1632653061224 0.2193419304928
1.333333333333 0.1632653061224 0.2149393495107
1.373737373737 0.1632653061224 0.2057899740261
1.414141414141 0.1632653061224 0.1922125370548
1.454545454545 0.1632653061224 0.174637414432
1.494949494949 0.1632653061224 0.1535719519321
1.535353535354 0.1632653061224 0.1295667877624
1.575757575758 0.1632653061224 0.1031873406043
1.616161616162 0.1632653061224 0.07499306121134
1.656565656566 0.1632653061224 0.04552528233839
1.69696969697 0.1632653061224 0.01530294932466
1.737373737374 0.1632653061224 -0.01517559187874
1.777777777778 0.1632653061224 -0.04542716394221
1.818181818182 0.1632653061224 -0.07497722748346
1.858585858586 0.1632653061224 -0.1033545614421
1.89898989899 0.1632653061224 -0.1300889876023
1.939393939394 0.1632653061224 -0.1547133447426
1.979797979798 0.1632653061224 -0.1767702105545
2.020202020202 0.1632653061224 -0.1958231427354
2.060606060606 0.1632653061224 -0.2114715263714
2.10101010101 0.1632653061224 -0.2233675411416
2.141414141414 0.1632653061224 -0.2312333702694
2.181818181818 0.1632653061224 -0.2348766257107
2.222222222222 0.1632653061224 -0.2342020968589
2.262626262626 0.1632653061224 -0.2292183375457
2.30303030303 0.1632653061224 -0.2200382556731
2.343434343434 0.1632653061224 -0.2068737057925
2.383838383838 0.1632653061224 -0.1900249116777
2.424242424242 0.1632653061224 -0.1698661720604
2.464646464646 0.1632653061224 -0.1468296777465
2.505050505051 0.1632653061224 -0.1213893626493
2.545454545455 0.1632653061224 -0.09404652389932
2.585858585859 0.1632653061224 -0.06531851846582
2.626262626263 0.1632653061224 -0.03573124441407
2.666666666667 0.1632653061224 -0.005815424421603
2.707070707071 0.1632653061224 0.02389399168294
2.747474747475 0.1632653061224 0.05285662234894
2.787878787879 0.1632653061224 0.08052545610156
2.828282828283 0.1632653061224 0.1063477371714
2.868686868687 0.1632653061224 0.1297699722985
2.909090909091 0.1632653061224 0.1502486753301
2.949494949495 0.1632653061224 0.1672676392151
2.989898989899 0.1632653061224 0.1803613463769
3.030303030303 0.1632653061224 0.1891427671525
3.070707070707 0.1632653061224 0.1933325339903
3.111111111111 0.1632653061224 0.1927856556337
3.151515151515 0.1632653061224 0.1875118393739
3.191919191919 0.1632653061224 0.1776862354523
3.232323232323 0.1632653061224 0.1636488681544
3.272727272727 0.1632653061224 0.1458928066329
3.313131313131 0.1632653061224 0.1250427872713
3.353535353535 0.1632653061224 0.1018270773364
3.393939393939 0.1632653061224 0.07704564262926
3.434343434343 0.1632653061224 0.0515372586456
3.474747474747 0.1632653061224 0.02614736263087
3.515151515152 0.1632653061224 0.001697488688559
3.555555555556 0.1632653061224 -0.0210436963866
3.59595959596 0.1632653061224 -0.04138831031007
3.636363636364 0.1632653061224 -0.05875700169696
3.676767676768 0.1632653061224 -0.07270757507022
3.717171717172 0.1632653061224 -0.08296571741916
3.757575757576 0.1632653061224 -0.08945936643928
3.79797979798 0.1632653061224 -0.09235879813857
3.838383838384 0.1632653061224 -0.09212518167805
3.878787878788 0.1632653061224 -0.08957069871248
3.919191919192 0.1632653061224 -0.08593214847185
3.959595959596 0.1632653061224 -0.08295476948758
4 0.1632653061224 -0.08295476948758
0 0.1836734693878 0.03688431429731
0.04040404040404 0.1836734693878 0.03688431429731
0.08080808080808 0.1836734693878 0.02383591286629
0.1212121212121 0.1836734693878 0.006583168919247
0.1616161616162 0.1836734693878 -0.0135217106101
0.2020202020202 0.1836734693878 -0.03521986918998
0.2424242424242 0.1836734693878 -0.05732919547424
0.2828282828283 0.1836734693878 -0.07874442686895
0.3232323232323 0.1836734693878 -0.09844847335949
0.3636363636364 0.1836734693878 -0.1155298039885
0.4040404040404 0.1836734693878 -0.1292016119733
0.4444444444444 0.1836734693878 -0.1388194662621
0.4848484848485 0.1836734693878 -0.143895123959
0.5252525252525 0.1836734693878 -0.1441050847393
0.5656565656566 0.1836734693878 -0.13929330227
0.6060606060606 0.1836734693878 -0.1294682049989
0.6464646464646 0.1836734693878 -0.1147947802852
0.6868686868687 0.1836734693878 -0.09558289558882
0.7272727272727 0.1836734693878 -0.07227322776367
0.7676767676768 0.1836734693878 -0.04542212311972
0.8080808080808 0.1836734693878 -0.01568641929169
0.8484848484848 0.1836734693878 0.01619124103992
0.8888888888889 0.1836734693878 0.04939671583084
0.9292929292929 0.1836734693878 0.08305907575193
0.969696969697 0.1836734693878 0.1162670781206
1.010101010101 0.1836734693878 0.148089046635
1.050505050505 0.1836734693878 0.1775976382727
1.090909090909 0.1836734693878 0.2039002499777
1.131313131313 0.1836734693878 0.2261745269961
1.171717171717 0.1836734693878 0.2437067690072
1.212121212121 0.1836734693878 0.2559293783148
1.252525252525 0.1836734693878 0.2624523795528
1.292929292929 0.1836734693878 0.263083957394
1.333333333333 0.1836734693878 0.2578361977384
1.373737373737 0.1836734693878 0.246914660178
1.414141414141 0.1836734693878 0.2306933539546
1.454545454545 0.1836734693878 0.2096792441293
1.494949494949 0.1836734693878 0.184471938154
1.535353535354 0.1836734693878 0.1557243971899
1.575757575758 0.1836734693878 0.1241095014595
1.616161616162 0.1836734693878 0.09029551013735
1.656565656566 0.1836734693878 0.05493143599747
1.69696969697 0.1836734693878 0.01864156205699
1.737373737374 0.1836734693878 -0.01797296461045
1.777777777778 0.1836734693878 -0.05432823493929
1.818181818182 0.1836734693878 -0.08985032444578
1.858585858586 0.1836734693878 -0.1239693882229
1.89898989899 0.1836734693878 -0.1561172700863
1.939393939394 0.1836734693878 -0.1857300687791
1.979797979798 0.1836734693878 -0.2122562771929
2.020202020202 0.1836734693878 -0.2351702509024
2.060606060606 0.1836734693878 -0.2539899449584
2.10101010101 0.1836734693878 -0.2682971666742
2.141414141414 0.1836734693878 -0.2777581153348
2.181818181818 0.1836734693878 -0.2821417950083
2.222222222222 0.1836734693878 -0.2813340398405
2.262626262626 0.1836734693878 -0.2753453767348
2.30303030303 0.1836734693878 -0.2643117266094
2.343434343434 0.1836734693878 -0.2484879431469
2.383838383838 0.1836734693878 -0.2282351751021
2.424242424242 0.1836734693878 -0.2040037868662
2.464646464646 0.1836734693878 -0.1763140187519
2.505050505051 0.1836734693878 -0.1457366762276
2.545454545455 0.1836734693878 -0.112875906292
2.585858585859 0.1836734693878 -0.07835560170048
2.626262626263 0.1836734693878 -0.04281025534735
2.666666666667 0.1836734693878 -0.006880266495757
2.707070707071 0.1836734693878 0.02878912428383
2.747474747475 0.1836734693878 0.06354683141916
2.787878787879 0.1836734693878 0.09673497329391
2.828282828283 0.1836734693878 0.1276903907323
2.868686868687 0.1836734693878 0.1557509846052
2.909090909091 0.1836734693878 0.1802687149998
2.949494949495 0.1836734693878 0.2006301336187
2.989898989899 0.1836734693878 0.2162839543429
3.030303030303 0.1836734693878 0.2267736008847
3.070707070707 0.1836734693878 0.2317712282552
3.111111111111 0.1836734693878 0.2311087818812
3.151515151515 0.1836734693878 0.2248015604355
3.191919191919 0.1836734693878 0.2130606127354
3.232323232323 0.1836734693878 0.1962919656151
3.272727272727 0.1836734693878 0.1750827301684
3.313131313131 0.1836734693878 0.1501760365325
3.353535353535 0.1836734693878 0.1224379892063
3.393939393939 0.1836734693878 0.09282016034259
3.434343434343 0.1836734693878 0.06232066990719
3.474747474747 0.1836734693878 0.03194595107931
3.515151515152 0.1836734693878 0.002674213481891
3.555555555556 0.1836734693878 -0.02457932510882
3.59595959596 0.1836734693878 -0.04899602257012
3.636363636364 0.1836734693878 -0.06988716120384
3.676767676768 0.1836734693878 -0.08672819238195
3.717171717172 0.1836734693878 -0.0991951644893
3.757575757576 0.1836734693878 -0.1072049014815
3.79797979798 0.1836734693878 -0.1109609725594
3.838383838384 0.1836734693878 -0.1110080569592
3.878787878788 0.1836734693878 -0.1082975218814
3.919191919192 0.1836734693878 -0.1042658802081
3.959595959596 0.1836734693878 -0.1009235422647
4 0.1836734693878 -0.1009235422647
0 0.2040816326531 0.0409965513236
0.04040404040404 0.2040816326531 0.0409965513236
0.08080808080808 0.2040816326531 0.02599344456262
0.1212121212121 0.2040816326531 0.00610481557075
0.1616161616162 0.2040816326531 -0.01711478557746
0.2020202020202 0.2040816326531 -0.04220579119788
0.2424242424242 0.2040816326531 -0.06779113039078
0.2828282828283 0.2040816326531 -0.09258034050552
0.3232323232323 0.2040816326531 -0.1153848990557
0.3636363636364 0.2040816326531 -0.1351395305783
0.4040404040404 0.2040816326531 -0.1509249846798
0.4444444444444 0.2040816326531 -0.1619887376501
0.4848484848485 0.2040816326531 -0.1677610717429
0.5252525252525 0.2040816326531 -0.1678649693693
0.5656565656566 0.2040816326531 -0.1621191880043
0.6060606060606 0.2040816326531 -0.1505347139232
0.6464646464646 0.2040816326531 -0.1333054754146
0.6868686868687 0.2040816326531 -0.1107946714552
0.7272727272727 0.2040816326531 -0.08351829194625
0.7676767676768 0.2040816326531 -0.05212734434524
0.8080808080808 0.2040816326531 -0.01738996371327
0.8484848484848 0.2040816326531 0.01982598971983
0.8888888888889 0.2040816326531 0.05856996798514
0.9292929292929 0.2040816326531 0.09782628873373
0.969696969697 0.2040816326531 0.1365337155096
1.010101010101 0.2040816326531 0.1736088850116
1.050505050505 0.2040816326531 0.2079752018848
1.090909090909 0.2040816326531 0.2385979909109
1.131313131313 0.2040816326531 0.2645252455742
1.171717171717 0.2040816326531 0.2849314541974
1.212121212121 0.2040816326531 0.2991601545738
1.252525252525 0.2040816326531 0.306759644886
1.292929292929 0.2040816326531 0.307506206951
1.333333333333 0.2040816326531 0.3014105921869
1.373737373737 0.2040816326531 0.2887062472804
1.414141414141 0.2040816326531 0.269821040778
1.454545454545 0.2040816326531 0.24533710694
1.494949494949 0.2040816326531 0.2159451371927
1.535353535354 0.2040816326531 0.1823996871511
1.575757575758 0.2040816326531 0.1454809550796
1.616161616162 0.2040816326531 0.1059665030847
1.656565656566 0.2040816326531 0.06461413437271
1.69696969697 0.2040816326531 0.02215511950493
1.737373737374 0.2040816326531 -0.02070450899392
1.777777777778 0.2040816326531 -0.06327770151959
1.818181818182 0.2040816326531 -0.1048885138869
1.858585858586 0.2040816326531 -0.1448656974366
1.89898989899 0.2040816326531 -0.1825402572129
1.939393939394 0.2040816326531 -0.2172486671458
1.979797979798 0.2040816326531 -0.2483424874503
2.020202020202 0.2040816326531 -0.2752041356208
2.060606060606 0.2040816326531 -0.2972676070755
2.10101010101 0.2040816326531 -0.3140421253717
2.141414141414 0.2040816326531 -0.3251361321898
2.181818181818 0.2040816326531 -0.3302787994013
2.222222222222 0.2040816326531 -0.3293364171832
2.262626262626 0.2040816326531 -0.3223215787219
2.30303030303 0.2040816326531 -0.3093939919737
2.343434343434 0.2040816326531 -0.2908529158669
2.383838383838 0.2040816326531 -0.267122373433
2.424242424242 0.2040816326531 -0.2387311723108
2.464646464646 0.2040816326531 -0.2062902842639
2.505050505051 0.2040816326531 -0.170470254499
2.545454545455 0.2040816326531 -0.1319810312234
2.585858585859 0.2040816326531 -0.0915559915105
2.626262626263 0.2040816326531 -0.04994109564932
2.666666666667 0.2040816326531 -0.007889147649255
2.707070707071 0.2040816326531 0.03384180941589
2.747474747475 0.2040816326531 0.0744877709323
2.787878787879 0.2040816326531 0.1132781540568
2.828282828283 0.2040816326531 0.1494380340992
2.868686868687 0.2040816326531 0.1821958803131
2.909090909091 0.2040816326531 0.2107988406713
2.949494949495 0.2040816326531 0.234536512679
2.989898989899 0.2040816326531 0.2527725904258
3.030303030303 0.2040816326531 0.2649820203377
3.070707070707 0.2040816326531 0.270789690577
3.111111111111 0.2040816326531 0.2700056489376
3.151515151515 0.2040816326531 0.2626517495597
3.191919191919 0.2040816326531 0.2489756061797
3.232323232323 0.2040816326531 0.2294495977768
3.272727272727 0.2040816326531 0.2047549655122
3.313131313131 0.2040816326531 0.1757531679074
3.353535353535 0.2040816326531 0.1434480555133
3.393939393939 0.2040816326531 0.1089428040602
3.434343434343 0.2040816326531 0.07339503978645
3.474747474747 0.2040816326531 0.03797254458486
3.515151515152 0.2040816326531 0.00381072559376
3.555555555556 0.2040816326531 -0.02802801426147
3.59595959596 0.2040816326531 -0.05659359750711
3.636363636364 0.2040816326531 -0.08108727933499
3.676767676768 0.2040816326531 -0.1009015173217
3.717171717172 0.2040816326531 -0.115662011183
3.757575757576 0.2040816326531 -0.1252734555188
3.79797979798 0.2040816326531 -0.1299709628236
3.838383838384 0.2040816326531 -0.1303796188407
3.878787878788 0.2040816326531 -0.1275848613788
3.919191919192 0.2040816326531 -0.1232155774615
3.959595959596 0.2040816326531 -0.1195389727883
4 0.2040816326531 -0.1195389727883
0 0.2244897959184 0.04462640831147
0.04040404040404 0.2244897959184 0.04462640831147
0.08080808080808 0.2244897959184 0.02770786157781
0.1212121212121 0.2244897959184 0.00523205245507
0.1616161616162 0.2244897959184 -0.02104902180374
0.2020202020202 0.2244897959184 -0.04947817406587
0.2424242424242 0.2244897959184 -0.0784850727304
0.2828282828283 0.2244897959184 -0.1065948681232
0.3232323232323 0.2244897959184 -0.1324479546591
0.3636363636364 0.2244897959184 -0.154825492293
0.4040404040404 0.2244897959184 -0.1726759784803
0.4444444444444 0.2244897959184 -0.1851390965481
0.4848484848485 0.2244897959184 -0.1915641005116
0.5252525252525 0.2244897959184 -0.1915210493409
0.5656565656566 0.2244897959184 -0.1848042208859
0.6060606060606 0.2244897959184 -0.1714279585298
0.6464646464646 0.2244897959184 -0.1516159638491
0.6868686868687 0.2244897959184 -0.1257855769362
0.7272727272727 0.2244897959184 -0.09452882680411
0.7676767676768 0.2244897959184 -0.0585919585869
0.8080808080808 0.2244897959184 -0.01885475975304
0.8484848484848 0.2244897959184 0.02368963612398
0.8888888888889 0.2244897959184 0.06795459816898
0.9292929292929 0.2244897959184 0.1127804656653
0.969696969697 0.2244897959184 0.1569572857879
1.010101010101 0.2244897959184 0.1992517978258
1.050505050505 0.2244897959184 0.2384404022815
1.090909090909 0.2244897959184 0.2733489256421
1.131313131313 0.2244897959184 0.3028983934042
1.171717171717 0.2244897959184 0.3261539936468
1.212121212121 0.2244897959184 0.3423724268444
1.252525252525 0.2244897959184 0.351041523675
1.292929292929 0.2244897959184 0.3519059577241
1.333333333333 0.2244897959184 0.3449744172911
1.373737373737 0.2244897959184 0.3305065801925
1.414141414141 0.2244897959184 0.3089818221062
1.454545454545 0.2244897959184 0.2810547151586
1.494949494949 0.2244897959184 0.2475042634629
1.535353535354 0.2244897959184 0.2091841067506
1.575757575758 0.2244897959184 0.1669797318034
1.616161616162 0.2244897959184 0.1217765756712
1.656565656566 0.2244897959184 0.07444043249998
1.69696969697 0.2244897959184 0.02580934461181
1.737373737374 0.2244897959184 -0.02330548914842
1.777777777778 0.2244897959184 -0.07211320200959
1.818181818182 0.2244897959184 -0.1198348511292
1.858585858586 0.2244897959184 -0.1656965777516
1.89898989899 0.2244897959184 -0.2089271702235
1.939393939394 0.2244897959184 -0.2487619722887
1.979797979798 0.2244897959184 -0.2844540229175
2.020202020202 0.2244897959184 -0.3152921857994
2.060606060606 0.2244897959184 -0.3406249289428
2.10101010101 0.2244897959184 -0.359887466372
2.141414141414 0.2244897959184 -0.372629302975
2.181818181818 0.2244897959184 -0.3785389459079
2.222222222222 0.2244897959184 -0.3774627334735
2.262626262626 0.2244897959184 -0.3694153829081
2.30303030303 0.2244897959184 -0.3545809093242
2.343434343434 0.2244897959184 -0.3333039116883
2.383838383838 0.2244897959184 -0.3060725523482
2.424242424242 0.2244897959184 -0.2734955710178
2.464646464646 0.2244897959184 -0.2362762723476
2.505050505051 0.2244897959184 -0.1951865540384
2.545454545455 0.2244897959184 -0.1510437063973
2.585858585859 0.2244897959184 -0.1046919952873
2.626262626263 0.2244897959184 -0.05699006459812
2.666666666667 0.2244897959184 -0.008804102679749
2.707070707071 0.2244897959184 0.03899435513706
2.747474747475 0.2244897959184 0.08552804703474
2.787878787879 0.2244897959184 0.129913768737
2.828282828283 0.2244897959184 0.1712653864258
2.868686868687 0.2244897959184 0.2087030025425
2.909090909091 0.2244897959184 0.2413705096189
2.949494949495 0.2244897959184 0.2684625167052
2.989898989899 0.2244897959184 0.2892599165554
3.030303030303 0.2244897959184 0.3031714283327
3.070707070707 0.2244897959184 0.3097766956715
3.111111111111 0.2244897959184 0.3088654068681
3.151515151515 0.2244897959184 0.3004668179144
3.191919191919 0.2244897959184 0.2848651426488
3.232323232323 0.2244897959184 0.2625983260196
3.272727272727 0.2244897959184 0.2344402281256
3.313131313131 0.2244897959184 0.2013685769101
3.353535353535 0.2244897959184 0.1645225798086
3.393939393939 0.2244897959184 0.1251545137799
3.434343434343 0.2244897959184 0.08457908060956
3.474747474747 0.2244897959184 0.04412318746305
3.515151515152 0.2244897959184 0.005077507866449
3.555555555556 0.2244897959184 -0.03134996285322
3.59595959596 0.2244897959184 -0.06407893766774
3.636363636364 0.2244897959184 -0.09220146383213
3.676767676768 0.2244897959184 -0.1150273326071
3.717171717172 0.2244897959184 -0.1321315618014
3.757575757576 0.2244897959184 -0.1434054322708
3.79797979798 0.2244897959184 -0.1491129333023
3.838383838384 0.2244897959184 -0.1499549784658
3.878787878788 0.2244897959184 -0.147144138211
3.919191919192 0.2244897959184 -0.1424924352895
3.959595959596 0.2244897959184 -0.1385135448643
4 0.2244897959184 -0.1385135448643
0 0.2448979591837 0.04773943178652
0.04040404040404 0.2448979591837 0.04773943178652
0.08080808080808 0.2448979591837 0.02896665763604
0.1212121212121 0.2448979591837 0.003983438340075
0.1616161616162 0.2448979591837 -0.02526771514083
0.2020202020202 0.2448979591837 -0.05693753876722
0.2424242424242 0.2448979591837 -0.08926675905118
0.2828282828283 0.2448979591837 -0.1205995477307
0.3232323232323 0.2448979591837 -0.1494080062874
0.3636363636364 0.2448979591837 -0.1743221132027
0.4040404040404 0.2448979591837 -0.1941602170505
0.4444444444444 0.2448979591837 -0.2079560923481
0.4848484848485 0.2448979591837 -0.2149796446143
0.5252525252525 0.2448979591837 -0.2147494704605
0.5656565656566 0.2448979591837 -0.2070365798341
0.6060606060606 0.2448979591837 -0.1918595969182
0.6464646464646 0.2448979591837 -0.1694725908595
0.6868686868687 0.2448979591837 -0.1403472662775
0.7272727272727 0.2448979591837 -0.1051515027639
0.7676767676768 0.2448979591837 -0.06472614100378
0.8080808080808 0.2448979591837 -0.02006148173591
0.8484848484848 0.2448979591837 0.02772574906652
0.8888888888889 0.2448979591837 0.07741510241209
0.9292929292929 0.2448979591837 0.1277058173493
0.969696969697 0.2448979591837 0.1772427168604
1.010101010101 0.2448979591837 0.224646699593
1.050505050505 0.2448979591837 0.2685516615183
1.090909090909 0.2448979591837 0.3076486633495
1.131313131313 0.2448979591837 0.3407364287509
1.171717171717 0.2448979591837 0.3667750775399
1.212121212121 0.2448979591837 0.384937879508
1.252525252525 0.2448979591837 0.3946544287864
1.292929292929 0.2448979591837 0.3956386063783
1.333333333333 0.2448979591837 0.3878963642586
1.373737373737 0.2448979591837 0.3717115618195
1.414141414141 0.2448979591837 0.3476119319134
1.454545454545 0.2448979591837 0.3163206171359
1.494949494949 0.2448979591837 0.2787007659889
1.535353535354 0.2448979591837 0.2357010127829
1.575757575758 0.2448979591837 0.1883084137751
1.616161616162 0.2448979591837 0.1375131126686
1.656565656566 0.2448979591837 0.08428634896507
1.69696969697 0.2448979591837 0.02957100017346
1.737373737374 0.2448979591837 -0.02571796329384
1.777777777778 0.2448979591837 -0.0806867989113
1.818181818182 0.2448979591837 -0.1344541377657
1.858585858586 0.2448979591837 -0.1861437809271
1.89898989899 0.2448979591837 -0.2348823122505
1.939393939394 0.2448979591837 -0.2798037300771
1.979797979798 0.2448979591837 -0.3200621373128
2.020202020202 0.2448979591837 -0.3548522677584
2.060606060606 0.2448979591837 -0.383436382564
2.10101010101 0.2448979591837 -0.4051749823477
2.141414141414 0.2448979591837 -0.4195579994396
2.181818181818 0.2448979591837 -0.426232799877
2.222222222222 0.2448979591837 -0.42502552493
2.262626262626 0.2448979591837 -0.4159530391327
2.30303030303 0.2448979591837 -0.399223951148
2.343434343434 0.2448979591837 -0.3752287020368
2.383838383838 0.2448979591837 -0.3445202295507
2.424242424242 0.2448979591837 -0.3077878753708
2.464646464646 0.2448979591837 -0.2658278799097
2.505050505051 0.2448979591837 -0.2195139424801
2.545454545455 0.2448979591837 -0.1697709256949
2.585858585859 0.2448979591837 -0.1175539511526
2.626262626263 0.2448979591837 -0.06383401910831
2.666666666667 0.2448979591837 -0.009590053070999
2.707070707071 0.2448979591837 0.04419392372557
2.747474747475 0.2448979591837 0.09652879327179
2.787878787879 0.2448979591837 0.146420571501
2.828282828283 0.2448979591837 0.1928742292601
2.868686868687 0.2448979591837 0.2349042853729
2.909090909091 0.2448979591837 0.2715545688688
2.949494949495 0.2448979591837 0.3019281639203
2.989898989899 0.2448979591837 0.3252266777401
3.030303030303 0.2448979591837 0.3407958811816
3.070707070707 0.2448979591837 0.3481728896311
3.111111111111 0.2448979591837 0.3471288715279
3.151515151515 0.2448979591837 0.3377011995864
3.191919191919 0.2448979591837 0.3202101411262
3.232323232323 0.2448979591837 0.2952573983549
3.272727272727 0.2448979591837 0.2637065123321
3.313131313131 0.2448979591837 0.2266476501944
3.353535353535 0.2448979591837 0.1853509491498
3.393939393939 0.2448979591837 0.1412130697353
3.434343434343 0.2448979591837 0.09570106110975
3.474747474747 0.2448979591837 0.05029644932878
3.515151515152 0.2448979591837 0.006441069926696
3.555555555556 0.2448979591837 -0.0345150536637
3.59595959596 0.2448979591837 -0.07136433273484
3.636363636364 0.2448979591837 -0.1030917363687
3.676767676768 0.2448979591837 -0.1289255832246
3.717171717172 0.2448979591837 -0.1483902414598
3.757575757576 0.2448979591837 -0.1613621322005
3.79797979798 0.2448979591837 -0.1681307905621
3.838383838384 0.2448979591837 -0.1694673076342
3.878787878788 0.2448979591837 -0.1667031310468
3.919191919192 0.2448979591837 -0.1618227470863
3.959595959596 0.2448979591837 -0.1575742469323
4 0.2448979591837 -0.1575742469323
0 0.265306122449 0.05032043097348
0.04040404040404 0.265306122449 0.05032043097348
0.08080808080808 0.265306122449 0.02977367674102
0.1212121212121 0.265306122449 0.002389695526601
0.1616161616162 0.265306122449 -0.02970713334411
0.2020202020202 0.265306122449 -0.0644830929194
0.2424242424242 0.265306122449 -0.09999655658986
0.2828282828283 0.265306122449 -0.134416416129
0.3232323232323 0.265306122449 -0.1660514533952
0.3636363636364 0.265306122449 -0.1933848360945
0.4040404040404 0.265306122449 -0.2151085993062
0.4444444444444 0.265306122449 -0.2301539294302
0.4848484848485 0.265306122449 -0.2377141782584
0.5252525252525 0.265306122449 -0.2372587196885
0.5656565656566 0.265306122449 -0.2285369437381
0.6060606060606 0.265306122449 -0.2115727750133
0.6464646464646 0.265306122449 -0.1866510089179
0.6868686868687 0.265306122449 -0.1542973855335
0.7272727272727 0.265306122449 -0.1152545968109
0.7676767676768 0.265306122449 -0.07045631398497
0.8080808080808 0.265306122449 -0.02100084384422
0.8484848484848 0.265306122449 0.03187475759147
0.8888888888889 0.265306122449 0.0868202466122
0.9292929292929 0.265306122449 0.1423985349119
0.969696969697 0.265306122449 0.1971146974343
1.010101010101 0.265306122449 0.2494498685706
1.050505050505 0.265306122449 0.2979019340652
1.090909090909 0.265306122449 0.3410338243574
1.131313131313 0.265306122449 0.3775283679242
1.171717171717 0.265306122449 0.4062463555237
1.212121212121 0.265306122449 0.4262822416246
1.252525252525 0.265306122449 0.4370104717789
1.292929292929 0.265306122449 0.4381154202858
1.333333333333 0.265306122449 0.4295997006506
1.373737373737 0.265306122449 0.4117689881408
1.414141414141 0.265306122449 0.3851955538852
1.454545454545 0.265306122449 0.3506662735807
1.494949494949 0.265306122449 0.3091230628106
1.535353535354 0.265306122449 0.2616040774782
1.575757575758 0.265306122449 0.2091927269239
1.616161616162 0.265306122449 0.1529791337783
1.656565656566 0.265306122449 0.09403585662204
1.69696969697 0.265306122449 0.03340709948577
1.737373737374 0.265306122449 -0.02789133324034
1.777777777778 0.265306122449 -0.08886526399946
1.818181818182 0.265306122449 -0.1485329151311
1.858585858586 0.265306122449 -0.2059173969873
1.89898989899 0.265306122449 -0.2600444033172
1.939393939394 0.265306122449 -0.3099475821686
1.979797979798 0.265306122449 -0.3546827874917
2.020202020202 0.265306122449 -0.3933510232481
2.060606060606 0.265306122449 -0.4251284979855
2.10101010101 0.265306122449 -0.4493009719252
2.141414141414 0.265306122449 -0.4652986778869
2.181818181818 0.265306122449 -0.472727697134
2.222222222222 0.265306122449 -0.4713938801689
2.262626262626 0.265306122449 -0.4613162289102
2.30303030303 0.265306122449 -0.4427280125504
2.343434343434 0.265306122449 -0.4160656107232
2.383838383838 0.265306122449 -0.3819467834465
2.424242424242 0.265306122449 -0.341141377257
2.464646464646 0.265306122449 -0.2945382363555
2.505050505051 0.265306122449 -0.2431122221932
2.545454545455 0.265306122449 -0.1878947751487
2.585858585859 0.265306122449 -0.1299504984453
2.626262626263 0.265306122449 -0.07036098483436
2.666666666667 0.265306122449 -0.01021573222566
2.707070707071 0.265306122449 0.04939131879792
2.747474747475 0.265306122449 0.1073621951628
2.787878787879 0.265306122449 0.1625955860356
2.828282828283 0.265306122449 0.2139914766864
2.868686868687 0.265306122449 0.2604631333007
2.909090909091 0.265306122449 0.3009589726811
2.949494949495 0.265306122449 0.334495340681
2.989898989899 0.265306122449 0.3601992073963
3.030303030303 0.265306122449 0.3773575599686
3.070707070707 0.265306122449 0.3854682863214
3.111111111111 0.265306122449 0.3842861124063
3.151515151515 0.265306122449 0.3738571023286
3.191919191919 0.265306122449 0.3545365001481
3.232323232323 0.265306122449 0.3269870462948
3.272727272727 0.265306122449 0.2921577656175
3.313131313131 0.265306122449 0.2512458766438
3.353535353535 0.265306122449 0.2056462288699
3.393939393939 0.265306122449 0.1568932016288
3.434343434343 0.265306122449 0.1065994414121
3.474747474747 0.265306122449 0.05639457447237
3.515151515152 0.265306122449 0.00786557495343
3.555555555556 0.265306122449 -0.03750081454654
3.59595959596 0.265306122449 -0.07837410529737
3.636363636364 0.265306122449 -0.1136354916128
3.676767676768 0.265306122449 -0.1424338091486
3.717171717172 0.265306122449 -0.1642431883723
3.757575757576 0.265306122449 -0.1789237003184
3.79797979798 0.265306122449 -0.1867866621966
3.838383838384 0.265306122449 -0.1886669555328
3.878787878788 0.265306122449 -0.186005713475
3.919191919192 0.265306122449 -0.1809480952728
3.959595959596 0.265306122449 -0.1764629609674
4 0.265306122449 -0.1764629609674
0 0.2857142857143 0.05237011423124
0.04040404040404 0.2857142857143 0.05237011423124
0.08080808080808 0.2857142857143 0.03014619721043
0.1212121212121 0.2857142857143 0.0004914090339499
0.1616161616162 0.2857142857143 -0.03429810987419
0.2020202020202 0.2857142857143 -0.07201359318577
0.2424242424242 0.2857142857143 -0.1105396177782
0.2828282828283 0.2857142857143 -0.1478775092521
0.3232323232323 0.2857142857143 -0.1821796469962
0.3636363636364 0.2857142857143 -0.2117885420483
0.4040404040404 0.2857142857143 -0.2352753111441
0.4444444444444 0.2857142857143 -0.251473166325
0.4848484848485 0.2857142857143 -0.2595026992119
0.5252525252525 0.2857142857143 -0.2587869897393
0.5656565656566 0.2857142857143 -0.2490558299142
0.6060606060606 0.2857142857143 -0.2303395259482
0.6464646464646 0.2857142857143 -0.2029537170288
0.6868686868687 0.2857142857143 -0.1674773211685
0.7272727272727 0.2857142857143 -0.1247260088746
0.7676767676768 0.2857142857143 -0.07572347845581
0.8080808080808 0.2857142857143 -0.02167228194489
0.8484848484848 0.2857142857143 0.0360748944385
0.8888888888889 0.2857142857143 0.09604362227279
0.9292929292929 0.2857142857143 0.1566669556696
0.969696969697 0.2857142857143 0.2163174614424
1.010101010101 0.2857142857143 0.2733443683465
1.050505050505 0.2857142857143 0.3261177937538
1.090909090909 0.2857142857143 0.3730808292871
1.131313131313 0.2857142857143 0.4128083207635
1.171717171717 0.2857142857143 0.4440687681139
1.212121212121 0.2857142857143 0.4658834671064
1.252525252525 0.2857142857143 0.477575545523
1.292929292929 0.2857142857143 0.4788015746676
1.333333333333 0.2857142857143 0.4695603103114
1.373737373737 0.2857142857143 0.4501766336281
1.414141414141 0.2857142857143 0.4212629883359
1.454545454545 0.2857142857143 0.3836643349438
1.494949494949 0.2857142857143 0.3383949512526
1.535353535354 0.2857142857143 0.2865758488039
1.575757575758 0.2857142857143 0.2293802650716
1.616161616162 0.2857142857143 0.1679921941374
1.656565656566 0.2857142857143 0.1035799730191
1.69696969697 0.2857142857143 0.03728420273944
1.737373737374 0.2857142857143 -0.02978282271967
1.777777777778 0.2857142857143 -0.09653030920727
1.818181818182 0.2857142857143 -0.1618794242869
1.858585858586 0.2857142857143 -0.224755521232
1.89898989899 0.2857142857143 -0.2840859371259
1.939393939394 0.2857142857143 -0.3388061039229
1.979797979798 0.2857142857143 -0.3878753559703
2.020202020202 0.2857142857143 -0.4303022949493
2.060606060606 0.2857142857143 -0.465178026469
2.10101010101 0.2857142857143 -0.4917141913623
2.141414141414 0.2857142857143 -0.5092816843657
2.181818181818 0.2857142857143 -0.5174454782906
2.222222222222 0.2857142857143 -0.5159911850083
2.262626262626 0.2857142857143 -0.5049399023854
2.30303030303 0.2857142857143 -0.4845494168159
2.343434343434 0.2857142857143 -0.455301754552
2.383838383838 0.2857142857143 -0.4178789816397
2.424242424242 0.2857142857143 -0.3731306216638
2.464646464646 0.2857142857143 -0.3220369035563
2.505050505051 0.2857142857143 -0.2656721831543
2.545454545455 0.2857142857143 -0.2051723329271
2.585858585859 0.2857142857143 -0.1417088097964
2.626262626263 0.2857142857143 -0.07647069934284
2.666666666667 0.2857142857143 -0.01065451568493
2.707070707071 0.2857142857143 0.05453989297363
2.747474747475 0.2857142857143 0.1179101603497
2.787878787879 0.2857142857143 0.1782525622406
2.828282828283 0.2857142857143 0.2343674427714
2.868686868687 0.2857142857143 0.2850725251089
2.909090909091 0.2857142857143 0.3292267516001
2.949494949495 0.2857142857143 0.3657656691143
2.989898989899 0.2857142857143 0.3937472328103
3.030303030303 0.2857142857143 0.4124045595028
3.070707070707 0.2857142857143 0.4212000917429
3.111111111111 0.2857142857143 0.4198743696192
3.151515151515 0.2857142857143 0.4084825779989
3.191919191919 0.2857142857143 0.3874133837414
3.232323232323 0.2857142857143 0.3573870467173
3.272727272727 0.2857142857143 0.3194327820432
3.313131313131 0.2857142857143 0.2748481198236
3.353535353535 0.2857142857143 0.225144850153
3.393939393939 0.2857142857143 0.1719867129065
3.434343434343 0.2857142857143 0.1171234382222
3.474747474747 0.2857142857143 0.06232447223237
3.515151515152 0.2857142857143 0.009314217292186
3.555555555556 0.2857142857143 -0.04029071558828
3.59595959596 0.2857142857143 -0.08504267000156
3.636363636364 0.2857142857143 -0.1237234304931
3.676767676768 0.2857142857143 -0.1554050866652
3.717171717172 0.2857142857143 -0.1795123509175
3.757575757576 0.2857142857143 -0.1958875243535
3.79797979798 0.2857142857143 -0.2048597125699
3.838383838384 0.2857142857143 -0.2073207341227
3.878787878788 0.2857142857143 -0.2048115647971
3.919191919192 0.2857142857143 -0.1996253469507
3.959595959596 0.2857142857143 -0.1949365673143
4 0.2857142857143 -0.1949365673143
0 0.3061224489796 0.05390219037277
0.04040404040404 0.3061224489796 0.05390219037277
0.08080808080808 0.3061224489796 0.03011237838484
0.1212121212121 0.3061224489796 -0.001663038792365
0.1616161616162 0.3061224489796 -0.03896753282216
0.2020202020202 0.3061224489796 -0.07942822292591
0.2424242424242 0.3061224489796 -0.1207661540453
0.2828282828283 0.3061224489796 -0.1608245686442
0.3232323232323 0.3061224489796 -0.1976080841631
0.3636363636364 0.3061224489796 -0.2293263003213
0.4040404040404 0.3061224489796 -0.2544362057328
0.4444444444444 0.3061224489796 -0.2716788061101
0.4848484848485 0.3061224489796 -0.2801066112704
0.5252525252525 0.3061224489796 -0.2790999356304
0.5656565656566 0.3061224489796 -0.2683713046579
0.6060606060606 0.3061224489796 -0.247958510436
0.6464646464646 0.3061224489796 -0.2182079008484
0.6868686868687 0.3061224489796 -0.179750202494
0.7272727272727 0.3061224489796 -0.1334714807078
0.7676767676768 0.3061224489796 -0.08048169414353
0.8080808080808 0.3061224489796 -0.02208273059224
0.8484848484848 0.3061224489796 0.04026309674655
0.8888888888889 0.3061224489796 0.104964209209
0.9292929292929 0.3061224489796 0.1703317819593
0.969696969697 0.3061224489796 0.234614666839
1.010101010101 0.3061224489796 0.2960395999336
1.050505050505 0.3061224489796 0.3528586815581
1.090909090909 0.3061224489796 0.4034048732271
1.131313131313 0.3061224489796 0.4461542290822
1.171717171717 0.3061224489796 0.4797910929309
1.212121212121 0.3061224489796 0.5032701359409
1.252525252525 0.3061224489796 0.5158676290335
1.292929292929 0.3061224489796 0.5172144087474
1.333333333333 0.3061224489796 0.5073049454946
1.373737373737 0.3061224489796 0.4864805392402
1.414141414141 0.3061224489796 0.4553890101636
1.454545454545 0.3061224489796 0.4149270973223
1.494949494949 0.3061224489796 0.3661741841028
1.535353535354 0.3061224489796 0.3103264646564
1.575757575758 0.3061224489796 0.2486393568134
1.616161616162 0.3061224489796 0.1823834172194
1.656565656566 0.3061224489796 0.1128159728981
1.69696969697 0.3061224489796 0.04116782412951
1.737373737374 0.3061224489796 -0.03135785871913
1.777777777778 0.3061224489796 -0.1035787378738
1.818181818182 0.3061224489796 -0.1743235083372
1.858585858586 0.3061224489796 -0.2424238905677
1.89898989899 0.3061224489796 -0.306712538877
1.939393939394 0.3061224489796 -0.3660298787084
1.979797979798 0.3061224489796 -0.4192414471004
2.020202020202 0.3061224489796 -0.465265662505
2.060606060606 0.3061224489796 -0.5031102481623
2.10101010101 0.3061224489796 -0.5319139792642
2.141414141414 0.3061224489796 -0.5509892538228
2.181818181818 0.3061224489796 -0.55986042868
2.222222222222 0.3061224489796 -0.5582930743859
2.262626262626 0.3061224489796 -0.5463103135963
2.30303030303 0.3061224489796 -0.5241941008512
2.343434343434 0.3061224489796 -0.4924714371648
2.383838383838 0.3061224489796 -0.4518876297406
2.424242424242 0.3061224489796 -0.403370343672
2.464646464646 0.3061224489796 -0.3479891206209
2.505050505051 0.3061224489796 -0.2869151624635
2.545454545455 0.3061224489796 -0.2213855398922
2.585858585859 0.3061224489796 -0.1526747608741
2.626262626263 0.3061224489796 -0.08207506366108
2.666666666667 0.3061224489796 -0.01088513391004
2.707070707071 0.3061224489796 0.05959459585526
2.747474747475 0.3061224489796 0.1280631497414
2.787878787879 0.3061224489796 0.1932206131174
2.828282828283 0.3061224489796 0.2537743074019
2.868686868687 0.3061224489796 0.3084533334503
2.909090909091 0.3061224489796 0.3560342133727
2.949494949495 0.3061224489796 0.3953786209512
2.989898989899 0.3061224489796 0.4254819383806
3.030303030303 0.3061224489796 0.4455289427895
3.070707070707 0.3061224489796 0.4549507966661
3.111111111111 0.3061224489796 0.453476235813
3.151515151515 0.3061224489796 0.4411698473694
3.191919191919 0.3061224489796 0.4184517430595
3.232323232323 0.3061224489796 0.3860954918581
3.272727272727 0.3061224489796 0.3452042668176
3.313131313131 0.3061224489796 0.297168015128
3.353535353535 0.3061224489796 0.2436063667531
3.393939393939 0.3061224489796 0.186302610511
3.434343434343 0.3061224489796 0.12713352532
3.474747474747 0.3061224489796 0.06799856830764
3.515151515152 0.3061224489796 0.01075038557345
3.555555555556 0.3061224489796 -0.04287275315627
3.59595959596 0.3061224489796 -0.09131294362058
3.636363636364 0.3061224489796 -0.133257893307
3.676767676768 0.3061224489796 -0.1677063951826
3.717171717172 0.3061224489796 -0.1940350035188
3.757575757576 0.3061224489796 -0.2120670047179
3.79797979798 0.3061224489796 -0.2221452399142
3.838383838384 0.3061224489796 -0.2252113590398
3.878787878788 0.3061224489796 -0.2228958994939
3.919191919192 0.3061224489796 -0.2176265575679
3.959595959596 0.3061224489796 -0.2127669026855
4 0.3061224489796 -0.2127669026855
0 0.3265306122449 0.0549408434648
0.04040404040404 0.3265306122449 0.0549408434648
0.08080808080808 0.3265306122449 0.02970900240483
0.1212121212121 0.3265306122449 -0.00401933966675
0.1616161616162 0.3265306122449 -0.04363974763403
0.2020202020202 0.3265306122449 -0.08662748633061
0.2424242424242 0.3265306122449 -0.1305518172454
0.2828282828283 0.3265306122449 -0.173108932589
0.3232323232323 0.3265306122449 -0.2121658494275
0.3636363636364 0.3265306122449 -0.245808412579
0.4040404040404 0.3265306122449 -0.2723875109563
0.4444444444444 0.3265306122449 -0.2905587323989
0.4848484848485 0.3265306122449 -0.2993119569135
0.5252525252525 0.3265306122449 -0.2979887730805
0.5656565656566 0.3265306122449 -0.2862870157025
0.6060606060606 0.3265306122449 -0.2642530492495
0.6464646464646 0.3265306122449 -0.2322635273115
0.6868686868687 0.3265306122449 -0.1909991154397
0.7272727272727 0.3265306122449 -0.1414129795909
0.7676767676768 0.3265306122449 -0.08469667694675
0.8080808080808 0.3265306122449 -0.0222454700794
0.8484848484848 0.3265306122449 0.0443758815094
0.8888888888889 0.3265306122449 0.1134669542816
0.9292929292929 0.3265306122449 0.1832263527879
0.969696969697 0.3265306122449 0.2517893588617
1.010101010101 0.3265306122449 0.3172709644616
1.050505050505 0.3265306122449 0.377816284523
1.090909090909 0.3265306122449 0.4316590462668
1.131313131313 0.3265306122449 0.4771867619174
1.171717171717 0.3265306122449 0.5130086542104
1.212121212121 0.3265306122449 0.538020022118
1.252525252525 0.3265306122449 0.5514552603095
1.292929292929 0.3265306122449 0.5529218498284
1.333333333333 0.3265306122449 0.5424096459416
1.373737373737 0.3265306122449 0.5202734658048
1.414141414141 0.3265306122449 0.4871913901968
1.454545454545 0.3265306122449 0.4441051194214
1.494949494949 0.3265306122449 0.3921512042243
1.535353535354 0.3265306122449 0.3325925225311
1.575757575758 0.3265306122449 0.2667580843756
1.616161616162 0.3265306122449 0.1959966751775
1.656565656566 0.3265306122449 0.1216467418076
1.69696969697 0.3265306122449 0.04502197095456
1.737373737374 0.3265306122449 -0.03259033383329
1.777777777778 0.3265306122449 -0.1099224948743
1.818181818182 0.3265306122449 -0.1857164369826
1.858585858586 0.3265306122449 -0.2587154710119
1.89898989899 0.3265306122449 -0.3276623081804
1.939393939394 0.3265306122449 -0.3913065949041
1.979797979798 0.3265306122449 -0.4484237452793
2.020202020202 0.3265306122449 -0.4978450792522
2.060606060606 0.3265306122449 -0.53849741583
2.10101010101 0.3265306122449 -0.5694485468539
2.141414141414 0.3265306122449 -0.5899536962183
2.181818181818 0.3265306122449 -0.5994974169416
2.222222222222 0.3265306122449 -0.5978255839924
2.262626262626 0.3265306122449 -0.5849632458077
2.30303030303 0.3265306122449 -0.5612159710755
2.343434343434 0.3265306122449 -0.5271546851781
2.383838383838 0.3265306122449 -0.4835863278164
2.424242424242 0.3265306122449 -0.4315144743072
2.464646464646 0.3265306122449 -0.3720950770557
2.505050505051 0.3265306122449 -0.3065925923519
2.545454545455 0.3265306122449 -0.2363410211792
2.585858585859 0.3265306122449 -0.1627130173971
2.626262626263 0.3265306122449 -0.08709848174554
2.666666666667 0.3265306122449 -0.01089224816463
2.707070707071 0.3265306122449 0.06451117950431
2.747474747475 0.3265306122449 0.1377191830917
2.787878787879 0.3265306122449 0.2073430399932
2.828282828283 0.3265306122449 0.2720047818694
2.868686868687 0.3265306122449 0.3303528534338
2.909090909091 0.3265306122449 0.3810893600942
2.949494949495 0.3265306122449 0.4230098526869
2.989898989899 0.3265306122449 0.4550542528967
3.030303030303 0.3265306122449 0.4763650194897
3.070707070707 0.3265306122449 0.4863464899646
3.111111111111 0.3265306122449 0.4847180516489
3.151515151515 0.3265306122449 0.4715538268599
3.191919191919 0.3265306122449 0.447303022939
3.232323232323 0.3265306122449 0.4127877210248
3.272727272727 0.3265306122449 0.3691780324578
3.313131313131 0.3265306122449 0.3179474609796
3.353535353535 0.3265306122449 0.2608132607763
3.393939393939 0.3265306122449 0.1996672317883
3.434343434343 0.3265306122449 0.1365018735634
3.474747474747 0.3265306122449 0.07333553413258
3.515151515152 0.3265306122449 0.01213864141299
3.555555555556 0.3265306122449 -0.04523827817636
3.59595959596 0.3265306122449 -0.09713505175708
3.636363636364 0.3265306122449 -0.1421515286646
3.676767676768 0.3265306122449 -0.1792173392683
3.717171717172 0.3265306122449 -0.2076626107309
3.757575757576 0.3265306122449 -0.2272906344676
3.79797979798 0.3265306122449 -0.2384540142333
3.838383838384 0.3265306122449 -0.2421370401809
3.878787878788 0.3265306122449 -0.2400492530046
3.919191919192 0.3265306122449 -0.2347388602273
3.959595959596 0.3265306122449 -0.229740671429
4 0.3265306122449 -0.229740671429
0 0.3469387755102 0.0555185068776
0.04040404040404 0.3469387755102 0.0555185068776
0.08080808080808 0.3469387755102 0.02897945421785
0.1212121212121 0.3469387755102 -0.006518973298876
0.1616161616162 0.3469387755102 -0.04823789127515
0.2020202020202 0.3469387755102 -0.0935141211349
0.2424242424242 0.3469387755102 -0.1397781787025
0.2828282828283 0.3469387755102 -0.1845915924987
0.3232323232323 0.3469387755102 -0.225695276255
0.3636363636364 0.3469387755102 -0.2610617187009
0.4040404040404 0.3469387755102 -0.2889448265651
0.4444444444444 0.3469387755102 -0.3079224500548
0.4848484848485 0.3469387755102 -0.3169279571565
0.5252525252525 0.3469387755102 -0.3152686749483
0.5656565656566 0.3469387755102 -0.302630503259
0.6060606060606 0.3469387755102 -0.2790694061863
0.6464646464646 0.3469387755102 -0.2449916549535
0.6868686868687 0.3469387755102 -0.2011254926327
0.7272727272727 0.3469387755102 -0.1484872164789
0.7676767676768 0.3469387755102 -0.08834448840641
0.8080808080808 0.3469387755102 -0.02217902457607
0.8484848484848 0.3469387755102 0.04835020812233
0.8888888888889 0.3469387755102 0.1214433713744
0.9292929292929 0.3469387755102 0.1951969660167
0.969696969697 0.3469387755102 0.2676440077818
1.010101010101 0.3469387755102 0.3367996188762
1.050505050505 0.3469387755102 0.4007140210696
1.090909090909 0.3469387755102 0.4575335692848
1.131313131313 0.3469387755102 0.505568331394
1.171717171717 0.3469387755102 0.5433621559517
1.212121212121 0.3469387755102 0.5697587871076
1.252525252525 0.3469387755102 0.5839561365869
1.292929292929 0.3469387755102 0.5855409673339
1.333333333333 0.3469387755102 0.5744982915016
1.373737373737 0.3469387755102 0.5511934855035
1.414141414141 0.3469387755102 0.5163295598635
1.454545454545 0.3469387755102 0.4708859882417
1.494949494949 0.3469387755102 0.4160480329293
1.535353535354 0.3469387755102 0.3531361070305
1.575757575758 0.3469387755102 0.2835434627637
1.616161616162 0.3469387755102 0.2086879295461
1.656565656566 0.3469387755102 0.1299802868589
1.69696969697 0.3469387755102 0.04880883238687
1.737373737374 0.3469387755102 -0.03346273162457
1.777777777778 0.3469387755102 -0.1154885984088
1.818181818182 0.3469387755102 -0.195930637732
1.858585858586 0.3469387755102 -0.2734499830325
1.89898989899 0.3469387755102 -0.3467051363165
1.939393939394 0.3469387755102 -0.414360157566
1.979797979798 0.3469387755102 -0.475104929788
2.020202020202 0.3469387755102 -0.5276876066106
2.060606060606 0.3469387755102 -0.5709573335596
2.10101010101 0.3469387755102 -0.6039134341519
2.141414141414 0.3469387755102 -0.6257557708009
2.181818181818 0.3469387755102 -0.6359302336486
2.222222222222 0.3469387755102 -0.6341635025544
2.262626262626 0.3469387755102 -0.6204824267799
2.30303030303 0.3469387755102 -0.5952154279998
2.343434343434 0.3469387755102 -0.5589759228024
2.383838383838 0.3469387755102 -0.5126303283104
2.424242424242 0.3469387755102 -0.4572552065625
2.464646464646 0.3469387755102 -0.3940892031358
2.505050505051 0.3469387755102 -0.3244855232244
2.545454545455 0.3469387755102 -0.249869843465
2.585858585859 0.3469387755102 -0.1717070228259
2.626262626263 0.3469387755102 -0.09147807084055
2.666666666667 0.3469387755102 -0.01066687304052
2.707070707071 0.3469387755102 0.06924557613024
2.747474747475 0.3469387755102 0.1467830307165
2.787878787879 0.3469387755102 0.2204763534968
2.828282828283 0.3469387755102 0.2888709761333
2.868686868687 0.3469387755102 0.3505435357002
2.909090909091 0.3469387755102 0.4041305099948
2.949494949495 0.3469387755102 0.4483697432271
2.989898989899 0.3469387755102 0.4821533350952
3.030303030303 0.3469387755102 0.5045878165321
3.070707070707 0.3469387755102 0.5150553560507
3.111111111111 0.3469387755102 0.5132684752038
3.151515151515 0.3469387755102 0.4993108164216
3.191919191919 0.3469387755102 0.473658013578
3.232323232323 0.3469387755102 0.4371753773076
3.272727272727 0.3469387755102 0.3910922948761
3.313131313131 0.3469387755102 0.3369561792645
3.353535353535 0.3469387755102 0.2765707810891
3.393939393939 0.3469387755102 0.2119243616968
3.434343434343 0.3469387755102 0.1451127340172
3.474747474747 0.3469387755102 0.07826090893359
3.515151515152 0.3469387755102 0.01344553946757
3.555555555556 0.3469387755102 -0.04738103203728
3.59595959596 0.3469387755102 -0.1024652857399
3.636363636364 0.3469387755102 -0.1503262439826
3.676767676768 0.3469387755102 -0.1898291672505
3.717171717172 0.3469387755102 -0.2202599819653
3.757575757576 0.3469387755102 -0.2414013405951
3.79797979798 0.3469387755102 -0.2536118258474
3.838383838384 0.3469387755102 -0.2579112194558
3.878787878788 0.3469387755102 -0.2560773534567
3.919191919192 0.3469387755102 -0.2507643981148
3.959595959596 0.3469387755102 -0.2456593825892
4 0.3469387755102 -0.2456593825892
0 0.3673469387755 0.05567387707681
0.04040404040404 0.3673469387755 0.05567387707681
0.08080808080808 0.3673469387755 0.02797189334149
0.1212121212121 0.3673469387755 -0.009100794495326
0.1616161616162 0.3673469387755 -0.05268517284651
0.2020202020202 0.3673469387755 -0.09999403140049
0.2424242424242 0.3673469387755 -0.1483332964298
0.2828282828283 0.3673469387755 -0.195143396521
0.3232323232323 0.3673469387755 -0.2380518038556
0.3636363636364 0.3673469387755 -0.2749291342703
0.4040404040404 0.3673469387755 -0.303942377352
0.4444444444444 0.3673469387755 -0.3236000944345
0.4848484848485 0.3673469387755 -0.3327858211283
0.5252525252525 0.3673469387755 -0.3307774281823
0.5656565656566 0.3673469387755 -0.3172517531801
0.6060606060606 0.3673469387755 -0.2922752871651
0.6464646464646 0.3673469387755 -0.2562829285752
0.6868686868687 0.3673469387755 -0.2100476521844
0.7272727272727 0.3673469387755 -0.1546442753504
0.7676767676768 0.3673469387755 -0.0914102988955
0.8080808080808 0.3673469387755 -0.02190609821348
0.8484848484848 0.3673469387755 0.05212433561982
0.8888888888889 0.3673469387755 0.1287921644818
0.9292929292929 0.3673469387755 0.2061032471425
0.969696969697 0.3673469387755 0.2820006114974
1.010101010101 0.3673469387755 0.3544123095979
1.050505050505 0.3673469387755 0.4213066127746
1.090909090909 0.3673469387755 0.4807551210362
1.131313131313 0.3673469387755 0.5310022022304
1.171717171717 0.3673469387755 0.5705366099339
1.212121212121 0.3673469387755 0.5981587696387
1.252525252525 0.3673469387755 0.6130358136359
1.292929292929 0.3673469387755 0.6147366306546
1.333333333333 0.3673469387755 0.6032412655629
1.373737373737 0.3673469387755 0.5789226931802
1.414141414141 0.3673469387755 0.5425034061005
1.454545454545 0.3673469387755 0.4949932259793
1.494949494949 0.3673469387755 0.4376173101396
1.535353535354 0.3673469387755 0.3717439783363
1.575757575758 0.3673469387755 0.2988207866517
1.616161616162 0.3673469387755 0.220324743037
1.656565656566 0.3673469387755 0.1377294174844
1.69696969697 0.3673469387755 0.05248863170798
1.737373737374 0.3673469387755 -0.03396610137015
1.777777777778 0.3673469387755 -0.1202189409524
1.818181818182 0.3673469387755 -0.2048593231616
1.858585858586 0.3673469387755 -0.2864733565389
1.89898989899 0.3673469387755 -0.3636419924168
1.939393939394 0.3673469387755 -0.4349498121971
1.979797979798 0.3673469387755 -0.4990066464955
2.020202020202 0.3673469387755 -0.5544822489113
2.060606060606 0.3673469387755 -0.600152075366
2.10101010101 0.3673469387755 -0.6349501385841
2.141414141414 0.3673469387755 -0.658023256018
2.181818181818 0.3673469387755 -0.6687801377033
2.222222222222 0.3673469387755 -0.6669289320218
2.262626262626 0.3673469387755 -0.6524981400579
2.30303030303 0.3673469387755 -0.6258380638099
2.343434343434 0.3673469387755 -0.5876027869915
2.383838383838 0.3673469387755 -0.5387154948718
2.424242424242 0.3673469387755 -0.4803221182649
2.464646464646 0.3673469387755 -0.4137394714048
2.505050505051 0.3673469387755 -0.3404041131041
2.545454545455 0.3673469387755 -0.2618271971448
2.585858585859 0.3673469387755 -0.1795588743859
2.626262626263 0.3673469387755 -0.09516372957286
2.666666666667 0.3673469387755 -0.01020663256912
2.707070707071 0.3673469387755 0.07375345993669
2.747474747475 0.3673469387755 0.1551656011114
2.787878787879 0.3673469387755 0.2324894968115
2.828282828283 0.3673469387755 0.3042034701146
2.868686868687 0.3673469387755 0.3688219214295
2.909090909091 0.3673469387755 0.4249251159526
2.949494949495 0.3673469387755 0.4712021206451
2.989898989899 0.3673469387755 0.5065052389223
3.030303030303 0.3673469387755 0.5299117177282
3.070707070707 0.3673469387755 0.5407863296201
3.111111111111 0.3673469387755 0.5388371960426
3.151515151515 0.3673469387755 0.5241573182475
3.191919191919 0.3673469387755 0.4972458174358
3.232323232323 0.3673469387755 0.4590055613714
3.272727272727 0.3673469387755 0.4107170450268
3.313131313131 0.3673469387755 0.3539913256891
3.353535353535 0.3673469387755 0.29070680145
3.393939393939 0.3673469387755 0.2229353350104
3.434343434343 0.3673469387755 0.1528627674215
3.474747474747 0.3673469387755 0.08270762683185
3.515151515152 0.3673469387755 0.01464031060514
3.555555555556 0.3673469387755 -0.04929635922364
3.59595959596 0.3673469387755 -0.1072652706251
3.636363636364 0.3673469387755 -0.1577123921644
3.676767676768 0.3673469387755 -0.1994440379641
3.717171717172 0.3673469387755 -0.2317046702069
3.757575757576 0.3673469387755 -0.2542560481836
3.79797979798 0.3673469387755 -0.2674592215041
3.838383838384 0.3673469387755 -0.2723624541233
3.878787878788 0.3673469387755 -0.2708011013151
3.919191919192 0.3673469387755 -0.2655203414063
3.959595959596 0.3673469387755 -0.2603393642576
4 0.3673469387755 -0.2603393642576
0 0.3877551020408 0.05545012038861
0.04040404040404 0.3877551020408 0.05545012038861
0.08080808080808 0.3877551020408 0.02673758060492
0.1212121212121 0.3877551020408 -0.01170251769198
0.1616161616162 0.3877551020408 -0.05690611210503
0.2020202020202 0.3877551020408 -0.1059772402809
0.2424242424242 0.3877551020408 -0.1561123608453
0.2828282828283 0.3877551020408 -0.204645383095
0.3232323232323 0.3877551020408 -0.2491040062586
0.3636363636364 0.3877551020408 -0.2872693924311
0.4040404040404 0.3877551020408 -0.3172324921742
0.4444444444444 0.3877551020408 -0.3374416773916
0.4848484848485 0.3877551020408 -0.3467377932028
0.5252525252525 0.3877551020408 -0.3443743197944
0.5656565656566 0.3877551020408 -0.3300219624259
0.6060606060606 0.3877551020408 -0.3037585281312
0.6464646464646 0.3877551020408 -0.2660462341021
0.6868686868687 0.3877551020408 -0.2176994647282
0.7272727272727 0.3877551020408 -0.1598463373638
0.7676767676768 0.3877551020408 -0.09388721242332
0.8080808080808 0.3877551020408 -0.02145254142775
0.8484848484848 0.3877551020408 0.05563867785737
0.8888888888889 0.3877551020408 0.1354198728026
0.9292929292929 0.3877551020408 0.2158185594048
0.969696969697 0.3877551020408 0.2947008538516
1.010101010101 0.3877551020408 0.3699212716352
1.050505050505 0.3877551020408 0.4393797273377
1.090909090909 0.3877551020408 0.5010862391947
1.131313131313 0.3877551020408 0.5532316762869
1.171717171717 0.3877551020408 0.5942603395665
1.212121212121 0.3877551020408 0.6229378531183
1.252525252525 0.3877551020408 0.6384064865643
1.292929292929 0.3877551020408 0.6402202550747
1.333333333333 0.3877551020408 0.6283542160123
1.373737373737 0.3877551020408 0.6031860271761
1.414141414141 0.3877551020408 0.5654521895949
1.454545454545 0.3877551020408 0.5161853348382
1.494949494949 0.3877551020408 0.4566414866029
1.535353535354 0.3877551020408 0.3882269251802
1.575757575758 0.3877551020408 0.312433151248
1.616161616162 0.3877551020408 0.2307859706064
1.656565656566 0.3877551020408 0.1448116054303
1.69696969697 0.3877551020408 0.05601965139292
1.737373737374 0.3877551020408 -0.03409987351094
1.777777777778 0.3877551020408 -0.1240699521114
1.818181818182 0.3877551020408 -0.2124160089621
1.858585858586 0.3877551020408 -0.2976571126605
1.89898989899 0.3877551020408 -0.3783041783059
1.939393939394 0.3877551020408 -0.4528692830202
1.979797979798 0.3877551020408 -0.5198885413665
2.020202020202 0.3877551020408 -0.5779588958863
2.060606060606 0.3877551020408 -0.6257868528091
2.10101010101 0.3877551020408 -0.6622449265397
2.141414141414 0.3877551020408 -0.6864297264057
2.181818181818 0.3877551020408 -0.6977146220326
2.222222222222 0.3877551020408 -0.6957900667202
2.262626262626 0.3877551020408 -0.680686042247
2.30303030303 0.3877551020408 -0.6527735412616
2.343434343434 0.3877551020408 -0.6127450893285
2.383838383838 0.3877551020408 -0.5615773658867
2.424242424242 0.3877551020408 -0.5004813529866
2.464646464646 0.3877551020408 -0.4308467079049
2.505050505051 0.3877551020408 -0.3541870796353
2.545454545455 0.3877551020408 -0.2720919974366
2.585858585859 0.3877551020408 -0.1861890797655
2.626262626263 0.3877551020408 -0.09811805505817
2.666666666667 0.3877551020408 -0.009515840853889
2.707070707071 0.3877551020408 0.07799000171766
2.747474747475 0.3877551020408 0.1627835317413
2.787878787879 0.3877551020408 0.243263276338
2.828282828283 0.3877551020408 0.3178505912973
2.868686868687 0.3877551020408 0.3850077781472
2.909090909091 0.3877551020408 0.4432687758634
2.949494949495 0.3877551020408 0.4912831693675
2.989898989899 0.3877551020408 0.5278717461797
3.030303030303 0.3877551020408 0.5520892568352
3.070707070707 0.3877551020408 0.5632878895116
3.111111111111 0.3877551020408 0.5611737738743
3.151515151515 0.3877551020408 0.5458489652133
3.191919191919 0.3877551020408 0.5178329102435
3.232323232323 0.3877551020408 0.4780600623038
3.272727272727 0.3877551020408 0.4278534783532
3.313131313131 0.3877551020408 0.3688771357823
3.353535353535 0.3877551020408 0.3030716887745
3.393939393939 0.3877551020408 0.2325791197116
3.434343434343 0.3877551020408 0.1596613229184
3.474747474747 0.3877551020408 0.08661645931063
3.515151515152 0.3877551020408 0.01569542623598
3.555555555556 0.3877551020408 -0.05098057106595
3.59595959596 0.3877551020408 -0.1115013119557
3.636363636364 0.3877551020408 -0.1642481571053
3.676767676768 0.3877551020408 -0.2079744961067
3.717171717172 0.3877551020408 -0.2418865770849
3.757575757576 0.3877551020408 -0.2657254367843
3.79797979798 0.3877551020408 -0.2798514097382
3.838383838384 0.3877551020408 -0.285334443686
3.878787878788 0.3877551020408 -0.2840566719182
3.919191919192 0.3877551020408 -0.2788390170118
3.959595959596 0.3877551020408 -0.2736118903337
4 0.3877551020408 -0.2736118903337
0 0.4081632653061 0.05489323707656
0.04040404040404 0.4081632653061 0.05489323707656
0.08080808080808 0.4081632653061 0.02532933200108
0.1212121212121 0.4081632653061 -0.01426211683082
0.1616161616162 0.4081632653061 -0.06082774332768
0.2020202020202 0.4081632653061 -0.1113788605194
0.2424242424242 0.4081632653061 -0.163018408541
0.2828282828283 0.4081632653061 -0.2129892275341
0.3232323232323 0.4081632653061 -0.2587337719137
0.3636363636364 0.4081632653061 -0.2979569650764
0.4040404040404 0.4081632653061 -0.3286852818579
0.4444444444444 0.4081632653061 -0.3493165423857
0.4848484848485 0.4081632653061 -0.3586564104513
0.5252525252525 0.4081632653061 -0.3559392260217
0.5656565656566 0.4081632653061 -0.3408324932153
0.6060606060606 0.4081632653061 -0.3134259510234
0.6464646464646 0.4081632653061 -0.2742074962313
0.6868686868687 0.4081632653061 -0.2240291349336
0.7272727272727 0.4081632653061 -0.1640664898042
0.7676767676768 0.4081632653061 -0.09577514678619
0.8080808080808 0.4081632653061 -0.02084634490492
0.8484848484848 0.4081632653061 0.05883665591818
0.8888888888889 0.4081632653061 0.1412415340717
0.9292929292929 0.4081632653061 0.2242304488189
0.969696969697 0.4081632653061 0.3056063101377
1.010101010101 0.4081632653061 0.3831641830462
1.050505050505 0.4081632653061 0.4547496816747
1.090909090909 0.4081632653061 0.5183247839504
1.131313131313 0.4081632653061 0.572039340987
1.171717171717 0.4081632653061 0.6143040491093
1.212121212121 0.4081632653061 0.6438584012748
1.252525252525 0.4081632653061 0.6598258439936
1.292929292929 0.4081632653061 0.6617486290864
1.333333333333 0.4081632653061 0.6495969085935
1.373737373737 0.4081632653061 0.6237501962392
1.414141414141 0.4081632653061 0.5849535846789
1.454545454545 0.4081632653061 0.5342549798763
1.494949494949 0.4081632653061 0.4729321700121
1.535353535354 0.4081632653061 0.4024192856532
1.575757575758 0.4081632653061 0.3242411515798
1.616161616162 0.4081632653061 0.2399616348168
1.656565656566 0.4081632653061 0.1511490289925
1.69696969697 0.4081632653061 0.05935843542709
1.737373737374 0.4081632653061 -0.03387151259388
1.777777777778 0.4081632653061 -0.1270121217963
1.818181818182 0.4081632653061 -0.2185339231109
1.858585858586 0.4081632653061 -0.3068976747337
1.89898989899 0.4081632653061 -0.3905525565459
1.939393939394 0.4081632653061 -0.4679459323238
1.979797979798 0.4081632653061 -0.5375473642002
2.020202020202 0.4081632653061 -0.5978873828437
2.060606060606 0.4081632653061 -0.6476090429273
2.10101010101 0.4081632653061 -0.6855278400731
2.141414141414 0.4081632653061 -0.7106935491237
2.181818181818 0.4081632653061 -0.7224464112656
2.222222222222 0.4081632653061 -0.7204602037075
2.262626262626 0.4081632653061 -0.7047661976297
2.30303030303 0.4081632653061 -0.6757546639697
2.343434343434 0.4081632653061 -0.6341539331353
2.383838383838 0.4081632653061 -0.5809903293656
2.424242424242 0.4081632653061 -0.5175348636856
2.464646464646 0.4081632653061 -0.4452439158064
2.505050505051 0.4081632653061 -0.3657011153521
2.545454545455 0.4081632653061 -0.2805664033183
2.585858585859 0.4081632653061 -0.1915361918701
2.626262626263 0.4081632653061 -0.1003161052481
2.666666666667 0.4081632653061 -0.008605402777864
2.707070707071 0.4081632653061 0.08190982077198
2.747474747475 0.4081632653061 0.1695589871043
2.787878787879 0.4081632653061 0.2526900028244
2.828282828283 0.4081632653061 0.3296779001399
2.868686868687 0.4081632653061 0.3989434358904
2.909090909091 0.4081632653061 0.4589844322424
2.949494949495 0.4081632653061 0.5084205128988
2.989898989899 0.4081632653061 0.5460493594662
3.030303030303 0.4081632653061 0.570910054965
3.070707070707 0.4081632653061 0.5823469808484
3.111111111111 0.4081632653061 0.5800665895977
3.151515151515 0.4081632653061 0.5641795459417
3.191919191919 0.4081632653061 0.5352222826734
3.232323232323 0.4081632653061 0.494154652418
3.272727272727 0.4081632653061 0.4423334701211
3.313131313131 0.4081632653061 0.3814645967738
3.353535353535 0.4081632653061 0.3135381749244
3.393939393939 0.4081632653061 0.2407523791366
3.434343434343 0.4081632653061 0.1654306686809
3.474747474747 0.4081632653061 0.08993638149116
3.515151515152 0.4081632653061 0.0165870584476
3.555555555556 0.4081632653061 -0.05243043981689
3.59595959596 0.4081632653061 -0.1151438950057
3.636363636364 0.4081632653061 -0.1698791077225
3.676767676768 0.4081632653061 -0.2153431242559
3.717171717172 0.4081632653061 -0.2507077340127
3.757575757576 0.4081632653061 -0.2756938643434
3.79797979798 0.4081632653061 -0.2906583202579
3.838383838384 0.4081632653061 -0.2966861971034
3.878787878788 0.4081632653061 -0.2956957496344
3.919191919192 0.4081632653061 -0.2905681689268
3.959595959596 0.4081632653061 -0.2853234418239
4 0.4081632653061 -0.2853234418239
0 0.4285714285714 0.05405055679599
0.04040404040404 0.4285714285714 0.05405055679599
0.08080808080808 0.4285714285714 0.02380007987369
0.1212121212121 0.4285714285714 -0.01671915240404
0.1616161616162 0.4285714285714 -0.06438078782857
0.2020202020202 0.4285714285714 -0.1161200779831
0.2424242424242 0.4285714285714 -0.1689630925884
0.2828282828283 0.4285714285714 -0.2200777847819
0.3232323232323 0.4285714285714 -0.2668366131557
0.3636363636364 0.4285714285714 -0.3068821403454
0.4040404040404 0.4285714285714 -0.3381884919235
0.4444444444444 0.4285714285714 -0.3591130047784
0.4848484848485 0.4285714285714 -0.3684339476681
0.5252525252525 0.4285714285714 -0.3653718839686
0.5656565656566 0.4285714285714 -0.3495939978736
0.6060606060606 0.4285714285714 -0.3212023730193
0.6464646464646 0.4285714285714 -0.2807086075728
0.6868686868687 0.4285714285714 -0.2289980897836
0.7272727272727 0.4285714285714 -0.1672876156015
0.7676767676768 0.4285714285714 -0.09707976809271
0.8080808080808 0.4285714285714 -0.02011666303465
0.8484848484848 0.4285714285714 0.06166554343262
0.8888888888889 0.4285714285714 0.1461813599649
0.9292929292929 0.4285714285714 0.2312411167213
0.969696969697 0.4285714285714 0.3145986917719
1.010101010101 0.4285714285714 0.3940041667642
1.050505050505 0.4285714285714 0.4672631977817
1.090909090909 0.4285714285714 0.5323034579344
1.131313131313 0.4285714285714 0.5872463768557
1.171717171717 0.4285714285714 0.6304799551304
1.212121212121 0.4285714285714 0.6607262604803
1.252525252525 0.4285714285714 0.6770959954437
1.292929292929 0.4285714285714 0.6791228240092
1.333333333333 0.4285714285714 0.6667721743545
1.373737373737 0.4285714285714 0.6404227147026
1.414141414141 0.4285714285714 0.600822843372
1.454545454545 0.4285714285714 0.5490283125247
1.494949494949 0.4285714285714 0.4863296276578
1.535353535354 0.4285714285714 0.414178638291
1.575757575758 0.4285714285714 0.3341227621997
1.616161616162 0.4285714285714 0.2477529867623
1.656565656566 0.4285714285714 0.1566688017159
1.69696969697 0.4285714285714 0.06246016774223
1.737373737374 0.4285714285714 -0.03329601036534
1.777777777778 0.4285714285714 -0.1290293880128
1.818181818182 0.4285714285714 -0.2231653120987
1.858585858586 0.4285714285714 -0.3141156159359
1.89898989899 0.4285714285714 -0.4002767604254
1.939393939394 0.4285714285714 -0.4800399506887
1.979797979798 0.4285714285714 -0.551816153211
2.020202020202 0.4285714285714 -0.6140766797015
2.060606060606 0.4285714285714 -0.6654073879946
2.10101010101 0.4285714285714 -0.7045719103933
2.141414141414 0.4285714285714 -0.7305771117218
2.181818181818 0.4285714285714 -0.7427327027461
2.222222222222 0.4285714285714 -0.7406969952881
2.262626262626 0.4285714285714 -0.7245023405211
2.30303030303 0.4285714285714 -0.6945566477993
2.343434343434 0.4285714285714 -0.6516209947104
2.383838383838 0.4285714285714 -0.5967669171897
2.424242424242 0.4285714285714 -0.5313197260893
2.464646464646 0.4285714285714 -0.4567956173866
2.505050505051 0.4285714285714 -0.3748402710439
2.545454545455 0.4285714285714 -0.2871752579908
2.585858585859 0.4285714285714 -0.1955563242025
2.626262626263 0.4285714285714 -0.1017450080624
2.666666666667 0.4285714285714 -0.00749253547212
2.707070707071 0.4285714285714 0.08546713406832
2.747474747475 0.4285714285714 0.1754196643256
2.787878787879 0.4285714285714 0.2606733432314
2.828282828283 0.4285714285714 0.3395678832797
2.868686868687 0.4285714285714 0.410493323185
2.909090909091 0.4285714285714 0.4719217598062
2.949494949495 0.4285714285714 0.5224524700206
2.989898989899 0.4285714285714 0.5608684524878
3.030303030303 0.4285714285714 0.5861998985264
3.070707070707 0.4285714285714 0.5977880607611
3.111111111111 0.4285714285714 0.5953419031666
3.151515151515 0.4285714285714 0.5789801201418
3.191919191919 0.4285714285714 0.5492526557292
3.232323232323 0.4285714285714 0.5071384388363
3.272727272727 0.4285714285714 0.454019089763
3.313131313131 0.4285714285714 0.3916311394771
3.353535353535 0.4285714285714 0.3220012280001
3.393939393939 0.4285714285714 0.2473695116068
3.434343434343 0.4285714285714 0.170106176806
3.474747474747 0.4285714285714 0.0926248689399
3.515151515152 0.4285714285714 0.0172954474996
3.555555555556 0.4285714285714 -0.05364280659067
3.59595959596 0.4285714285714 -0.1181673156092
3.636363636364 0.4285714285714 -0.1745578963199
3.676767676768 0.4285714285714 -0.2214823459741
3.717171717172 0.4285714285714 -0.25808223503
3.757575757576 0.4285714285714 -0.2840594384866
3.79797979798 0.4285714285714 -0.2997648040455
3.838383838384 0.4285714285714 -0.30629233546
3.878787878788 0.4285714285714 -0.3055858968785
3.919191919192 0.4285714285714 -0.3005713582568
3.959595959596 0.4285714285714 -0.2953361143618
4 0.4285714285714 -0.2953361143618
0 0.4489795918367 0.0529693480299
0.04040404040404 0.4489795918367 0.0529693480299
0.08080808080808 0.4489795918367 0.02220152894
0.1212121212121 0.4489795918367 -0.01901603181245
0.1616161616162 0.4489795918367 -0.06750079441949
0.2020202020202 0.4489795918367 -0.1201291410333
0.2424242424242 0.4489795918367 -0.1738674966655
0.2828282828283 0.4489795918367 -0.2258257114073
0.3232323232323 0.4489795918367 -0.2733220857701
0.3636363636364 0.4489795918367 -0.3139512351926
0.4040404040404 0.4489795918367 -0.3456475086715
0.4444444444444 0.4489795918367 -0.3667381567384
0.4848484848485 0.4489795918367 -0.3759820312157
0.5252525252525 0.4489795918367 -0.3725913295541
0.5656565656566 0.4489795918367 -0.356235701342
0.6060606060606 0.4489795918367 -0.3270297595112
0.6464646464646 0.4489795918367 -0.2855064833554
0.6868686868687 0.4489795918367 -0.2325799712252
0.7272727272727 0.4489795918367 -0.1695013642947
0.7676767676768 0.4489795918367 -0.09781148336248
0.8080808080808 0.4489795918367 -0.01929287281309
0.8484848484848 0.4489795918367 0.06407729731012
0.8888888888889 0.4489795918367 0.1501734152639
0.9292929292929 0.4489795918367 0.2367679114798
0.969696969697 0.4489795918367 0.32158012251
1.010101010101 0.4489795918367 0.4023298335716
1.050505050505 0.4489795918367 0.4767972071283
1.090909090909 0.4489795918367 0.5428893805757
1.131313131313 0.4489795918367 0.5987119247626
1.171717171717 0.4489795918367 0.6426409831502
1.212121212121 0.4489795918367 0.6733898336829
1.252525252525 0.4489795918367 0.6900624782742
1.292929292929 0.4489795918367 0.6921871930067
1.333333333333 0.4489795918367 0.679724958335
1.373737373737 0.4489795918367 0.6530510525358
1.414141414141 0.4489795918367 0.6129120891498
1.454545454545 0.4489795918367 0.5603644389919
1.494949494949 0.4489795918367 0.4967024482246
1.535353535354 0.4489795918367 0.4233856642807
1.575757575758 0.4489795918367 0.3419733962764
1.616161616162 0.4489795918367 0.2540727495643
1.656565656566 0.4489795918367 0.1613033805823
1.69696969697 0.4489795918367 0.06527921987072
1.737373737374 0.4489795918367 -0.03239522768194
1.777777777778 0.4489795918367 -0.130118399432
1.818181818182 0.4489795918367 -0.2262806554915
1.858585858586 0.4489795918367 -0.3192548555264
1.89898989899 0.4489795918367 -0.4073943980847
1.939393939394 0.4489795918367 -0.4890435901049
1.979797979798 0.4489795918367 -0.5625635119595
2.020202020202 0.4489795918367 -0.6263742196697
2.060606060606 0.4489795918367 -0.6790113770805
2.10101010101 0.4489795918367 -0.7191925873235
2.141414141414 0.4489795918367 -0.7458862896303
2.181818181818 0.4489795918367 -0.7583746588412
2.222222222222 0.4489795918367 -0.7563019513
2.262626262626 0.4489795918367 -0.7397013728346
2.30303030303 0.4489795918367 -0.7089966008659
2.343434343434 0.4489795918367 -0.6649779763768
2.383838383838 0.4489795918367 -0.6087572266543
2.424242424242 0.4489795918367 -0.5417075300145
2.464646464646 0.4489795918367 -0.465397222723
2.505050505051 0.4489795918367 -0.3815253155873
2.545454545455 0.4489795918367 -0.2918654590114
2.585858585859 0.4489795918367 -0.1982225545493
2.626262626263 0.4489795918367 -0.10240342429
2.666666666667 0.4489795918367 -0.006200316653764
2.707070707071 0.4489795918367 0.08861609753236
2.747474747475 0.4489795918367 0.1802990021639
2.787878787879 0.4489795918367 0.2671283801917
2.828282828283 0.4489795918367 0.3474198522945
2.868686868687 0.4489795918367 0.4195437014018
2.909090909091 0.4489795918367 0.4819567402895
2.949494949495 0.4489795918367 0.5332474842697
2.989898989899 0.4489795918367 0.572192577911
3.030303030303 0.4489795918367 0.5978199580254
3.070707070707 0.4489795918367 0.6094722678975
3.111111111111 0.4489795918367 0.6068630180914
3.151515151515 0.4489795918367 0.5901182234123
3.191919191919 0.4489795918367 0.5597977683021
3.232323232323 0.4489795918367 0.5168932696062
3.272727272727 0.4489795918367 0.4628021515623
3.313131313131 0.4489795918367 0.3992803475753
3.353535353535 0.4489795918367 0.3283779212748
3.393939393939 0.4489795918367 0.2523626672207
3.434343434343 0.4489795918367 0.1736364645119
3.474747474747 0.4489795918367 0.09464813015423
3.515151515152 0.4489795918367 0.01780518547285
3.555555555556 0.4489795918367 -0.05461429052144
3.59595959596 0.4489795918367 -0.1205494263445
3.636363636364 0.4489795918367 -0.1782440823021
3.676767676768 0.4489795918367 -0.2263343596942
3.717171717172 0.4489795918367 -0.2639363016642
3.757575757576 0.4489795918367 -0.2907342182644
3.79797979798 0.4489795918367 -0.3070709619233
3.838383838384 0.4489795918367 -0.314043523409
3.878787878788 0.4489795918367 -0.3136110564377
3.919191919192 0.4489795918367 -0.3087285047891
3.959595959596 0.4489795918367 -0.3035281751639
4 0.4489795918367 -0.3035281751639
0 0.469387755102 0.05169553160643
0.04040404040404 0.469387755102 0.05169553160643
0.08080808080808 0.469387755102 0.0205829011382
0.1212121212121 0.469387755102 -0.02109920401233
0.1616161616162 0.469387755102 -0.07012924335068
0.2020202020202 0.469387755102 -0.1233423461362
0.2424242424242 0.469387755102 -0.1776629791099
0.2828282828283 0.469387755102 -0.2301601497776
0.3232323232323 0.469387755102 -0.2781142996941
0.3636363636364 0.469387755102 -0.3190869234017
0.4040404040404 0.469387755102 -0.3509854994895
0.4444444444444 0.469387755102 -0.3721178191187
0.4848484848485 0.469387755102 -0.3812314064069
0.5252525252525 0.469387755102 -0.3775354894974
0.5656565656566 0.469387755102 -0.3607048325497
0.6060606060606 0.469387755102 -0.3308665157165
0.6464646464646 0.469387755102 -0.2885722403157
0.6868686868687 0.469387755102 -0.2347597353109
0.7272727272727 0.469387755102 -0.1707072096369
0.7676767676768 0.469387755102 -0.09798449886359
0.8080808080808 0.469387755102 -0.01840367757756
0.8484848484848 0.469387755102 0.06602936364472
0.8888888888889 0.469387755102 0.1531622906041
0.9292929292929 0.469387755102 0.2407438301652
0.969696969697 0.469387755102 0.3264734388259
1.010101010101 0.469387755102 0.4080553613891
1.050505050505 0.469387755102 0.4832587018104
1.090909090909 0.469387755102 0.5499837184415
1.131313131313 0.469387755102 0.6063325176964
1.171717171717 0.469387755102 0.6506800372092
1.212121212121 0.469387755102 0.6817392359533
1.252525252525 0.469387755102 0.6986133555855
1.292929292929 0.469387755102 0.7008284713157
1.333333333333 0.469387755102 0.6883414807342
1.373737373737 0.469387755102 0.6615219100433
1.414141414141 0.469387755102 0.6211097480221
1.454545454545 0.469387755102 0.5681550384173
1.494949494949 0.469387755102 0.5039473645566
1.535353535354 0.469387755102 0.4299441794325
1.575757575758 0.469387755102 0.347706139539
1.616161616162 0.469387755102 0.2588455368699
1.656565656566 0.469387755102 0.1649911433552
1.69696969697 0.469387755102 0.06776985512737
1.737373737374 0.469387755102 -0.03119709975173
1.777777777778 0.469387755102 -0.1302876684176
1.818181818182 0.469387755102 -0.2278678049373
1.858585858586 0.469387755102 -0.3222818194857
1.89898989899 0.469387755102 -0.4118502655533
1.939393939394 0.469387755102 -0.4948804531752
1.979797979798 0.469387755102 -0.5696929898692
2.020202020202 0.469387755102 -0.6346653767021
2.060606060606 0.469387755102 -0.688290816482
2.10101010101 0.469387755102 -0.7292473900082
2.141414141414 0.469387755102 -0.7564701572744
2.181818181818 0.469387755102 -0.7692171535931
2.222222222222 0.469387755102 -0.7671201939508
2.262626262626 0.469387755102 -0.7502130999319
2.30303030303 0.469387755102 -0.7189332160399
2.343434343434 0.469387755102 -0.6740962364859
2.383838383838 0.469387755102 -0.6168484759888
2.424242424242 0.469387755102 -0.5486038569497
2.464646464646 0.469387755102 -0.4709744349889
2.505050505051 0.469387755102 -0.3857030834334
2.545454545455 0.469387755102 -0.2946052701751
2.585858585859 0.469387755102 -0.1995242294191
2.626262626263 0.469387755102 -0.1023008765141
2.666666666667 0.469387755102 -0.004757071367298
2.707070707071 0.469387755102 0.0913113291108
2.747474747475 0.469387755102 0.1841365846425
2.787878787879 0.469387755102 0.2719818720957
2.828282828283 0.469387755102 0.3531500430209
2.868686868687 0.469387755102 0.4260025945112
2.909090909091 0.469387755102 0.4889914234715
2.949494949495 0.469387755102 0.5407037274523
2.989898989899 0.469387755102 0.5799179350088
3.030303030303 0.469387755102 0.6056661510546
3.070707070707 0.469387755102 0.6172967196429
3.111111111111 0.469387755102 0.614529556555
3.151515151515 0.469387755102 0.5974971650473
3.191919191919 0.469387755102 0.5667657396034
3.232323232323 0.469387755102 0.5233331960411
3.272727272727 0.469387755102 0.4686038023895
3.313131313131 0.469387755102 0.4043416843341
3.353535353535 0.469387755102 0.3326072996287
3.393939393939 0.469387755102 0.2556817421907
3.434343434343 0.469387755102 0.1759834933161
3.474747474747 0.469387755102 0.0959812784491
3.515151515152 0.469387755102 0.01810542243924
3.555555555556 0.469387755102 -0.05534108980214
3.59595959596 0.469387755102 -0.1222714858172
3.636363636364 0.469387755102 -0.1809040665941
3.676767676768 0.469387755102 -0.229851187355
3.717171717172 0.469387755102 -0.2682084637792
3.757575757576 0.469387755102 -0.2956445318289
3.79797979798 0.469387755102 -0.3124925897862
3.838383838384 0.469387755102 -0.3198470208493
3.878787878788 0.469387755102 -0.3196721813781
3.919191919192 0.469387755102 -0.3149365660219
3.959595959596 0.469387755102 -0.3097947657215
4 0.469387755102 -0.3097947657215
0 0.4897959183673 0.05027249497231
0.04040404040404 0.4897959183673 0.05027249497231
0.08080808080808 0.4897959183673 0.01898976902917
0.1212121212121 0.4897959183673 -0.02292028479673
0.1616161616162 0.4897959183673 -0.07221460587649
0.2020202020202 0.4897959183673 -0.1257050079467
0.2424242424242 0.4897959183673 -0.1802920319452
0.2828282828283 0.4897959183673 -0.2330214572785
0.3232323232323 0.4897959183673 -0.2811525026529
0.3636363636364 0.4897959183673 -0.3222286608924
0.4040404040404 0.4897959183673 -0.3541436703189
0.4444444444444 0.4897959183673 -0.3751966252475
0.4848484848485 0.4897959183673 -0.3841318461168
0.5252525252525 0.4897959183673 -0.3801609183567
0.5656565656566 0.4897959183673 -0.3629661993539
0.6060606060606 0.4897959183673 -0.3326869154674
0.6464646464646 0.4897959183673 -0.2898905020716
0.6868686868687 0.4897959183673 -0.2355328635819
0.7272727272727 0.4897959183673 -0.1709116025144
0.7676767676768 0.4897959183673 -0.09761595505449
0.8080808080808 0.4897959183673 -0.01747626774229
0.8484848484848 0.4897959183673 0.06748544632021
0.8888888888889 0.4897959183673 0.1551037570715
0.9292929292929 0.4897959183673 0.2431180202184
0.969696969697 0.4897959183673 0.3292225071785
1.010101010101 0.4897959183673 0.4111206070278
1.050505050505 0.4897959183673 0.4865846325105
1.090909090909 0.4897959183673 0.5535213756653
1.131313131313 0.4897959183673 0.6100415850252
1.171717171717 0.4897959183673 0.6545293536088
1.212121212121 0.4897959183673 0.6857055453227
1.252525252525 0.4897959183673 0.7026784200879
1.292929292929 0.4897959183673 0.7049749928063
1.333333333333 0.4897959183673 0.692548524547
1.373737373737 0.4897959183673 0.6657606289356
1.414141414141 0.4897959183673 0.6253401254528
1.454545454545 0.4897959183673 0.5723241354408
1.494949494949 0.4897959183673 0.5079892377927
1.535353535354 0.4897959183673 0.4337813319255
1.575757575758 0.4897959183673 0.3512521508134
1.616161616162 0.4897959183673 0.2620084341743
1.656565656566 0.4897959183673 0.1676771195396
1.69696969697 0.4897959183673 0.06988707115751
1.737373737374 0.4897959183673 -0.02973472458113
1.777777777778 0.4897959183673 -0.1295566350795
1.818181818182 0.4897959183673 -0.2279310678085
1.858585858586 0.4897959183673 -0.3231845843248
1.89898989899 0.4897959183673 -0.4136155851441
1.939393939394 0.4897959183673 -0.4975048518313
1.979797979798 0.4897959183673 -0.5731425763327
2.020202020202 0.4897959183673 -0.6388730982074
2.060606060606 0.4897959183673 -0.6931555922354
2.10101010101 0.4897959183673 -0.7346357793046
2.141414141414 0.4897959183673 -0.7622209412112
2.181818181818 0.4897959183673 -0.7751487709545
2.222222222222 0.4897959183673 -0.7730404622329
2.262626262626 0.4897959183673 -0.755930202529
2.30303030303 0.4897959183673 -0.7242666753368
2.343434343434 0.4897959183673 -0.6788865980768
2.383838383838 0.4897959183673 -0.6209646983701
2.424242424242 0.4897959183673 -0.5519478514665
2.464646464646 0.4897959183673 -0.4734827029185
2.505050505051 0.4897959183673 -0.3873458229786
2.545454545455 0.4897959183673 -0.2953835904483
2.585858585859 0.4897959183673 -0.1994661858511
2.626262626263 0.4897959183673 -0.1014569611365
2.666666666667 0.4897959183673 -0.003195613779226
2.707070707071 0.4897959183673 0.09350859820285
2.747474747475 0.4897959183673 0.1868787258379
2.787878787879 0.4897959183673 0.2751727028281
2.828282828283 0.4897959183673 0.3566919073294
2.868686868687 0.4897959183673 0.4297999091976
2.909090909091 0.4897959183673 0.4929538724421
2.949494949495 0.4897959183673 0.5447488780919
2.989898989899 0.4897959183673 0.5839730004693
3.030303030303 0.4897959183673 0.6096686547549
3.070707070707 0.4897959183673 0.6211939435527
3.111111111111 0.4897959183673 0.6182768521206
3.151515151515 0.4897959183673 0.6010554255821
3.191919191919 0.4897959183673 0.5700985123798
3.232323232323 0.4897959183673 0.5264039959563
3.272727272727 0.4897959183673 0.4713741497846
3.313131313131 0.4897959183673 0.4067702387776
3.353535353535 0.4897959183673 0.3346502446424
3.393939393939 0.4897959183673 0.257294351592
3.434343434343 0.4897959183673 0.1771226274928
3.474747474747 0.4897959183673 0.0966084457084
3.515151515152 0.4897959183673 0.01818999943316
3.555555555556 0.4897959183673 -0.05581886806277
3.59595959596 0.4897959183673 -0.1233181021098
3.636363636364 0.4897959183673 -0.1825111256772
3.676767676768 0.4897959183673 -0.2319948251666
3.717171717172 0.4897959183673 -0.2708498431599
3.757575757576 0.4897959183673 -0.2987313971464
3.79797979798 0.4897959183673 -0.3159617287351
3.838383838384 0.4897959183673 -0.3236273444614
3.878787878788 0.4897959183673 -0.3236879832082
3.919191919192 0.4897959183673 -0.3191103446182
3.959595959596 0.4897959183673 -0.3140487409068
4 0.4897959183673 -0.3140487409068
0 0.5102040816327 0.04874000965748
0.04040404040404 0.5102040816327 0.04874000965748
0.08080808080808 0.5102040816327 0.01746298252569
0.1212121212121 0.5102040816327 -0.02443710498383
0.1616161616162 0.5102040816327 -0.07371334861641
0.2020202020202 0.5102040816327 -0.1271724002295
0.2424242424242 0.5102040816327 -0.1817091390898
0.2828282828283 0.5102040816327 -0.2343639634992
0.3232323232323 0.5102040816327 -0.2823917193363
0.3636363636364 0.5102040816327 -0.3233331915888
0.4040404040404 0.5102040816327 -0.355081625118
0.4444444444444 0.5102040816327 -0.3759382238344
0.4848484848485 0.5102040816327 -0.384652190846
0.5252525252525 0.5102040816327 -0.3804426743444
0.5656565656566 0.5102040816327 -0.3630019045664
0.6060606060606 0.5102040816327 -0.3324806685768
0.6464646464646 0.5102040816327 -0.2894588361205
0.6868686868687 0.5102040816327 -0.2349046952063
0.7272727272727 0.5102040816327 -0.1701272304635
0.7676767676768 0.5102040816327 -0.09672515138393
0.8080808080808 0.5102040816327 -0.01653555278058
0.8484848484848 0.5102040816327 0.068416224171
0.8888888888889 0.5102040816327 0.1559653897464
0.9292929292929 0.5102040816327 0.243856270545
0.969696969697 0.5102040816327 0.3297925508968
1.010101010101 0.5102040816327 0.4114912471768
1.050505050505 0.5102040816327 0.486741854511
1.090909090909 0.5102040816327 0.5534707502419
1.131313131313 0.5102040816327 0.6098090392319
1.171717171717 0.5102040816327 0.6541599523196
1.212121212121 0.5102040816327 0.685260164885
1.252525252525 0.5102040816327 0.7022285211283
1.292929292929 0.5102040816327 0.7045960398757
1.333333333333 0.5102040816327 0.6923128650777
1.373737373737 0.5102040816327 0.6657307522797
1.414141414141 0.5102040816327 0.6255631376312
1.454545454545 0.5102040816327 0.5728280309044
1.494949494949 0.5102040816327 0.5087812013419
1.535353535354 0.5102040816327 0.4348479589453
1.575757575758 0.5102040816327 0.3525612171589
1.616161616162 0.5102040816327 0.2635117264075
1.656565656566 0.5102040816327 0.1693138546544
1.69696969697 0.5102040816327 0.07158755785797
1.737373737374 0.5102040816327 -0.02804535907941
1.777777777778 0.5102040816327 -0.1279546669225
1.818181818182 0.5102040816327 -0.2264902588025
1.858585858586 0.5102040816327 -0.3219720248686
1.89898989899 0.5102040816327 -0.4126872864087
1.939393939394 0.5102040816327 -0.4969012483884
1.979797979798 0.5102040816327 -0.5728843164434
2.020202020202 0.5102040816327 -0.6389576962683
2.060606060606 0.5102040816327 -0.6935556235578
2.10101010101 0.5102040816327 -0.7352992470504
2.141414141414 0.5102040816327 -0.7630742078403
2.181818181818 0.5102040816327 -0.776102045726
2.222222222222 0.5102040816327 -0.7739953569047
2.262626262626 0.5102040816327 -0.7567884367973
2.30303030303 0.5102040816327 -0.7249387606579
2.343434343434 0.5102040816327 -0.6792993339631
2.383838383838 0.5102040816327 -0.6210665762034
2.424242424242 0.5102040816327 -0.5517118925999
2.464646464646 0.5102040816327 -0.4729067309353
2.505050505051 0.5102040816327 -0.3864505602838
2.545454545455 0.5102040816327 -0.294209197679
2.585858585859 0.5102040816327 -0.1980679106067
2.626262626263 0.5102040816327 -0.09990046467289
2.666666666667 0.5102040816327 -0.00155236518457
2.707070707071 0.5102040816327 0.09516566144883
2.747474747475 0.5102040816327 0.1884792179726
2.787878787879 0.5102040816327 0.2766525062808
2.828282828283 0.5102040816327 0.3579965860512
2.868686868687 0.5102040816327 0.4308877379411
2.909090909091 0.5102040816327 0.4937982896838
2.949494949495 0.5102040816327 0.545340075149
2.989898989899 0.5102040816327 0.5843183260019
3.030303030303 0.5102040816327 0.609791573991
3.070707070707 0.5102040816327 0.6211314510124
3.111111111111 0.5102040816327 0.6180754689118
3.151515151515 0.5102040816327 0.6007661629428
3.191919191919 0.5102040816327 0.5697713849988
3.232323232323 0.5102040816327 0.5260827645655
3.272727272727 0.5102040816327 0.471091935517
3.313131313131 0.5102040816327 0.4065464948101
3.353535353535 0.5102040816327 0.3344893404323
3.393939393939 0.5102040816327 0.2571857817001
3.434343434343 0.5102040816327 0.1770426527291
3.474747474747 0.5102040816327 0.09652283939144
3.515151515152 0.5102040816327 0.01805751076797
3.555555555556 0.5102040816327 -0.05604272185381
3.59595959596 0.5102040816327 -0.123677264169
3.636363636364 0.5102040816327 -0.1830455370107
3.676767676768 0.5102040816327 -0.2327374865499
3.717171717172 0.5102040816327 -0.2718245286612
3.757575757576 0.5102040816327 -0.2999510339312
3.79797979798 0.5102040816327 -0.3174273080925
3.838383838384 0.5102040816327 -0.32532702701
3.878787878788 0.5102040816327 -0.3255957858913
3.919191919192 0.5102040816327 -0.3211834111838
3.959595959596 0.5102040816327 -0.3162216306088
4 0.5102040816327 -0.3162216306088
0 0.530612244898 0.04713325941356
0.04040404040404 0.530612244898 0.04713325941356
0.08080808080808 0.530612244898 0.01603769812726
0.1212121212121 0.530612244898 -0.02561467025594
0.1616161616162 0.530612244898 -0.07459086935391
0.2020202020202 0.530612244898 -0.1277106524716
0.2424242424242 0.530612244898 -0.1818816173812
0.2828282828283 0.530612244898 -0.2341567385447
0.3232323232323 0.530612244898 -0.2818034296255
0.3636363636364 0.530612244898 -0.3223751185238
0.4040404040404 0.530612244898 -0.3537778139318
0.4444444444444 0.530612244898 -0.3743255902067
0.4848484848485 0.530612244898 -0.3827805126007
0.5252525252525 0.530612244898 -0.3783743298361
0.5656565656566 0.530612244898 -0.3608112027631
0.6060606060606 0.530612244898 -0.3302526302994
0.6464646464646 0.530612244898 -0.2872873296263
0.6868686868687 0.530612244898 -0.2328898902804
0.7272727272727 0.530612244898 -0.1683723968151
0.7676767676768 0.530612244898 -0.09533287575513
0.8080808080808 0.530612244898 -0.01560348002035
0.8484848484848 0.530612244898 0.06880000150865
0.8888888888889 0.530612244898 0.1557271465595
0.9292929292929 0.530612244898 0.2429414810895
0.969696969697 0.530612244898 0.3281704793962
1.010101010101 0.530612244898 0.409158945721
1.050505050505 0.530612244898 0.4837271236253
1.090909090909 0.530612244898 0.5498335628236
1.131313131313 0.530612244898 0.6056409561091
1.171717171717 0.530612244898 0.6495812005864
1.212121212121 0.530612244898 0.6804143131101
1.252525252525 0.530612244898 0.6972750328719
1.292929292929 0.530612244898 0.699701344226
1.333333333333 0.530612244898 0.6876408569046
1.373737373737 0.530612244898 0.661433745511
1.414141414141 0.530612244898 0.6217742046928
1.454545454545 0.530612244898 0.5696553928283
1.494949494949 0.530612244898 0.5063049608992
1.535353535354 0.530612244898 0.4331190924102
1.575757575758 0.530612244898 0.3516024481322
1.616161616162 0.530612244898 0.2633197513684
1.656565656566 0.530612244898 0.1698623835002
1.69696969697 0.530612244898 0.07283074376939
1.737373737374 0.530612244898 -0.02616935080774
1.777777777778 0.530612244898 -0.1255200215655
1.818181818182 0.530612244898 -0.2235797448874
1.858585858586 0.530612244898 -0.3186729878604
1.89898989899 0.530612244898 -0.4090873467719
1.939393939394 0.530612244898 -0.4930837904948
1.979797979798 0.530612244898 -0.5689240539599
2.020202020202 0.530612244898 -0.6349167971028
2.060606060606 0.530612244898 -0.6894810016213
2.10101010101 0.530612244898 -0.7312216122221
2.141414141414 0.530612244898 -0.7590092725744
2.181818181818 0.530612244898 -0.7720539324292
2.222222222222 0.530612244898 -0.7699618112007
2.262626262626 0.530612244898 -0.7527670493266
2.30303030303 0.530612244898 -0.7209331604939
2.343434343434 0.530612244898 -0.6753243220011
2.383838383838 0.530612244898 -0.6171514144496
2.424242424242 0.530612244898 -0.5479013694751
2.464646464646 0.530612244898 -0.4692600567547
2.505050505051 0.530612244898 -0.3830384930837
2.545454545455 0.530612244898 -0.2911099863493
2.585858585859 0.530612244898 -0.1953626592161
2.626262626263 0.530612244898 -0.09766840866983
2.666666666667 0.530612244898 0.0001336269699445
2.707070707071 0.530612244898 0.09624322100809
2.747474747475 0.530612244898 0.1889002211459
2.787878787879 0.530612244898 0.2763864472345
2.828282828283 0.530612244898 0.3570335486908
2.868686868687 0.530612244898 0.4292408352099
2.909090909091 0.530612244898 0.4915053187615
2.949494949495 0.530612244898 0.5424640462457
2.989898989899 0.530612244898 0.5809465059038
3.030303030303 0.530612244898 0.6060327715722
3.070707070707 0.530612244898 0.6171114616798
3.111111111111 0.530612244898 0.6139308570339
3.151515151515 0.530612244898 0.5966368371953
3.191919191919 0.530612244898 0.5657926417617
3.232323232323 0.530612244898 0.522377581078
3.272727272727 0.530612244898 0.467764260932
3.313131313131 0.530612244898 0.4036761277108
3.353535353535 0.530612244898 0.3321287429217
3.393939393939 0.530612244898 0.2553589232689
3.434343434343 0.530612244898 0.1757457555765
3.474747474747 0.530612244898 0.09572674331996
3.515151515152 0.530612244898 0.0177112968496
3.555555555556 0.530612244898 -0.05600722684615
3.59595959596 0.530612244898 -0.1233404570619
3.636363636364 0.530612244898 -0.1824947898616
3.676767676768 0.530612244898 -0.2320619293628
3.717171717172 0.530612244898 -0.271110033292
3.757575757576 0.530612244898 -0.2992754556831
3.79797979798 0.530612244898 -0.3168558688921
3.838383838384 0.530612244898 -0.3249074607583
3.878787878788 0.530612244898 -0.3253524707157
3.919191919192 0.530612244898 -0.3211091259646
3.959595959596 0.530612244898 -0.3162647063764
4 0.530612244898 -0.3162647063764
0 0.5510204081633 0.04548199094356
0.04040404040404 0.5510204081633 0.04548199094356
0.08080808080808 0.5510204081633 0.01474252367381
0.1212121212121 0.5510204081633 -0.02642601837785
0.1616161616162 0.5510204081633 -0.07482234884111
0.2020202020202 0.5510204081633 -0.1272975859149
0.2424242424242 0.5510204081633 -0.1807904238116
0.2828282828283 0.5510204081633 -0.2323843561389
0.3232323232323 0.5510204081633 -0.2793762704562
0.3636363636364 0.5510204081633 -0.3193475263462
0.4040404040404 0.5510204081633 -0.3502300579181
0.4444444444444 0.5510204081633 -0.3703614369464
0.4848484848485 0.5510204081633 -0.3785243968176
0.5252525252525 0.5510204081633 -0.3739681142742
0.5656565656566 0.5510204081633 -0.3564104992274
0.6060606060606 0.5510204081633 -0.3260226578837
0.6464646464646 0.5510204081633 -0.2833983124485
0.6868686868687 0.5510204081633 -0.2295120358007
0.7272727272727 0.5510204081633 -0.1656705334009
0.7676767676768 0.5510204081633 -0.09346085418393
0.8080808080808 0.5510204081633 -0.01469845636558
0.8484848484848 0.5510204081633 0.06862327644852
0.8888888888889 0.5510204081633 0.1543818886092
0.9292929292929 0.5510204081633 0.2403740998648
0.969696969697 0.5510204081633 0.3243652124777
1.010101010101 0.5510204081633 0.4041415446017
1.050505050505 0.5510204081633 0.4775671440609
1.090909090909 0.5510204081633 0.5426447647711
1.131313131313 0.5510204081633 0.5975793594368
1.171717171717 0.5510204081633 0.6408405031703
1.212121212121 0.5510204081633 0.6712186590473
1.252525252525 0.5510204081633 0.6878694811527
1.292929292929 0.5510204081633 0.6903407553409
1.333333333333 0.5510204081633 0.6785781928599
1.373737373737 0.5510204081633 0.6529088893622
1.414141414141 0.5510204081633 0.6140043118087
1.454545454545 0.5510204081633 0.56282750775
1.494949494949 0.5510204081633 0.5005712442832
1.535353535354 0.5510204081633 0.4285946012298
1.575757575758 0.5510204081633 0.3483650907223
1.616161616162 0.5510204081633 0.2614118555021
1.656565656566 0.5510204081633 0.1692932850931
1.69696969697 0.5510204081633 0.07357990128418
1.737373737374 0.5510204081633 -0.02414903566394
1.777777777778 0.5510204081633 -0.1222988016963
1.818181818182 0.5510204081633 -0.2192475099063
1.858585858586 0.5510204081633 -0.313335513307
1.89898989899 0.5510204081633 -0.4028622081235
1.939393939394 0.5510204081633 -0.4860959497736
1.979797979798 0.5510204081633 -0.5613013044594
2.020202020202 0.5510204081633 -0.626785445042
2.060606060606 0.5510204081633 -0.6809623039093
2.10101010101 0.5510204081633 -0.7224295093032
2.141414141414 0.5510204081633 -0.7500498123001
2.181818181818 0.5510204081633 -0.763026482141
2.222222222222 0.5510204081633 -0.7609617672969
2.262626262626 0.5510204081633 -0.7438893887567
2.30303030303 0.5510204081633 -0.712275957816
2.343434343434 0.5510204081633 -0.6669913605656
2.383838383838 0.5510204081633 -0.6092532488314
2.424242424242 0.5510204081633 -0.5405545633957
2.464646464646 0.5510204081633 -0.4625847051436
2.505050505051 0.5510204081633 -0.3771544298282
2.545454545455 0.5510204081633 -0.286132219319
2.585858585859 0.5510204081633 -0.1913965588158
2.626262626263 0.5510204081633 -0.0948050496985
2.666666666667 0.5510204081633 0.001821741652918
2.707070707071 0.5510204081633 0.09670597857596
2.747474747475 0.5510204081633 0.1881132700516
2.787878787879 0.5510204081633 0.2743541372925
2.828282828283 0.5510204081633 0.3537913828794
2.868686868687 0.5510204081633 0.42485725457
2.909090909091 0.5510204081633 0.4860825144766
2.949494949495 0.5510204081633 0.5361374081308
2.989898989899 0.5510204081633 0.5738823166803
3.030303030303 0.5510204081633 0.5984238661762
3.070707070707 0.5510204081633 0.6091707869606
3.111111111111 0.5510204081633 0.6058831540108
3.151515151515 0.5510204081633 0.5887089641537
3.191919191919 0.5510204081633 0.5582032912613
3.232323232323 0.5510204081633 0.5153272596259
3.272727272727 0.5510204081633 0.4614263710052
3.313131313131 0.5510204081633 0.3981898329799
3.353535353535 0.5510204081633 0.3275940556182
3.393939393939 0.5510204081633 0.2518341872114
3.434343434343 0.5510204081633 0.1732474640515
3.474747474747 0.5510204081633 0.09423146212844
3.515151515152 0.5510204081633 0.0171593675795
3.555555555556 0.5510204081633 -0.05570656179355
3.59595959596 0.5510204081633 -0.1223028587314
3.636363636364 0.5510204081633 -0.1808538773479
3.676767676768 0.5510204081633 -0.2299618611401
3.717171717172 0.5510204081633 -0.268697824778
3.757575757576 0.5510204081633 -0.2966931311698
3.79797979798 0.5510204081633 -0.3142323550061
3.838383838384 0.5510204081633 -0.3223498100023
3.878787878788 0.5510204081633 -0.3229354949128
3.919191919192 0.5510204081633 -0.3188617404323
3.959595959596 0.5510204081633 -0.3141501327033
4 0.5510204081633 -0.3141501327033
0 0.5714285714286 0.04380980306819
0.04040404040404 0.5714285714286 0.04380980306819
0.08080808080808 0.5714285714286 0.01359879497149
0.1212121212121 0.5714285714286 -0.02685295698417
0.1616161616162 0.5714285714286 -0.07439350155054
0.2020202020202 0.5714285714286 -0.1259234720335
0.2424242424242 0.5714285714286 -0.1784309124875
0.2828282828283 0.5714285714286 -0.2290476359863
0.3232323232323 0.5714285714286 -0.2751167472212
0.3636363636364 0.5714285714286 -0.3142626430321
0.4040404040404 0.5714285714286 -0.3444561414739
0.4444444444444 0.5714285714286 -0.364068716798
0.4848484848485 0.5714285714286 -0.3719113382502
0.5252525252525 0.5714285714286 -0.367255188659
0.5656565656566 0.5714285714286 -0.3498334936082
0.6060606060606 0.5714285714286 -0.3198256201652
0.6464646464646 0.5714285714286 -0.2778262365312
0.6868686868687 0.5714285714286 -0.2248034062018
0.7272727272727 0.5714285714286 -0.1620498608989
0.7676767676768 0.5714285714286 -0.09113133611439
0.8080808080808 0.5714285714286 -0.01383488883391
0.8484848484848 0.5714285714286 0.0678812117914
0.8888888888889 0.5714285714286 0.1519358284473
0.9292929292929 0.5714285714286 0.2361725167319
0.969696969697 0.5714285714286 0.3184079926668
1.010101010101 0.5714285714286 0.3964832754574
1.050505050505 0.5714285714286 0.4683186700107
1.090909090909 0.5714285714286 0.5319725317203
1.131313131313 0.5714285714286 0.5857021203825
1.171717171717 0.5714285714286 0.6280231325864
1.212121212121 0.5714285714286 0.6577631177325
1.252525252525 0.5714285714286 0.6741033448757
1.292929292929 0.5714285714286 0.6766040916068
1.333333333333 0.5714285714286 0.66520984752
1.373737373737 0.5714285714286 0.6402333533499
1.414141414141 0.5714285714286 0.6023202417432
1.454545454545 0.5714285714286 0.5523986901314
1.494949494949 0.5714285714286 0.4916203924633
1.535353535354 0.5714285714286 0.4212999551571
1.575757575758 0.5714285714286 0.3428594442115
1.616161616162 0.5714285714286 0.257783426414
1.656565656566 0.5714285714286 0.1675877901148
1.69696969697 0.5714285714286 0.07380327958413
1.737373737374 0.5714285714286 -0.02202763274614
1.777777777778 0.5714285714286 -0.1183439318223
1.818181818182 0.5714285714286 -0.2135542649563
1.858585858586 0.5714285714286 -0.3060261246659
1.89898989899 0.5714285714286 -0.3940822842012
1.939393939394 0.5714285714286 -0.4760102719011
1.979797979798 0.5714285714286 -0.5500892590139
2.020202020202 0.5714285714286 -0.614636354164
2.060606060606 0.5714285714286 -0.6680710708359
2.10101010101 0.5714285714286 -0.7089930502853
2.141414141414 0.5714285714286 -0.736264658866
2.181818181818 0.5714285714286 -0.7490877031523
2.222222222222 0.5714285714286 -0.7470630344461
2.262626262626 0.5714285714286 -0.7302236919701
2.30303030303 0.5714285714286 -0.6990362807913
2.343434343434 0.5714285714286 -0.6543706311005
2.383838383838 0.5714285714286 -0.5974430821309
2.424242424242 0.5714285714286 -0.5297426365848
2.464646464646 0.5714285714286 -0.4529509251281
2.505050505051 0.5714285714286 -0.3688662877456
2.545454545455 0.5714285714286 -0.2793398133744
2.585858585859 0.5714285714286 -0.1862277191573
2.626262626263 0.5714285714286 -0.09136086184652
2.666666666667 0.5714285714286 0.003470879615546
2.707070707071 0.5714285714286 0.09652375665927
2.747474747475 0.5714285714286 0.1861003710782
2.787878787879 0.5714285714286 0.2705506624773
2.828282828283 0.5714285714286 0.3482787144294
2.868686868687 0.5714285714286 0.4177591324882
2.909090909091 0.5714285714286 0.477564972441
2.949494949495 0.5714285714286 0.5264071353879
2.989898989899 0.5714285714286 0.5631830292946
3.030303030303 0.5714285714286 0.5870304023594
3.070707070707 0.5714285714286 0.597380879751
3.111111111111 0.5714285714286 0.5940071412844
3.151515151515 0.5714285714286 0.5770580076648
3.191919191919 0.5714285714286 0.5470769224176
3.232323232323 0.5714285714286 0.5050011931763
3.272727272727 0.5714285714286 0.452141504208
3.313131313131 0.5714285714286 0.390143192767
3.353535353535 0.5714285714286 0.3209322152064
3.393939393939 0.5714285714286 0.246649404262
3.434343434343 0.5714285714286 0.1695765496358
3.474747474747 0.5714285714286 0.09205720884729
3.515151515152 0.5714285714286 0.01641425567945
3.555555555556 0.5714285714286 -0.05513471039613
3.59595959596 0.5714285714286 -0.1205636172243
3.636363636364 0.5714285714286 -0.1781256669395
3.676767676768 0.5714285714286 -0.2264424174
3.717171717172 0.5714285714286 -0.2645939221099
3.757575757576 0.5714285714286 -0.2922097050822
3.79797979798 0.5714285714286 -0.3095609587406
3.838383838384 0.5714285714286 -0.3176559766696
3.878787878788 0.5714285714286 -0.3183439652624
3.919191919192 0.5714285714286 -0.3144375577147
3.959595959596 0.5714285714286 -0.3098721804489
4 0.5714285714286 -0.3098721804489
0 0.5918367346939 0.04213359370616
0.04040404040404 0.5918367346939 0.04213359370616
0.08080808080808 0.5918367346939 0.01262000357304
0.1212121212121 0.5918367346939 -0.02688666301095
0.1616161616162 0.5918367346939 -0.07330120712107
0.2020202020202 0.5918367346939 -0.1235916961961
0.2424242424242 0.5918367346939 -0.1748135253615
0.2828282828283 0.5918367346939 -0.2241643510404
0.3232323232323 0.5918367346939 -0.2690499422406
0.3636363636364 0.5918367346939 -0.3071525304832
0.4040404040404 0.5918367346939 -0.336494463547
0.4444444444444 0.5918367346939 -0.3554912125692
0.4848484848485 0.5918367346939 -0.3629892483705
0.5252525252525 0.5918367346939 -0.3582860521537
0.5656565656566 0.5918367346939 -0.3411314718502
0.6060606060606 0.5918367346939 -0.3117115667266
0.6464646464646 0.5918367346939 -0.2706177209496
0.6868686868687 0.5918367346939 -0.2188048901558
0.7272727272727 0.5918367346939 -0.1575432103617
0.7676767676768 0.5918367346939 -0.0883668300623
0.8080808080808 0.5918367346939 -0.0130228588396
0.8484848484848 0.5918367346939 0.06657799423193
0.8888888888889 0.5918367346939 0.1484088937826
0.9292929292929 0.5918367346939 0.2303734039766
0.969696969697 0.5918367346939 0.3103526789975
1.010101010101 0.5918367346939 0.3862549893239
1.050505050505 0.5918367346939 0.4560686623419
1.090909090909 0.5918367346939 0.5179183479906
1.131313131313 0.5918367346939 0.5701229804192
1.171717171717 0.5918367346939 0.6112522107995
1.212121212121 0.5918367346939 0.6401768188347
1.252525252525 0.5918367346939 0.6561080452722
1.292929292929 0.5918367346939 0.658621186238
1.333333333333 0.5918367346939 0.647660214813
1.373737373737 0.5918367346939 0.6235224555669
1.414141414141 0.5918367346939 0.5868249796922
1.454545454545 0.5918367346939 0.5384568449526
1.494949494949 0.5918367346939 0.4795230808519
1.535353535354 0.5918367346939 0.4112870933661
1.575757575758 0.5918367346939 0.3351178527124
1.616161616162 0.5918367346939 0.2524469754821
1.656565656566 0.5918367346939 0.1647389112042
1.69696969697 0.5918367346939 0.07347523420861
1.737373737374 0.5918367346939 -0.01984816715347
1.777777777778 0.5918367346939 -0.1137141854388
1.818181818182 0.5918367346939 -0.2065726293148
1.858585858586 0.5918367346939 -0.2968292072923
1.89898989899 0.5918367346939 -0.382841571641
1.939393939394 0.5918367346939 -0.4629282436759
1.979797979798 0.5918367346939 -0.5353949163331
2.020202020202 0.5918367346939 -0.598580298161
2.060606060606 0.5918367346939 -0.6509204286092
2.10101010101 0.5918367346939 -0.6910266389303
2.141414141414 0.5918367346939 -0.7177687484856
2.181818181818 0.5918367346939 -0.7303525784696
2.222222222222 0.5918367346939 -0.7283803019217
2.262626262626 0.5918367346939 -0.7118840200621
2.30303030303 0.5918367346939 -0.6813270954406
2.343434343434 0.5918367346939 -0.6375732923102
2.383838383838 0.5918367346939 -0.5818292397314
2.424242424242 0.5918367346939 -0.51556972598
2.464646464646 0.5918367346939 -0.4404570164262
2.505050505051 0.5918367346939 -0.3582646626916
2.545454545455 0.5918367346939 -0.2708136774774
2.585858585859 0.5918367346939 -0.1799253755773
2.626262626263 0.5918367346939 -0.08739152888507
2.666666666667 0.5918367346939 0.005040572646249
2.707070707071 0.5918367346939 0.09567265813874
2.747474747475 0.5918367346939 0.1828551623405
2.787878787879 0.5918367346939 0.264987697944
2.828282828283 0.5918367346939 0.3405252374299
2.868686868687 0.5918367346939 0.4079936029809
2.909090909091 0.5918367346939 0.4660161072759
2.949494949495 0.5918367346939 0.5133511915963
2.989898989899 0.5918367346939 0.5489388928541
3.030303030303 0.5918367346939 0.5719521953807
3.070707070707 0.5918367346939 0.5818480562139
3.111111111111 0.5918367346939 0.5784123635932
3.151515151515 0.5918367346939 0.5617934194355
3.191919191919 0.5918367346939 0.5325196871697
3.232323232323 0.5918367346939 0.4914992987165
3.272727272727 0.5918367346939 0.4400008151755
3.313131313131 0.5918367346939 0.3796165851981
3.353535353535 0.5918367346939 0.3122113904506
3.393939393939 0.5918367346939 0.2398597103716
3.434343434343 0.5918367346939 0.1647748909608
3.474747474747 0.5918367346939 0.08923293488604
3.515151515152 0.5918367346939 0.01549279875471
3.555555555556 0.5918367346939 -0.05428574204865
3.59595959596 0.5918367346939 -0.1181262084862
3.636363636364 0.5918367346939 -0.1743213479281
3.676767676768 0.5918367346939 -0.2215207092901
3.717171717172 0.5918367346939 -0.2588195515347
3.757575757576 0.5918367346939 -0.2858487680633
3.79797979798 0.5918367346939 -0.3028660075972
3.838383838384 0.5918367346939 -0.3108496021914
3.878787878788 0.5918367346939 -0.3115997467202
3.919191919192 0.5918367346939 -0.3078561293717
3.959595959596 0.5918367346939 -0.303448478367
4 0.5918367346939 -0.303448478367
0 0.6122448979592 0.04046318730689
0.04040404040404 0.6122448979592 0.04046318730689
0.08080808080808 0.6122448979592 0.01181139760852
0.1212121212121 0.6122448979592 -0.02652812310051
0.1616161616162 0.6122448979592 -0.07155400346363
0.2020202020202 0.6122448979592 -0.1203193094127
0.2424242424242 0.6122448979592 -0.1699644017574
0.2828282828283 0.6122448979592 -0.2177698869305
0.3232323232323 0.6122448979592 -0.2612202098484
0.3636363636364 0.6122448979592 -0.2980697959073
0.4040404040404 0.6122448979592 -0.3264047424383
0.4444444444444 0.6122448979592 -0.3446942108019
0.4848484848485 0.6122448979592 -0.3518270735938
0.5252525252525 0.6122448979592 -0.3471310826753
0.5656565656566 0.6122448979592 -0.3303737508145
0.6060606060606 0.6122448979592 -0.3017460634944
0.6464646464646 0.6122448979592 -0.2618317717226
0.6868686868687 0.6122448979592 -0.2115660946466
0.7272727272727 0.6122448979592 -0.1521880183627
0.7676767676768 0.6122448979592 -0.08519000282445
0.8080808080808 0.6122448979592 -0.01226794353127
0.8484848484848 0.6122448979592 0.06472706931355
0.8888888888889 0.6122448979592 0.1438349955634
0.9292929292929 0.6122448979592 0.2230319949311
0.969696969697 0.6122448979592 0.3002760163809
1.010101010101 0.6122448979592 0.3735544018272
1.050505050505 0.6122448979592 0.4409345012466
1.090909090909 0.6122448979592 0.5006171859704
1.131313131313 0.6122448979592 0.5509917047155
1.171717171717 0.6122448979592 0.5906888514008
1.212121212121 0.6122448979592 0.618628258656
1.252525252525 0.6122448979592 0.6340551330567
1.292929292929 0.6122448979592 0.6365621367287
1.333333333333 0.6122448979592 0.6260934458931
1.373737373737 0.6122448979592 0.6029301112312
1.414141414141 0.6122448979592 0.5676582882232
1.454545454545 0.6122448979592 0.5211241760643
1.494949494949 0.6122448979592 0.4643811579432
1.535353535354 0.6122448979592 0.3986353795303
1.575757575758 0.6122448979592 0.3251957524693
1.616161616162 0.6122448979592 0.2454332439733
1.656565656566 0.6122448979592 0.1607525671363
1.69696969697 0.6122448979592 0.07257732348629
1.737373737374 0.6122448979592 -0.01765244964737
1.777777777778 0.6122448979592 -0.1084732890368
1.818181818182 0.6122448979592 -0.1983864042796
1.858585858586 0.6122448979592 -0.285846492102
1.89898989899 0.6122448979592 -0.3692573751764
1.939393939394 0.6122448979592 -0.4469802803994
1.979797979798 0.6122448979592 -0.5173593392933
2.020202020202 0.6122448979592 -0.5787666271977
2.060606060606 0.6122448979592 -0.6296658406831
2.10101010101 0.6122448979592 -0.668689914429
2.141414141414 0.6122448979592 -0.6947242005685
2.181818181818 0.6122448979592 -0.7069842118863
2.222222222222 0.6122448979592 -0.7050762786655
2.262626262626 0.6122448979592 -0.6890313180978
2.30303030303 0.6122448979592 -0.6593061181476
2.343434343434 0.6122448979592 -0.616752189303
2.383838383838 0.6122448979592 -0.562557834227
2.424242424242 0.6122448979592 -0.4981731390492
2.464646464646 0.6122448979592 -0.4252292493454
2.505050505051 0.6122448979592 -0.3454624819345
2.545454545455 0.6122448979592 -0.2606511209786
2.585858585859 0.6122448979592 -0.1725690861612
2.626262626263 0.6122448979592 -0.08295697191519
2.666666666667 0.6122448979592 0.00649207888508
2.707070707071 0.6122448979592 0.09413623585511
2.747474747475 0.6122448979592 0.1783841094676
2.787878787879 0.6122448979592 0.2576946850717
2.828282828283 0.6122448979592 0.3305828331831
2.868686868687 0.6122448979592 0.3956338262187
2.909090909091 0.6122448979592 0.4515285672622
2.949494949495 0.6122448979592 0.4970793155282
2.989898989899 0.6122448979592 0.5312737867857
3.030303030303 0.6122448979592 0.5533238517858
3.070707070707 0.6122448979592 0.5627138936616
3.111111111111 0.6122448979592 0.5592434175427
3.151515151515 0.6122448979592 0.5430588340331
3.191919191919 0.6122448979592 0.5146704178905
3.232323232323 0.6122448979592 0.4749520714361
3.272727272727 0.6122448979592 0.4251233769378
3.313131313131 0.6122448979592 0.3667151419623
3.353535353535 0.6122448979592 0.3015208981226
3.393939393939 0.6122448979592 0.2315374198554
3.434343434343 0.6122448979592 0.158897299644
3.474747474747 0.6122448979592 0.08579610164632
3.515151515152 0.6122448979592 0.01441584856179
3.555555555556 0.6122448979592 -0.05315417316295
3.59595959596 0.6122448979592 -0.114998875849
3.636363636364 0.6122448979592 -0.1694609556307
3.676767676768 0.6122448979592 -0.2152264381378
3.717171717172 0.6122448979592 -0.251411856564
3.757575757576 0.6122448979592 -0.2776526670369
3.79797979798 0.6122448979592 -0.2941928791
3.838383838384 0.6122448979592 -0.3019770885237
3.878787878788 0.6122448979592 -0.3027485853555
3.919191919192 0.6122448979592 -0.2991614650595
3.959595959596 0.6122448979592 -0.2949212777188
4 0.6122448979592 -0.2949212777188
0 0.6326530612245 0.03880116850075
0.04040404040404 0.6326530612245 0.03880116850075
0.08080808080808 0.6326530612245 0.0111697799624
0.1212121212121 0.6326530612245 -0.02578839286551
0.1616161616162 0.6326530612245 -0.06917242209905
0.2020202020202 0.6326530612245 -0.1161374516776
0.2424242424242 0.6326530612245 -0.163925893171
0.2828282828283 0.6326530612245 -0.209917842891
0.3232323232323 0.6326530612245 -0.251691850129
0.3636363636364 0.6326530612245 -0.2870883185294
0.4040404040404 0.6326530612245 -0.3142687710003
0.4444444444444 0.6326530612245 -0.3317652583593
0.4848484848485 0.6326530612245 -0.3385155256237
0.5252525252525 0.6326530612245 -0.3338812148357
0.5656565656566 0.6326530612245 -0.3176482809225
0.6060606060606 0.6326530612245 -0.2900107019241
0.6464646464646 0.6326530612245 -0.2515401851461
0.6868686868687 0.6326530612245 -0.2031456363653
0.7272727272727 0.6326530612245 -0.1460265066986
0.7676767676768 0.6326530612245 -0.08162375358976
0.8080808080808 0.6326530612245 -0.01157119535412
0.8484848484848 0.6326530612245 0.06235124173186
0.8888888888889 0.6326530612245 0.1382621914137
0.9292929292929 0.6326530612245 0.2142222935279
0.969696969697 0.6326530612245 0.2882778757893
1.010101010101 0.6326530612245 0.358506351699
1.050505050505 0.6326530612245 0.4230642553226
1.090909090909 0.6326530612245 0.4802377834012
1.131313131313 0.6326530612245 0.5284943709387
1.171717171717 0.6326530612245 0.5665324685836
1.212121212121 0.6326530612245 0.593325642338
1.252525252525 0.6326530612245 0.6081566798998
1.292929292929 0.6326530612245 0.6106377627705
1.333333333333 0.6326530612245 0.6007139897244
1.373737373737 0.6326530612245 0.5786494690089
1.414141414141 0.6326530612245 0.5449974471938
1.454545454545 0.6326530612245 0.5005580305864
1.494949494949 0.6326530612245 0.4463285868895
1.535353535354 0.6326530612245 0.3834526245684
1.575757575758 0.6326530612245 0.3131727513028
1.616161616162 0.6326530612245 0.236792307235
1.656565656566 0.6326530612245 0.1556486738921
1.69696969697 0.6326530612245 0.07109934466431
1.737373737374 0.6326530612245 -0.01548013904487
1.777777777778 0.6326530612245 -0.1026891260937
1.818181818182 0.6326530612245 -0.1890899590173
1.858585858586 0.6326530612245 -0.2731966583672
1.89898989899 0.6326530612245 -0.3534701548436
1.939393939394 0.6326530612245 -0.4283258347987
1.979797979798 0.6326530612245 -0.4961580302568
2.020202020202 0.6326530612245 -0.5553838995784
2.060606060606 0.6326530612245 -0.6045059696962
2.10101010101 0.6326530612245 -0.6421888015396
2.141414141414 0.6326530612245 -0.6673414997132
2.181818181818 0.6326530612245 -0.679195074733
2.222222222222 0.6326530612245 -0.6773629319684
2.262626262626 0.6326530612245 -0.6618745730329
2.30303030303 0.6326530612245 -0.6331768261231
2.343434343434 0.6326530612245 -0.5921026609152
2.383838383838 0.6326530612245 -0.5398133284632
2.424242424242 0.6326530612245 -0.477723647686
2.464646464646 0.6326530612245 -0.4074218809997
2.505050505051 0.6326530612245 -0.3305947492027
2.545454545455 0.6326530612245 -0.2489653468959
2.585858585859 0.6326530612245 -0.1642480029784
2.626262626263 0.6326530612245 -0.07812043592396
2.666666666667 0.6326530612245 0.007789438576938
2.707070707071 0.6326530612245 0.09190664582907
2.747474747475 0.6326530612245 0.1727077113775
2.787878787879 0.6326530612245 0.2487200470541
2.828282828283 0.6326530612245 0.3185267570532
2.868686868687 0.6326530612245 0.3807801138954
2.909090909091 0.6326530612245 0.4342252724576
2.949494949495 0.6326530612245 0.4777339537458
2.989898989899 0.6326530612245 0.5103460370431
3.030303030303 0.6326530612245 0.5313154650464
3.070707070707 0.6326530612245 0.5401558069672
3.111111111111 0.6326530612245 0.5366804141664
3.151515151515 0.6326530612245 0.5210324254252
3.191919191919 0.6326530612245 0.4937008866546
3.232323232323 0.6326530612245 0.4555207550682
3.272727272727 0.6326530612245 0.4076562692821
3.313131313131 0.6326530612245 0.3515687596297
3.353535353535 0.6326530612245 0.2889711399813
3.393939393939 0.6326530612245 0.2217718886933
3.434343434343 0.6326530612245 0.1520113090383
3.474747474747 0.6326530612245 0.08179239305667
3.515151515152 0.6326530612245 0.01320790565771
3.555555555556 0.6326530612245 -0.05173541146074
3.59595959596 0.6326530612245 -0.1111951534525
3.636363636364 0.6326530612245 -0.1635739735186
3.676767676768 0.6326530612245 -0.2076025760428
3.717171717172 0.6326530612245 -0.2424246580492
3.757575757576 0.6326530612245 -0.267683347916
3.79797979798 0.6326530612245 -0.2836089312425
3.838383838384 0.6326530612245 -0.291108621306
3.878787878788 0.6326530612245 -0.2918612245738
3.919191919192 0.6326530612245 -0.2884232310937
3.959595959596 0.6326530612245 -0.284358704385
4 0.6326530612245 -0.284358704385
0 0.6530612244898 0.03714295088029
0.04040404040404 0.6530612244898 0.03714295088029
0.08080808080808 0.6530612244898 0.01068353039833
0.1212121212121 0.6530612244898 -0.02468865169141
0.1616161616162 0.6530612244898 -0.06618914627374
0.2020202020202 0.6530612244898 -0.1110916314949
0.2424242424242 0.6530612244898 -0.1567569718179
0.2828282828283 0.6530612244898 -0.2006805661893
0.3232323232323 0.6530612244898 -0.2405497563857
0.3636363636364 0.6530612244898 -0.2743039893647
0.4040404040404 0.6530612244898 -0.3001912222387
0.4444444444444 0.6530612244898 -0.3168150038992
0.4848484848485 0.6530612244898 -0.3231679275977
0.5252525252525 0.6530612244898 -0.3186487604127
0.5656565656566 0.6530612244898 -0.3030624132977
0.6060606060606 0.6530612244898 -0.2766037893377
0.6464646464646 0.6530612244898 -0.2398281430654
0.6868686868687 0.6530612244898 -0.1936116294257
0.7272727272727 0.6530612244898 -0.1391060559072
0.7676767676768 0.6530612244898 -0.07769147211778
0.8080808080808 0.6530612244898 -0.01092928852394
0.8484848484848 0.6530612244898 0.05948263316699
0.8888888888889 0.6530612244898 0.1317527378362
0.9292929292929 0.6530612244898 0.2040372097477
0.969696969697 0.6530612244898 0.2744814619761
1.010101010101 0.6530612244898 0.3412630711815
1.050505050505 0.6530612244898 0.4026370074409
1.090909090909 0.6530612244898 0.4569830204714
1.131313131313 0.6530612244898 0.5028537965414
1.171717171717 0.6530612244898 0.5390212565977
1.212121212121 0.6530612244898 0.5645174198997
1.252525252525 0.6530612244898 0.5786658770283
1.292929292929 0.6530612244898 0.5811002738418
1.333333333333 0.6530612244898 0.5717673352104
1.373737373737 0.6530612244898 0.5509137309261
1.414141414141 0.6530612244898 0.5190581509493
1.454545454545 0.6530612244898 0.4769518678883
1.494949494949 0.6530612244898 0.4255324748216
1.535353535354 0.6530612244898 0.365876158479
1.575757575758 0.6530612244898 0.2991537188881
1.616161616162 0.6530612244898 0.2265946538221
1.656565656566 0.6530612244898 0.1494621787341
1.69696969697 0.6530612244898 0.0690402862964
1.737373737374 0.6530612244898 -0.01336790913283
1.777777777778 0.6530612244898 -0.09643306004531
1.818181818182 0.6530612244898 -0.1787877436113
1.858585858586 0.6530612244898 -0.2590150661653
1.89898989899 0.6530612244898 -0.3356435003855
1.939393939394 0.6530612244898 -0.4071536269331
1.979797979798 0.6530612244898 -0.4720014187414
2.020202020202 0.6530612244898 -0.5286606160837
2.060606060606 0.6530612244898 -0.575683632626
2.10101010101 0.6530612244898 -0.6117766457403
2.141414141414 0.6530612244898 -0.6358807564796
2.181818181818 0.6530612244898 -0.6472483275365
2.222222222222 0.6530612244898 -0.6455027996839
2.262626262626 0.6530612244898 -0.6306720462087
2.30303030303 0.6530612244898 -0.6031895456333
2.343434343434 0.6530612244898 -0.5638634296325
2.383838383838 0.6530612244898 -0.5138191868822
2.424242424242 0.6530612244898 -0.4544258759728
2.464646464646 0.6530612244898 -0.3872172696176
2.505050505051 0.6530612244898 -0.3138183894622
2.545454545455 0.6530612244898 -0.2358850428478
2.585858585859 0.6530612244898 -0.1550602342891
2.626262626263 0.6530612244898 -0.07294765547427
2.666666666667 0.6530612244898 0.008900467837657
2.707070707071 0.6530612244898 0.08898576067724
2.747474747475 0.6530612244898 0.1658616927826
2.787878787879 0.6530612244898 0.2381324210438
2.828282828283 0.6530612244898 0.3044568735691
2.868686868687 0.6530612244898 0.3635611347642
2.909090909091 0.6530612244898 0.4142605632575
2.949494949495 0.6530612244898 0.4554913303859
2.989898989899 0.6530612244898 0.4863493909089
3.030303030303 0.6530612244898 0.5061334843267
3.070707070707 0.6530612244898 0.5143878046223
3.111111111111 0.6530612244898 0.5109396190479
3.151515151515 0.6530612244898 0.4959274304069
3.191919191919 0.6530612244898 0.4698162127847
3.232323232323 0.6530612244898 0.4333976352081
3.272727272727 0.6530612244898 0.3877747598181
3.313131313131 0.6530612244898 0.3343321704682
3.353535353535 0.6530612244898 0.2746935653085
3.393939393939 0.6530612244898 0.2106693708896
3.434343434343 0.6530612244898 0.1441969270288
3.474747474747 0.6530612244898 0.07727536839802
3.515151515152 0.6530612244898 0.01189667725317
3.555555555556 0.6530612244898 -0.0500262865001
3.59595959596 0.6530612244898 -0.106734477229
3.636363636364 0.6530612244898 -0.1567000162862
3.676767676768 0.6530612244898 -0.1987061137159
3.717171717172 0.6530612244898 -0.2319292624382
3.757575757576 0.6530612244898 -0.2560232245383
3.79797979798 0.6530612244898 -0.2712044373501
3.838383838384 0.6530612244898 -0.2783391787707
3.878787878788 0.6530612244898 -0.2790344936973
3.919191919192 0.6530612244898 -0.2757379137296
3.959595959596 0.6530612244898 -0.2718559726282
4 0.6530612244898 -0.2718559726282
0 0.6734693877551 0.03547711317425
0.04040404040404 0.6734693877551 0.03547711317425
0.08080808080808 0.6734693877551 0.01033288057054
0.1212121212121 0.6734693877551 -0.02326002871182
0.1616161616162 0.6734693877551 -0.06264897271844
0.2020202020202 0.6734693877551 -0.1052418477364
0.2424242424242 0.6734693877551 -0.1485335239607
0.2828282828283 0.6734693877551 -0.1901496153141
0.3232323232323 0.6734693877551 -0.2279000350916
0.3636363636364 0.6734693877551 -0.2598354655927
0.4040404040404 0.6734693877551 -0.2843005090221
0.4444444444444 0.6734693877551 -0.2999781295904
0.4848484848485 0.6734693877551 -0.3059211826167
0.5252525252525 0.6734693877551 -0.3015683788035
0.5656565656566 0.6734693877551 -0.2867438394268
0.6060606060606 0.6734693877551 -0.2616412287213
0.6464646464646 0.6734693877551 -0.2267950084171
0.6868686868687 0.6734693877551 -0.1830423775049
0.7272727272727 0.6734693877551 -0.131479780243
0.7676767676768 0.6734693877551 -0.07341748793981
0.8080808080808 0.6734693877551 -0.01033483848329
0.8484848484848 0.6734693877551 0.05616249262504
0.8888888888889 0.6734693877551 0.1243830273369
0.9292929292929 0.6734693877551 0.1925886183477
0.969696969697 0.6734693877551 0.2590334873486
1.010101010101 0.6734693877551 0.3220044680762
1.050505050505 0.6734693877551 0.3798632380961
1.090909090909 0.6734693877551 0.4310903980747
1.131313131313 0.6734693877551 0.4743301061764
1.171717171717 0.6734693877551 0.5084328411707
1.212121212121 0.6734693877551 0.5324930169337
1.252525252525 0.6734693877551 0.5458778405987
1.292929292929 0.6734693877551 0.5482441444108
1.333333333333 0.6734693877551 0.5395409506358
1.373737373737 0.6734693877551 0.5199971490782
1.414141414141 0.6734693877551 0.490095553216
1.454545454545 0.6734693877551 0.4505363407313
1.494949494949 0.6734693877551 0.4021941748338
1.535353535354 0.6734693877551 0.3460739339297
1.575757575758 0.6734693877551 0.2832698688944
1.616161616162 0.6734693877551 0.2149322197416
1.656565656566 0.6734693877551 0.1422440175269
1.69696969697 0.6734693877551 0.0664091781107
1.737373737374 0.6734693877551 -0.01134873701324
1.777777777778 0.6734693877551 -0.08977939048193
1.818181818182 0.6734693877551 -0.1675939402006
1.858585858586 0.6734693877551 -0.243453625479
1.89898989899 0.6734693877551 -0.3159642355462
1.939393939394 0.6734693877551 -0.3836819932121
1.979797979798 0.6734693877551 -0.4451354549158
2.020202020202 0.6734693877551 -0.4988660459513
2.060606060606 0.6734693877551 -0.5434868340541
2.10101010101 0.6734693877551 -0.577755414939
2.141414141414 0.6734693877551 -0.6006530261544
2.181818181818 0.6734693877551 -0.6114591947287
2.222222222222 0.6734693877551 -0.6098103544264
2.262626262626 0.6734693877551 -0.5957325605553
2.30303030303 0.6734693877551 -0.5696426010303
2.343434343434 0.6734693877551 -0.5323175610199
2.383838383838 0.6734693877551 -0.484838606606
2.424242424242 0.6734693877551 -0.4285187780787
2.464646464646 0.6734693877551 -0.3648260880536
2.505050505051 0.6734693877551 -0.2953121991545
2.545454545455 0.6734693877551 -0.2215540795551
2.585858585859 0.6734693877551 -0.1451123112294
2.626262626263 0.6734693877551 -0.06750611590114
2.666666666667 0.6734693877551 0.009797672023131
2.707070707071 0.6734693877551 0.08538622368888
2.747474747475 0.6734693877551 0.1578981637195
2.787878787879 0.6734693877551 0.2260218879022
2.828282828283 0.6734693877551 0.2884989224621
2.868686868687 0.6734693877551 0.344135185364
2.909090909091 0.6734693877551 0.3918214473008
2.949494949495 0.6734693877551 0.4305626452273
2.989898989899 0.6734693877551 0.4595141447842
3.030303030303 0.6734693877551 0.4780217539517
3.070707070707 0.6734693877551 0.485661424915
3.111111111111 0.6734693877551 0.4822742729434
3.151515151515 0.6734693877551 0.4679928437872
3.191919191919 0.6734693877551 0.4432554248768
3.232323232323 0.6734693877551 0.4088064624974
3.272727272727 0.6734693877551 0.3656825846778
3.313131313131 0.6734693877551 0.3151850790988
3.353535353535 0.6734693877551 0.2588406641738
3.393939393939 0.6734693877551 0.1983528714152
3.434343434343 0.6734693877551 0.1355463543979
3.474747474747 0.6734693877551 0.07230605477499
3.515151515152 0.6734693877551 0.01051255553334
3.555555555556 0.6734693877551 -0.04802567089627
3.59595959596 0.6734693877551 -0.1016428889279
3.636363636364 0.6734693877551 -0.148889599287
3.676767676768 0.6734693877551 -0.1886088795554
3.717171717172 0.6734693877551 -0.2200153191784
3.757575757576 0.6734693877551 -0.2427760702431
3.79797979798 0.6734693877551 -0.2570935161157
3.838383838384 0.6734693877551 -0.2637895111984
3.878787878788 0.6734693877551 -0.2643923484385
3.919191919192 0.6734693877551 -0.2612299229857
3.959595959596 0.6734693877551 -0.2575365345244
4 0.6734693877551 -0.2575365345244
0 0.6938775510204 0.03378603883235
0.04040404040404 0.6938775510204 0.03378603883235
0.08080808080808 0.6938775510204 0.01009047337587
0.1212121212121 0.6938775510204 -0.02154317464008
0.1616161616162 0.6938775510204 -0.05860855857029
0.2020202020202 0.6938775510204 -0.09866254206108
0.2424242424242 0.6938775510204 -0.1393485222444
0.2828282828283 0.6938775510204 -0.1784361511404
0.3232323232323 0.6938775510204 -0.2138706014606
0.3636363636364 0.6938775510204 -0.2438249455858
0.4040404040404 0.6938775510204 -0.2667497060037
0.4444444444444 0.6938775510204 -0.2814143824935
0.4848484848485 0.6938775510204 -0.2869368747928
0.5252525252525 0.6938775510204 -0.2827982078063
0.5656565656566 0.6938775510204 -0.2688417134677
0.6060606060606 0.6938775510204 -0.2452575975386
0.6464646464646 0.6938775510204 -0.212555329729
0.6868686868687 0.6938775510204 -0.1715272779926
0.7272727272727 0.6938775510204 -0.1232073104209
0.7676767676768 0.6938775510204 -0.06882771552347
0.8080808080808 0.6938775510204 -0.009776897886939
0.8484848484848 0.6938775510204 0.05244085708769
0.8888888888889 0.6938775510204 0.1162434094992
0.9292929292929 0.6938775510204 0.1800073409526
0.969696969697 0.6938775510204 0.2421043128865
1.010101010101 0.6938775510204 0.3009384208546
1.050505050505 0.6938775510204 0.3549852678637
1.090909090909 0.6938775510204 0.4028326187142
1.131313131313 0.6938775510204 0.4432214402109
1.171717171717 0.6938775510204 0.4750851030013
1.212121212121 0.6938775510204 0.4975837588653
1.252525252525 0.6938775510204 0.5101306212368
1.292929292929 0.6938775510204 0.5124071923824
1.333333333333 0.6938775510204 0.5043654140954
1.373737373737 0.6938775510204 0.4862161907552
1.414141414141 0.6938775510204 0.4584054492679
1.454545454545 0.6938775510204 0.4215804762605
1.494949494949 0.6938775510204 0.3765504467283
1.535353535354 0.6938775510204 0.3242456465544
1.575757575758 0.6938775510204 0.2656798173675
1.616161616162 0.6938775510204 0.2019193622752
1.656565656566 0.6938775510204 0.134061980504
1.69696969697 0.6938775510204 0.06322582493565
1.737373737374 0.6938775510204 -0.009451324375693
1.777777777778 0.6938775510204 -0.0828049517041
1.818181818182 0.6938775510204 -0.1556322586689
1.858585858586 0.6938775510204 -0.2266808055057
1.89898989899 0.6938775510204 -0.2946426527715
1.939393939394 0.6938775510204 -0.3581593519119
1.979797979798 0.6938775510204 -0.4158423031729
2.020202020202 0.6938775510204 -0.466311135711
2.060606060606 0.6938775510204 -0.5082498659649
2.10101010101 0.6938775510204 -0.5404769538551
2.141414141414 0.6938775510204 -0.562021670033
2.181818181818 0.6938775510204 -0.5721963762543
2.222222222222 0.6938775510204 -0.5706534039541
2.262626262626 0.6938775510204 -0.5574168280744
2.30303030303 0.6938775510204 -0.5328835124117
2.343434343434 0.6938775510204 -0.4977934834045
2.383838383838 0.6938775510204 -0.4531753223187
2.424242424242 0.6938775510204 -0.4002762038323
2.464646464646 0.6938775510204 -0.3404876374864
2.505050505051 0.6938775510204 -0.2752769061371
2.545454545455 0.6938775510204 -0.2061313241413
2.585858585859 0.6938775510204 -0.1345187688401
2.626262626263 0.6938775510204 -0.06186442208587
2.666666666667 0.6938775510204 0.01045906494309
2.707070707071 0.6938775510204 0.081132428724
2.747474747475 0.6938775510204 0.1488867308585
2.787878787879 0.6938775510204 0.212501184631
2.828282828283 0.6938775510204 0.2708058017281
2.868686868687 0.6938775510204 0.3226915136904
2.909090909091 0.6938775510204 0.3671289346658
2.949494949495 0.6938775510204 0.4031953925599
2.989898989899 0.6938775510204 0.4301084202598
3.030303030303 0.6938775510204 0.4472627216881
3.070707070707 0.6938775510204 0.4542668530251
3.111111111111 0.6938775510204 0.4509755961116
3.151515151515 0.6938775510204 0.437514290542
3.191919191919 0.6938775510204 0.4142921839938
3.232323232323 0.6938775510204 0.3820030132422
3.272727272727 0.6938775510204 0.3416123366182
3.313131313131 0.6938775510204 0.2943323722573
3.353535353535 0.6938775510204 0.2415859974911
3.393939393939 0.6938775510204 0.1849619999479
3.434343434343 0.6938775510204 0.1261636706064
3.474747474747 0.6938775510204 0.0669524783748
3.515151515152 0.6938775510204 0.009088012809807
3.555555555556 0.6938775510204 -0.04573519838234
3.59595959596 0.6938775510204 -0.09595384115038
3.636363636364 0.6938775510204 -0.1402050029819
3.676767676768 0.6938775510204 -0.1773984376711
3.717171717172 0.6938775510204 -0.2067917321112
3.757575757576 0.6938775510204 -0.2280679320857
3.79797979798 0.6938775510204 -0.2414150503972
3.838383838384 0.6938775510204 -0.247607077499
3.878787878788 0.6938775510204 -0.2480868435499
3.919191919192 0.6938775510204 -0.245052612876
3.959595959596 0.6938775510204 -0.2415531388482
4 0.6938775510204 -0.2415531388482
0 0.7142857142857 0.03204689944477
0.04040404040404 0.7142857142857 0.03204689944477
0.08080808080808 0.7142857142857 0.009922240947293
0.1212121212121 0.7142857142857 -0.01958755321576
0.1616161616162 0.7142857142857 -0.05413593597403
0.2020202020202 0.7142857142857 -0.09144237276469
0.2424242424242 0.7142857142857 -0.129312075141
0.2828282828283 0.7142857142857 -0.165671259991
0.3232323232323 0.7142857142857 -0.1986117589318
0.3636363636364 0.7142857142857 -0.2264389759495
0.4040404040404 0.7142857142857 -0.2477175470399
0.4444444444444 0.7142857142857 -0.2613097198706
0.4848484848485 0.7142857142857 -0.2664025172651
0.5252525252525 0.7142857142857 -0.2625211687016
0.5656565656566 0.7142857142857 -0.2495279701515
0.6060606060606 0.7142857142857 -0.2276074370378
0.6464646464646 0.7142857142857 -0.1972400642448
0.6868686868687 0.7142857142857 -0.159167945778
0.7272727272727 0.7142857142857 -0.1143557896091
0.7676767676768 0.7142857142857 -0.06395049874443
0.8080808080808 0.7142857142857 -0.009241630452877
0.8484848484848 0.7142857142857 0.04837606290113
0.8888888888889 0.7142857142857 0.1074378978734
0.9292929292929 0.7142857142857 0.1664430544048
0.969696969697 0.7142857142857 0.2238880595896
1.010101010101 0.7142857142857 0.2783010904332
1.050505050505 0.7142857142857 0.3282777622214
1.090909090909 0.7142857142857 0.3725182725341
1.131313131313 0.7142857142857 0.4098648056796
1.171717171717 0.7142857142857 0.4393371732233
1.212121212121 0.7142857142857 0.4601639870245
1.252525252525 0.7142857142857 0.4718064142371
1.292929292929 0.7142857142857 0.4739718554975
1.333333333333 0.7142857142857 0.4666157278985
1.373737373737 0.7142857142857 0.4499308634016
1.414141414141 0.7142857142857 0.424325585452
1.454545454545 0.7142857142857 0.3903929459185
1.494949494949 0.7142857142857 0.348874664984
1.535353535354 0.7142857142857 0.3006238602744
1.575757575758 0.7142857142857 0.2465706060214
1.616161616162 0.7142857142857 0.1876937628805
1.656565656566 0.7142857142857 0.1250014772577
1.69696969697 0.7142857142857 0.05952141706639
1.737373737374 0.7142857142857 -0.007699657504738
1.777777777778 0.7142857142857 -0.07558885756733
1.818181818182 0.7142857142857 -0.1430358789787
1.858585858586 0.7142857142857 -0.2088817845572
1.89898989899 0.7142857142857 -0.2719128771124
1.939393939394 0.7142857142857 -0.3308647825147
1.979797979798 0.7142857142857 -0.3844411316975
2.020202020202 0.7142857142857 -0.4313494954402
2.060606060606 0.7142857142857 -0.4703544673935
2.10101010101 0.7142857142857 -0.5003442833347
2.141414141414 0.7142857142857 -0.5204037507734
2.181818181818 0.7142857142857 -0.5298834874268
2.222222222222 0.7142857142857 -0.5284545194746
2.262626262626 0.7142857142857 -0.5161388103061
2.30303030303 0.7142857142857 -0.4933102360578
2.343434343434 0.7142857142857 -0.460666063703
2.383838383838 0.7142857142857 -0.4191744827156
2.424242424242 0.7142857142857 -0.3700075515979
2.464646464646 0.7142857142857 -0.3144702627108
2.505050505051 0.7142857142857 -0.2539353424145
2.545454545455 0.7142857142857 -0.1897905728977
2.585858585859 0.7142857142857 -0.1234018475859
2.626262626263 0.7142857142857 -0.05609178230757
2.666666666667 0.7142857142857 0.01086888526301
2.707070707071 0.7142857142857 0.07626141640993
2.747474747475 0.7142857142857 0.1389155505998
2.787878787879 0.7142857142857 0.1977068894975
2.828282828283 0.7142857142857 0.2515588582787
2.868686868687 0.7142857142857 0.2994516874621
2.909090909091 0.7142857142857 0.3404394545892
2.949494949495 0.7142857142857 0.3736747960768
2.989898989899 0.7142857142857 0.3984395859768
3.030303030303 0.7142857142857 0.4141788157804
3.070707070707 0.7142857142857 0.4205342214098
3.111111111111 0.7142857142857 0.4173739809978
3.151515151515 0.7142857142857 0.4048150815399
3.191919191919 0.7142857142857 0.3832356761367
3.232323232323 0.7142857142857 0.353275796475
3.272727272727 0.7142857142857 0.3158259697294
3.313131313131 0.7142857142857 0.2720044102574
3.353535353535 0.7142857142857 0.2231242710356
3.393939393939 0.7142857142857 0.1706528303573
3.434343434343 0.7142857142857 0.1161644890277
3.474747474747 0.7142857142857 0.06128913314448
3.515151515152 0.7142857142857 0.007656908508689
3.555555555556 0.7142857142857 -0.04316008716436
3.59595959596 0.7142857142857 -0.08970911465363
3.636363636364 0.7142857142857 -0.1307212452315
3.676767676768 0.7142857142857 -0.1651790774283
3.717171717172 0.7142857142857 -0.1923876348177
3.757575757576 0.7142857142857 -0.2120480724921
3.79797979798 0.7142857142857 -0.2243335922346
3.838383838384 0.7142857142857 -0.2299669279538
3.878787878788 0.7142857142857 -0.2302990188782
3.919191919192 0.7142857142857 -0.2273891937287
3.959595959596 0.7142857142857 -0.2240887725253
4 0.7142857142857 -0.2240887725253
0 0.734693877551 0.03023302776872
0.04040404040404 0.734693877551 0.03023302776872
0.08080808080808 0.734693877551 0.009788638938146
0.1212121212121 0.734693877551 -0.01745042508249
0.1616161616162 0.734693877551 -0.04930977824635
0.2020202020202 0.734693877551 -0.08368380418689
0.2424242424242 0.734693877551 -0.1185513562423
0.2828282828283 0.734693877551 -0.1520062180318
0.3232323232323 0.734693877551 -0.1822967768552
0.3636363636364 0.734693877551 -0.207869308074
0.4040404040404 0.734693877551 -0.227409517424
0.4444444444444 0.734693877551 -0.2398775883798
0.4848484848485 0.734693877551 -0.244532966789
0.5252525252525 0.734693877551 -0.2409464640629
0.5656565656566 0.734693877551 -0.2289988548528
0.6060606060606 0.734693877551 -0.2088667662329
0.6464646464646 0.734693877551 -0.1809980310759
0.6868686868687 0.734693877551 -0.1460795650663
0.7272727272727 0.734693877551 -0.1050010879857
0.7676767676768 0.734693877551 -0.0588176570047
0.8080808080808 0.734693877551 -0.00871316230177
0.8484848484848 0.734693877551 0.04403411059948
0.8888888888889 0.734693877551 0.09808376718446
0.9292929292929 0.734693877551 0.1520641310932
0.969696969697 0.734693877551 0.2046026967599
1.010101010101 0.734693877551 0.2543572548736
1.050505050505 0.734693877551 0.3000483043671
1.090909090909 0.734693877551 0.3404926329757
1.131313131313 0.734693877551 0.3746370726336
1.171717171717 0.734693877551 0.4015906019952
1.212121212121 0.734693877551 0.4206523657597
1.252525252525 0.734693877551 0.4313329677433
1.292929292929 0.734693877551 0.4333666612533
1.333333333333 0.734693877551 0.426712811022
1.373737373737 0.734693877551 0.4115461923321
1.414141414141 0.734693877551 0.3882370882476
1.454545454545 0.734693877551 0.357323416166
1.494949494949 0.734693877551 0.3194780660114
1.535353535354 0.734693877551 0.2754751303471
1.575757575758 0.734693877551 0.2261586841981
1.616161616162 0.734693877551 0.1724172543202
1.656565656566 0.734693877551 0.1151661976932
1.69696969697 0.734693877551 0.05533901546196
1.737373737374 0.734693877551 -0.00611270610284
1.777777777778 0.734693877551 -0.06821239144571
1.818181818182 0.734693877551 -0.1299475381274
1.858585858586 0.734693877551 -0.1902587381176
1.89898989899 0.734693877551 -0.2480333569191
1.939393939394 0.734693877551 -0.3021087168018
1.979797979798 0.734693877551 -0.3512889964903
2.020202020202 0.734693877551 -0.3943784614667
2.060606060606 0.734693877551 -0.4302310434503
2.10101010101 0.734693877551 -0.4578129445358
2.141414141414 0.734693877551 -0.4762714621082
2.181818181818 0.734693877551 -0.4850005276771
2.222222222222 0.734693877551 -0.4836924929291
2.262626262626 0.734693877551 -0.4723671133015
2.30303030303 0.734693877551 -0.4513724496123
2.343434343434 0.734693877551 -0.4213577417065
2.383838383838 0.734693877551 -0.3832236010013
2.424242424242 0.734693877551 -0.3380585109453
2.464646464646 0.734693877551 -0.2870718714116
2.505050505051 0.734693877551 -0.2315327319388
2.545454545455 0.734693877551 -0.1727206057922
2.585858585859 0.734693877551 -0.111891317814
2.626262626263 0.734693877551 -0.05025760996898
2.666666666667 0.734693877551 0.0110182068245
2.707070707071 0.734693877551 0.07082368287862
2.747474747475 0.734693877551 0.12809231983
2.787878787879 0.734693877551 0.181800575616
2.828282828283 0.734693877551 0.2309691821841
2.868686868687 0.734693877551 0.2746710036533
2.909090909091 0.734693877551 0.3120463514931
2.949494949495 0.734693877551 0.3423253590999
2.989898989899 0.734693877551 0.364855826442
3.030303030303 0.734693877551 0.3791339939795
3.070707070707 0.734693877551 0.3848350988683
3.111111111111 0.734693877551 0.3818403807204
3.151515151515 0.734693877551 0.3702574620861
3.191919191919 0.734693877551 0.3504316845868
3.232323232323 0.734693877551 0.3229469187882
3.272727272727 0.734693877551 0.28861543203
3.313131313131 0.734693877551 0.2484574105083
3.353535353535 0.734693877551 0.203671461898
3.393939393939 0.734693877551 0.1555977716121
3.434343434343 0.734693877551 0.1056755836779
3.474747474747 0.734693877551 0.05539638464249
3.515151515152 0.734693877551 0.00625370110916
3.555555555556 0.734693877551 -0.04031008004153
3.59595959596 0.734693877551 -0.08295986337221
3.636363636364 0.734693877551 -0.1205271795632
3.676767676768 0.734693877551 -0.1520729132529
3.717171717172 0.734693877551 -0.1769534464608
3.757575757576 0.734693877551 -0.194889949439
3.79797979798 0.734693877551 -0.2060402566633
3.838383838384 0.734693877551 -0.2110725253464
3.878787878788 0.734693877551 -0.2112396810524
3.919191919192 0.734693877551 -0.2084535115322
3.959595959596 0.734693877551 -0.2053574562088
4 0.734693877551 -0.2053574562088
0 0.7551020408163 0.02831573277284
0.04040404040404 0.7551020408163 0.02831573277284
0.08080808080808 0.7551020408163 0.009646278763301
0.1212121212121 0.7551020408163 -0.01519549594188
0.1616161616162 0.7551020408163 -0.0442184033033
0.2020202020202 0.7551020408163 -0.07550250978533
0.2424242424242 0.7551020408163 -0.1072104216027
0.2828282828283 0.7551020408163 -0.13761271282
0.3232323232323 0.7551020408163 -0.1651224875428
0.3636363636364 0.7551020408163 -0.1883338287384
0.4040404040404 0.7551020408163 -0.2060590671844
0.4444444444444 0.7551020408163 -0.2173603637089
0.4848484848485 0.7551020408163 -0.221572030567
0.5252525252525 0.7551020408163 -0.2183112920779
0.5656565656566 0.7551020408163 -0.2074766869044
0.6060606060606 0.7551020408163 -0.1892348382969
0.6464646464646 0.7551020408163 -0.1639976083369
0.6868686868687 0.7551020408163 -0.1323924791679
0.7272727272727 0.7551020408163 -0.09522924175975
0.7676767676768 0.7551020408163 -0.05346573502778
0.8080808080808 0.7551020408163 -0.008174609306402
0.8484848484848 0.7551020408163 0.03948788762813
0.8888888888889 0.7551020408163 0.08831104766347
0.9292929292929 0.7551020408163 0.1370574196776
0.969696969697 0.7551020408163 0.1844901163812
1.010101010101 0.7551020408163 0.2294006763679
1.050505050505 0.7551020408163 0.2706380447951
1.090909090909 0.7551020408163 0.3071385696338
1.131313131313 0.7551020408163 0.3379561218354
1.171717171717 0.7551020408163 0.3622907042568
1.212121212121 0.7551020408163 0.3795133826342
1.252525252525 0.7551020408163 0.3891851890343
1.292929292929 0.7551020408163 0.3910678887947
1.333333333333 0.7551020408163 0.3851251667571
1.373737373737 0.7551020408163 0.3715138475024
1.414141414141 0.7551020408163 0.3505660088276
1.454545454545 0.7551020408163 0.32276397617
1.494949494949 0.7551020408163 0.2887110315539
1.535353535354 0.7551020408163 0.2491011221459
1.575757575758 0.7551020408163 0.2046908489836
1.616161616162 0.7551020408163 0.1562765731904
1.656565656566 0.7551020408163 0.1046786718254
1.69696969697 0.7551020408163 0.05073391616652
1.737373737374 0.7551020408163 -0.004704255417226
1.777777777778 0.7551020408163 -0.06075903527503
1.818181818182 0.7551020408163 -0.1165197558858
1.858585858586 0.7551020408163 -0.1710312602092
1.89898989899 0.7551020408163 -0.2232874781914
1.939393939394 0.7551020408163 -0.2722337408622
1.979797979798 0.7551020408163 -0.316781821642
2.020202020202 0.7551020408163 -0.3558402400131
2.060606060606 0.7551020408163 -0.3883599507176
2.10101010101 0.7551020408163 -0.4133923970791
2.141414141414 0.7551020408163 -0.4301536035929
2.181818181818 0.7551020408163 -0.4380853898834
2.222222222222 0.7551020408163 -0.4369038353791
2.262626262626 0.7551020408163 -0.42662642907
2.30303030303 0.7551020408163 -0.4075728932323
2.343434343434 0.7551020408163 -0.3803397327294
2.383838383838 0.7551020408163 -0.3457535875578
2.424242424242 0.7551020408163 -0.3048119011269
2.464646464646 0.7551020408163 -0.2586205612374
2.505050505051 0.7551020408163 -0.2083370952473
2.545454545455 0.7551020408163 -0.1551253627733
2.585858585859 0.7551020408163 -0.1001244259535
2.626262626263 0.7551020408163 -0.04443124124371
2.666666666667 0.7551020408163 0.01090544516073
2.707070707071 0.7551020408163 0.0648839033444
2.747474747475 0.7551020408163 0.1165452065301
2.787878787879 0.7551020408163 0.1649699351133
2.828282828283 0.7551020408163 0.2092789067786
2.868686868687 0.7551020408163 0.2486399420214
2.909090909091 0.7551020408163 0.2822814638788
2.949494949495 0.7551020408163 0.3095125349069
2.989898989899 0.7551020408163 0.3297478641026
3.030303030303 0.7551020408163 0.3425354726394
3.070707070707 0.7551020408163 0.3475841782178
3.111111111111 0.7551020408163 0.3447879050671
3.151515151515 0.7551020408163 0.3342440664886
3.191919191919 0.7551020408163 0.3162638563417
3.232323232323 0.7551020408163 0.2913731214932
3.272727272727 0.7551020408163 0.2603034399873
3.313131313131 0.7551020408163 0.2239739356245
3.353535353535 0.7551020408163 0.1834650073693
3.393939393939 0.7551020408163 0.139985456508
3.434343434343 0.7551020408163 0.0948344892848
3.474747474747 0.7551020408163 0.0493598055745
3.515151515152 0.7551020408163 0.004912555715809
3.555555555556 0.7551020408163 -0.03720051649873
3.59595959596 0.7551020408163 -0.0757678077237
3.636363636364 0.7551020408163 -0.1097267440254
3.676767676768 0.7551020408163 -0.1382211210684
3.717171717172 0.7551020408163 -0.1606620329341
3.757575757576 0.7551020408163 -0.1767922542784
3.79797979798 0.7551020408163 -0.1867536135305
3.838383838384 0.7551020408163 -0.1911565007857
3.878787878788 0.7551020408163 -0.1911500639619
3.919191919192 0.7551020408163 -0.1884906674983
3.959595959596 0.7551020408163 -0.1856048624599
4 0.7551020408163 -0.1856048624599
0 0.7755102040816 0.02626661746915
0.04040404040404 0.7755102040816 0.02626661746915
0.08080808080808 0.7755102040816 0.009450004306182
0.1212121212121 0.7755102040816 -0.01289119988969
0.1616161616162 0.7755102040816 -0.03895850246094
0.2020202020202 0.7755102040816 -0.06702659181137
0.2424242424242 0.7755102040816 -0.09544992971667
0.2828282828283 0.7755102040816 -0.1226830451284
0.3232323232323 0.7755102040816 -0.1473099316281
0.3636363636364 0.7755102040816 -0.1680775972514
0.4040404040404 0.7755102040816 -0.1839289795539
0.4444444444444 0.7755102040816 -0.1940309847344
0.4848484848485 0.7755102040816 -0.1977942979825
0.5252525252525 0.7755102040816 -0.1948828074267
0.5656565656566 0.7755102040816 -0.1852118826158
0.6060606060606 0.7755102040816 -0.1689361615047
0.6464646464646 0.7755102040816 -0.1464286915907
0.6868686868687 0.7755102040816 -0.1182540305266
0.7272727272727 0.7755102040816 -0.08513812387597
0.7676767676768 0.7755102040816 -0.04793745874199
0.8080808080808 0.7755102040816 -0.007609278497456
0.8484848484848 0.7755102040816 0.03481625467439
0.8888888888889 0.7755102040816 0.07826192522638
0.9292929292929 0.7755102040816 0.1216279771343
0.969696969697 0.7755102040816 0.1638162058769
1.010101010101 0.7755102040816 0.2037545133158
1.050505050505 0.7755102040816 0.2404224402063
1.090909090909 0.7755102040816 0.2728775900075
1.131313131313 0.7755102040816 0.3002821541056
1.171717171717 0.7755102040816 0.3219280912471
1.212121212121 0.7755102040816 0.3372590484498
1.252525252525 0.7755102040816 0.3458869538722
1.292929292929 0.7755102040816 0.3476014261803
1.333333333333 0.7755102040816 0.3423707277816
1.373737373737 0.7755102040816 0.3303339208739
1.414141414141 0.7755102040816 0.3117849845038
1.454545454545 0.7755102040816 0.2871506442345
1.494949494949 0.7755102040816 0.2569644109183
1.535353535354 0.7755102040816 0.2218397296828
1.575757575758 0.7755102040816 0.182445149116
1.616161616162 0.7755102040816 0.1394840452175
1.656565656566 0.7755102040816 0.09368073740472
1.69696969697 0.7755102040816 0.04577390420199
1.737373737374 0.7755102040816 -0.003482860788364
1.777777777778 0.7755102040816 -0.05331462701985
1.818181818182 0.7755102040816 -0.1029151899342
1.858585858586 0.7755102040816 -0.1514369110703
1.89898989899 0.7755102040816 -0.1979842990619
1.939393939394 0.7755102040816 -0.2416155088494
1.979797979798 0.7755102040816 -0.2813554816137
2.020202020202 0.7755102040816 -0.3162231426085
2.060606060606 0.7755102040816 -0.3452728646161
2.10101010101 0.7755102040816 -0.3676474908235
2.141414141414 0.7755102040816 -0.3826371230771
2.181818181818 0.7755102040816 -0.3897354347587
2.222222222222 0.7755102040816 -0.3886843414131
2.262626262626 0.7755102040816 -0.3794990475112
2.30303030303 0.7755102040816 -0.362468788537
2.343434343434 0.7755102040816 -0.3381333171939
2.383838383838 0.7755102040816 -0.3072398792926
2.424242424242 0.7755102040816 -0.2706886153956
2.464646464646 0.7755102040816 -0.229475360209
2.505050505051 0.7755102040816 -0.1846397723216
2.545454545455 0.7755102040816 -0.1372242397424
2.585858585859 0.7755102040816 -0.08824595760964
2.626262626263 0.7755102040816 -0.03868176189901
2.666666666667 0.7755102040816 0.01053676812035
2.707070707071 0.7755102040816 0.05852157904481
2.747474747475 0.7755102040816 0.104423729027
2.787878787879 0.7755102040816 0.1474298828172
2.828282828283 0.7755102040816 0.1867625237867
2.868686868687 0.7755102040816 0.2216856722279
2.909090909091 0.7755102040816 0.2515167964338
2.949494949495 0.7755102040816 0.2756445285828
2.989898989899 0.7755102040816 0.2935508474709
3.030303030303 0.7755102040816 0.3048356502183
3.070707070707 0.7755102040816 0.3092411785017
3.111111111111 0.7755102040816 0.3066736413577
3.151515151515 0.7755102040816 0.2972195970816
3.191919191919 0.7755102040816 0.2811551815847
3.232323232323 0.7755102040816 0.2589470087792
3.272727272727 0.7755102040816 0.2312444124116
3.313131313131 0.7755102040816 0.1988635012786
3.353535353535 0.7755102040816 0.162764067965
3.393939393939 0.7755102040816 0.1240206553489
3.434343434343 0.7755102040816 0.08378907619238
3.474747474747 0.7755102040816 0.04326943797257
3.515151515152 0.7755102040816 0.003666335058873
3.555555555556 0.7755102040816 -0.0338535563558
3.59595959596 0.7755102040816 -0.06820660276176
3.636363636364 0.7755102040816 -0.09844039289257
3.676767676768 0.7755102040816 -0.1237853468959
3.717171717172 0.7755102040816 -0.1437100082831
3.757575757576 0.7755102040816 -0.157980036446
3.79797979798 0.7755102040816 -0.1667205950459
3.838383838384 0.7755102040816 -0.1704813456999
3.878787878788 0.7755102040816 -0.1703023518938
3.919191919192 0.7755102040816 -0.1677774476781
3.959595959596 0.7755102040816 -0.1651087195171
4 0.7755102040816 -0.1651087195171
0 0.7959183673469 0.02406047090796
0.04040404040404 0.7959183673469 0.02406047090796
0.08080808080808 0.7959183673469 0.009155465368382
0.1212121212121 0.7959183673469 -0.01060858811509
0.1616161616162 0.7959183673469 -0.0336335859693
0.2020202020202 0.7959183673469 -0.05839562638363
0.2424242424242 0.7959183673469 -0.08344678610763
0.2828282828283 0.7959183673469 -0.1074303424066
0.3232323232323 0.7959183673469 -0.1291050893607
0.3636363636364 0.7959183673469 -0.1473740304626
0.4040404040404 0.7959183673469 -0.1613129374897
0.4444444444444 0.7959183673469 -0.1701948247571
0.4848484848485 0.7959183673469 -0.1735072378147
0.5252525252525 0.7959183673469 -0.1709603659199
0.5656565656566 0.7959183673469 -0.1624852706831
0.6060606060606 0.7959183673469 -0.1482228120403
0.6464646464646 0.7959183673469 -0.1285049349986
0.6868686868687 0.7959183673469 -0.1038306662358
0.7272727272727 0.7959183673469 -0.07483935555045
0.7676767676768 0.7959183673469 -0.04228340060948
0.8080808080808 0.7959183673469 -0.007002041613338
0.8484848484848 0.7959183673469 0.03010300210557
0.8888888888889 0.7959183673469 0.06809005779672
0.9292929292929 0.7959183673469 0.1059987653591
0.969696969697 0.7959183673469 0.1428709345517
1.010101010101 0.7959183673469 0.1777717940201
1.050505050505 0.7959183673469 0.2098120987076
1.090909090909 0.7959183673469 0.2381710268378
1.131313131313 0.7959183673469 0.2621191771856
1.171717171717 0.7959183673469 0.2810404024068
1.212121212121 0.7959183673469 0.2944508102456
1.252525252525 0.7959183673469 0.302013130532
1.292929292929 0.7959183673469 0.3035448332438
1.333333333333 0.7959183673469 0.299018887758
1.373737373737 0.7959183673469 0.2885568627591
1.414141414141 0.7959183673469 0.2724150252148
1.454545454545 0.7959183673469 0.2509649614254
1.494949494949 0.7959183673469 0.2246708912717
1.535353535354 0.7959183673469 0.1940662043262
1.575757575758 0.7959183673469 0.1597317646329
1.616161616162 0.7959183673469 0.1222782168523
1.656565656566 0.7959183673469 0.08233393031906
1.69696969697 0.7959183673469 0.04053941282555
1.737373737374 0.7959183673469 -0.002451908561754
1.777777777778 0.7959183673469 -0.04596763143548
1.818181818182 0.7959183673469 -0.08930710754111
1.858585858586 0.7959183673469 -0.1317318820603
1.89898989899 0.7959183673469 -0.1724594005739
1.939393939394 0.7959183673469 -0.2106637711754
1.979797979798 0.7959183673469 -0.2454869956163
2.020202020202 0.7959183673469 -0.2760629310761
2.060606060606 0.7959183673469 -0.3015542539171
2.10101010101 0.7959183673469 -0.3212000427893
2.141414141414 0.7959183673469 -0.3343687631569
2.181818181818 0.7959183673469 -0.3406091692505
2.222222222222 0.7959183673469 -0.339690758969
2.262626262626 0.7959183673469 -0.3316264763994
2.30303030303 0.7959183673469 -0.3166733690339
2.343434343434 0.7959183673469 -0.2953112452682
2.383838383838 0.7959183673469 -0.2682036871152
2.424242424242 0.7959183673469 -0.2361486854508
2.464646464646 0.7959183673469 -0.2000270877197
2.505050505051 0.7959183673469 -0.1607560645506
2.545454545455 0.7959183673469 -0.1192524997102
2.585858585859 0.7959183673469 -0.07640840888696
2.626262626263 0.7959183673469 -0.03307793162518
2.666666666667 0.7959183673469 0.009926424243104
2.707070707071 0.7959183673469 0.05183162237279
2.747474747475 0.7959183673469 0.09189959939103
2.787878787879 0.7959183673469 0.1294236554113
2.828282828283 0.7959183673469 0.1637282298501
2.868686868687 0.7959183673469 0.194173631533
2.909090909091 0.7959183673469 0.2201663031903
2.949494949495 0.7959183673469 0.2411742493651
2.989898989899 0.7959183673469 0.2567464256063
3.030303030303 0.7959183673469 0.2665342469282
3.070707070707 0.7959183673469 0.2703129848287
3.111111111111 0.7959183673469 0.2680007243439
3.151515151515 0.7959183673469 0.2596727524512
3.191919191919 0.7959183673469 0.2455697107935
3.232323232323 0.7959183673469 0.2260984904219
3.272727272727 0.7959183673469 0.2018255851646
3.313131313131 0.7959183673469 0.1734633219578
3.353535353535 0.7959183673469 0.1418498782572
3.393939393939 0.7959183673469 0.1079242225497
3.434343434343 0.7959183673469 0.072697101224
3.474747474747 0.7959183673469 0.03721897528603
3.515151515152 0.7959183673469 0.002545458554304
3.555555555556 0.7959183673469 -0.03029957938638
3.59595959596 0.7959183673469 -0.0603634144437
3.636363636364 0.7959183673469 -0.08680675222812
3.676767676768 0.7959183673469 -0.1089493338759
3.717171717172 0.7959183673469 -0.1263192236118
3.757575757576 0.7959183673469 -0.1387059568964
3.79797979798 0.7959183673469 -0.1462174477429
3.838383838384 0.7959183673469 -0.1493400481899
3.878787878788 0.7959183673469 -0.1490000496235
3.919191919192 0.7959183673469 -0.1466225267261
3.959595959596 0.7959183673469 -0.1441789544611
4 0.7959183673469 -0.1441789544611
0 0.8163265306122 0.02167881921639
0.04040404040404 0.8163265306122 0.02167881921639
0.08080808080808 0.8163265306122 0.008722246806809
0.1212121212121 0.8163265306122 -0.008418793022473
0.1616161616162 0.8163265306122 -0.02835214112669
0.2020202020202 0.8163265306122 -0.04975954988666
0.2424242424242 0.8163265306122 -0.07139374299222
0.2828282828283 0.8163265306122 -0.09208882441788
0.3232323232323 0.8163265306122 -0.1107797450096
0.3636363636364 0.8163265306122 -0.1265262866908
0.4040404040404 0.8163265306122 -0.1385373407928
0.4444444444444 0.8163265306122 -0.1461918517364
0.4848484848485 0.8163265306122 -0.149053610322
0.5252525252525 0.8163265306122 -0.1468780980875
0.5656565656566 0.8163265306122 -0.1396107396357
0.6060606060606 0.8163265306122 -0.1273770717876
0.6464646464646 0.8163265306122 -0.1104663011709
0.6868686868687 0.8163265306122 -0.08931032768784
0.7272727272727 0.8163265306122 -0.06446047006218
0.7676767676768 0.8163265306122 -0.03656385900539
0.8080808080808 0.8163265306122 -0.006340879192428
0.8484848484848 0.8163265306122 0.02543568356998
0.8888888888889 0.8163265306122 0.0579598194503
0.9292929292929 0.8163265306122 0.0904103277693
0.969696969697 0.8163265306122 0.121968472066
1.010101010101 0.8163265306122 0.1518359724318
1.050505050505 0.8163265306122 0.179253753043
1.090909090909 0.8163265306122 0.2035213933727
1.131313131313 0.8163265306122 0.224016692432
1.171717171717 0.8163265306122 0.2402142594367
1.212121212121 0.8163265306122 0.2517016981066
1.252525252525 0.8163265306122 0.2581918381709
1.292929292929 0.8163265306122 0.2595296284556
1.333333333333 0.8163265306122 0.2556927367057
1.373737373737 0.8163265306122 0.2467855934803
1.414141414141 0.8163265306122 0.2330274408454
1.454545454545 0.8163265306122 0.2147356880881
1.494949494949 0.8163265306122 0.1923064321091
1.535353535354 0.8163265306122 0.166194310669
1.575757575758 0.8163265306122 0.1368938804036
1.616161616162 0.8163265306122 0.1049244526367
1.656565656566 0.8163265306122 0.07081981843619
1.69696969697 0.8163265306122 0.03512360952294
1.737373737374 0.8163265306122 -0.001609762175793
1.777777777778 0.8163265306122 -0.03880950441798
1.818181818182 0.8163265306122 -0.0758799572203
1.858585858586 0.8163265306122 -0.1121917662806
1.89898989899 0.8163265306122 -0.1470758492682
1.939393939394 0.8163265306122 -0.1798235214655
1.979797979798 0.8163265306122 -0.2096958485371
2.020202020202 0.8163265306122 -0.2359442972595
2.060606060606 0.8163265306122 -0.2578429979322
2.10101010101 0.8163265306122 -0.2747305637877
2.141414141414 0.8163265306122 -0.2860568629302
2.181818181818 0.8163265306122 -0.2914280840626
2.222222222222 0.8163265306122 -0.2906426201095
2.262626262626 0.8163265306122 -0.2837112220162
2.30303030303 0.8163265306122 -0.270857568669
2.343434343434 0.8163265306122 -0.2524992949299
2.383838383838 0.8163265306122 -0.2292133901934
2.424242424242 0.8163265306122 -0.2016924844583
2.464646464646 0.8163265306122 -0.1706993447619
2.505050505051 0.8163265306122 -0.1370259956908
2.545454545455 0.8163265306122 -0.1014617917947
2.585858585859 0.8163265306122 -0.06477225302545
2.626262626263 0.8163265306122 -0.0276881889707
2.666666666667 0.8163265306122 0.009097008428054
2.707070707071 0.8163265306122 0.04492490137969
2.747474747475 0.8163265306122 0.07916755316593
2.787878787879 0.8163265306122 0.1112239289568
2.828282828283 0.8163265306122 0.1405193280526
2.868686868687 0.8163265306122 0.1665091975194
2.909090909091 0.8163265306122 0.1886878072947
2.949494949495 0.8163265306122 0.2066014403736
2.989898989899 0.8163265306122 0.2198650373165
3.030303030303 0.8163265306122 0.2281806903317
3.070707070707 0.8163265306122 0.2313560568431
3.111111111111 0.8163265306122 0.2293206868832
3.151515151515 0.8163265306122 0.2221384366438
3.191919191919 0.8163265306122 0.2100145404156
3.232323232323 0.8163265306122 0.1932964680562
3.272727272727 0.8163265306122 0.1724683325937
3.313131313131 0.8163265306122 0.1481392161851
3.353535353535 0.8163265306122 0.1210262014526
3.393939393939 0.8163265306122 0.09193308520919
3.434343434343 0.8163265306122 0.06172573544531
3.474747474747 0.8163265306122 0.03130485608772
3.515151515152 0.8163265306122 0.001576610919306
3.555555555556 0.8163265306122 -0.02657879029149
3.59595959596 0.8163265306122 -0.05234074441269
3.636363636364 0.8163265306122 -0.07498454991261
3.676767676768 0.8163265306122 -0.09392082618962
3.717171717172 0.8163265306122 -0.1087385051994
3.757575757576 0.8163265306122 -0.1192517276935
3.79797979798 0.8163265306122 -0.1255507716539
3.838383838384 0.8163265306122 -0.1280566908787
3.878787878788 0.8163265306122 -0.1275781839959
3.919191919192 0.8163265306122 -0.1253664007655
3.959595959596 0.8163265306122 -0.1231575148693
4 0.8163265306122 -0.1231575148693
0 0.8367346938776 0.01911423775339
0.04040404040404 0.8367346938776 0.01911423775339
0.08080808080808 0.8367346938776 0.008117619571772
0.1212121212121 0.8367346938776 -0.00639003904435
0.1616161616162 0.8367346938776 -0.02322550513703
0.2020202020202 0.8367346938776 -0.04127741131969
0.2424242424242 0.8367346938776 -0.05949899412485
0.2828282828283 0.8367346938776 -0.07691417164587
0.3232323232323 0.8367346938776 -0.09263254187127
0.3636363636364 0.8367346938776 -0.105868910113
0.4040404040404 0.8367346938776 -0.1159634368752
0.4444444444444 0.8367346938776 -0.1223991396797
0.4848484848485 0.8367346938776 -0.1248142532232
0.5252525252525 0.8367346938776 -0.1230078656435
0.5656565656566 0.8367346938776 -0.1169382645343
0.6060606060606 0.8367346938776 -0.1067144304564
0.6464646464646 0.8367346938776 -0.09258195055397
0.6868686868687 0.8367346938776 -0.07490514650186
0.7272727272727 0.8367346938776 -0.05414734248332
0.7676767676768 0.8367346938776 -0.03085095741451
0.8080808080808 0.8367346938776 -0.005618593808233
0.8484848484848 0.8367346938776 0.02090433447147
0.8888888888889 0.8367346938776 0.04804548552132
0.9292929292929 0.8367346938776 0.07512046361268
0.969696969697 0.8367346938776 0.1014473604072
1.010101010101 0.8367346938776 0.1263615904018
1.050505050505 0.8367346938776 0.1492313885783
1.090909090909 0.8367346938776 0.1694739348562
1.131313131313 0.8367346938776 0.1865716105394
1.171717171717 0.8367346938776 0.2000874719701
1.212121212121 0.8367346938776 0.2096787349246
1.252525252525 0.8367346938776 0.2151069678816
1.292929292929 0.8367346938776 0.2162438269911
1.333333333333 0.8367346938776 0.2130715260455
1.373737373737 0.8367346938776 0.2056778149643
1.414141414141 0.8367346938776 0.1942459329449
1.454545454545 0.8367346938776 0.1790406261611
1.494949494949 0.8367346938776 0.1603917866252
1.535353535354 0.8367346938776 0.1386775326483
1.575757575758 0.8367346938776 0.1143085774808
1.616161616162 0.8367346938776 0.08771552339579
1.656565656566 0.8367346938776 0.05934030503838
1.69696969697 0.8367346938776 0.02963243554831
1.737373737374 0.8367346938776 -0.0009499668957412
1.777777777778 0.8367346938776 -0.03193512618374
1.818181818182 0.8367346938776 -0.06283001939259
1.858585858586 0.8367346938776 -0.09311242013494
1.89898989899 0.8367346938776 -0.1222252655942
1.939393939394 0.8367346938776 -0.1495762675261
1.979797979798 0.8367346938776 -0.1745454568209
2.020202020202 0.8367346938776 -0.1965025100289
2.060606060606 0.8367346938776 -0.2148341928026
2.10101010101 0.8367346938776 -0.2289801933899
2.141414141414 0.8367346938776 -0.2384733828745
2.181818181818 0.8367346938776 -0.2429787232069
2.222222222222 0.8367346938776 -0.2423243060576
2.262626262626 0.8367346938776 -0.2365187994438
2.30303030303 0.8367346938776 -0.2257519290894
2.343434343434 0.8367346938776 -0.2103780325345
2.383838383838 0.8367346938776 -0.1908861127918
2.424242424242 0.8367346938776 -0.1678620907605
2.464646464646 0.8367346938776 -0.1419496425851
2.505050505051 0.8367346938776 -0.1138151897803
2.545454545455 0.8367346938776 -0.08412076691918
2.585858585859 0.8367346938776 -0.05350628438168
2.626262626263 0.8367346938776 -0.0225807141758
2.666666666667 0.8367346938776 0.008079690644795
2.707070707071 0.8367346938776 0.03792877123404
2.747474747475 0.8367346938776 0.06644619413706
2.787878787879 0.8367346938776 0.09313398432388
2.828282828283 0.8367346938776 0.1175157148582
2.868686868687 0.8367346938776 0.1391394873682
2.909090909091 0.8367346938776 0.1575850903083
2.949494949495 0.8367346938776 0.1724750202834
2.989898989899 0.8367346938776 0.1834884513468
3.030303030303 0.8367346938776 0.1903767847184
3.070707070707 0.8367346938776 0.1929791448141
3.111111111111 0.8367346938776 0.1912361308593
3.151515151515 0.8367346938776 0.1852002884112
3.191919191919 0.8367346938776 0.1750421046425
3.232323232323 0.8367346938776 0.1610507997914
3.272727272727 0.8367346938776 0.1436297264143
3.313131313131 0.8367346938776 0.1232866965427
3.353535353535 0.8367346938776 0.1006199063338
3.393939393939 0.8367346938776 0.07630028423798
3.434343434343 0.8367346938776 0.05105107007598
3.474747474747 0.8367346938776 0.02562526002401
3.515151515152 0.8367346938776 0.0007812791349176
3.555555555556 0.8367346938776 -0.0227430631081
3.59595959596 0.8367346938776 -0.04425855085373
3.636363636364 0.8367346938776 -0.06315488089786
3.676767676768 0.8367346938776 -0.07893382191954
3.717171717172 0.8367346938776 -0.0912457204756
3.757575757576 0.8367346938776 -0.09992981433583
3.79797979798 0.8367346938776 -0.1050587078966
3.838383838384 0.8367346938776 -0.1069870398292
3.878787878788 0.8367346938776 -0.1064033220553
3.919191919192 0.8367346938776 -0.1043809905097
3.959595959596 0.8367346938776 -0.102417785047
4 0.8367346938776 -0.102417785047
0 0.8571428571429 0.016375548226
0.04040404040404 0.8571428571429 0.016375548226
0.08080808080808 0.8571428571429 0.007320986876953
0.1212121212121 0.8571428571429 -0.004584175212672
0.1616161616162 0.8571428571429 -0.01836546386241
0.2020202020202 0.8571428571429 -0.03311602580602
0.2424242424242 0.8571428571429 -0.04798581572118
0.2828282828283 0.8571428571429 -0.06218405786159
0.3232323232323 0.8571428571429 -0.07499029632417
0.3636363636364 0.8571428571429 -0.08576980832429
0.4040404040404 0.8571428571429 -0.09398983947348
0.4444444444444 0.8571428571429 -0.09923380437153
0.4848484848485 0.8571428571429 -0.1012113110022
0.5252525252525 0.8571428571429 -0.09976266410797
0.5656565656566 0.8571428571429 -0.09485736811566
0.6060606060606 0.8571428571429 -0.08658699779974
0.6464646464646 0.8571428571429 -0.07515350594972
0.6868686868687 0.8571428571429 -0.06085447205944
0.7272727272727 0.8571428571429 -0.04406690081039
0.7676767676768 0.8571428571429 -0.02523096979945
0.8080808080808 0.8571428571429 -0.004834690656981
0.8484848484848 0.8571428571429 0.01660008422774
0.8888888888889 0.8571428571429 0.03853037371555
0.9292929292929 0.8571428571429 0.06040392027975
0.969696969697 0.8571428571429 0.0816707641266
1.010101010101 0.8571428571429 0.1017950749902
1.050505050505 0.8571428571429 0.1202675577234
1.090909090909 0.8571428571429 0.1366184103977
1.131313131313 0.8571428571429 0.1504304322259
1.171717171717 0.8571428571429 0.1613515318264
1.212121212121 0.8571428571429 0.169105646336
1.252525252525 0.8571428571429 0.1735010031735
1.292929292929 0.8571428571429 0.1744347656342
1.333333333333 0.8571428571429 0.171893397384
1.373737373737 0.8571428571429 0.1659485545751
1.414141414141 0.8571428571429 0.1567488814591
1.454545454545 0.8571428571429 0.1445085965603
1.494949494949 0.8571428571429 0.129494138495
1.535353535354 0.8571428571429 0.1120103583386
1.575757575758 0.8571428571429 0.09238777129201
1.616161616162 0.8571428571429 0.07097221539022
1.656565656566 0.8571428571429 0.04811793328241
1.69696969697 0.8571428571429 0.02418463142435
1.737373737374 0.8571428571429 -0.0004614807640857
1.777777777778 0.8571428571429 -0.02544327253011
1.818181818182 0.8571428571429 -0.05036610941352
1.858585858586 0.8571428571429 -0.07481089634359
1.89898989899 0.8571428571429 -0.09832898919147
1.939393939394 0.8571428571429 -0.1204414312162
1.979797979798 0.8571428571429 -0.1406448007457
2.020202020202 0.8571428571429 -0.1584252691187
2.060606060606 0.8571428571429 -0.1732812044594
2.10101010101 0.8571428571429 -0.1847529168231
2.141414141414 0.8571428571429 -0.1924562385368
2.181818181818 0.8571428571429 -0.1961150779404
2.222222222222 0.8571428571429 -0.1955874392134
2.262626262626 0.8571428571429 -0.1908800592925
2.30303030303 0.8571428571429 -0.1821488009856
2.343434343434 0.8571428571429 -0.1696848358851
2.383838383838 0.8571428571429 -0.1538895262149
2.424242424242 0.8571428571429 -0.1352428370869
2.464646464646 0.8571428571429 -0.1142706782375
2.505050505051 0.8571428571429 -0.091515860544
2.545454545455 0.8571428571429 -0.06751577383305
2.585858585859 0.8571428571429 -0.04278801551036
2.626262626263 0.8571428571429 -0.01782352049445
2.666666666667 0.8571428571429 0.006914440148755
2.707070707071 0.8571428571429 0.0309876267194
2.747474747475 0.8571428571429 0.0539788890758
2.787878787879 0.8571428571429 0.07548895611139
2.828282828283 0.8571428571429 0.0951354888637
2.868686868687 0.8571428571429 0.1125553212952
2.909090909091 0.8571428571429 0.1274101902878
2.949494949495 0.8571428571429 0.1393956781338
2.989898989899 0.8571428571429 0.1482526007801
3.030303030303 0.8571428571429 0.1537797092912
3.070707070707 0.8571428571429 0.1558463596291
3.111111111111 0.8571428571429 0.1544037650292
3.151515151515 0.8571428571429 0.1494935764467
3.191919191919 0.8571428571429 0.1412528172241
3.232323232323 0.8571428571429 0.1299145837025
3.272727272727 0.8571428571429 0.11580436775
3.313131313131 0.8571428571429 0.09933227397303
3.353535353535 0.8571428571429 0.08098168842491
3.393939393939 0.8571428571429 0.06129508089301
3.434343434343 0.8571428571429 0.04085760296347
3.474747474747 0.8571428571429 0.02027899649716
3.515151515152 0.8571428571429 0.0001740947722879
3.555555555556 0.8571428571429 -0.01885806302739
3.59595959596 0.8571428571429 -0.03625671964935
3.636363636364 0.8571428571429 -0.0515238786793
3.676767676768 0.8571428571429 -0.06425126147932
3.717171717172 0.8571428571429 -0.07415026987488
3.757575757576 0.8571428571429 -0.08108550079106
3.79797979798 0.8571428571429 -0.08511236001871
3.838383838384 0.8571428571429 -0.08651917203
3.878787878788 0.8571428571429 -0.08587339281599
3.919191919192 0.8571428571429 -0.08406883583562
3.959595959596 0.8571428571429 -0.08236347738333
4 0.8571428571429 -0.08236347738333
0 0.8775510204082 0.01349405177393
0.04040404040404 0.8775510204082 0.01349405177393
0.08080808080808 0.8775510204082 0.006329103572181
0.1212121212121 0.8775510204082 -0.00305271300987
0.1616161616162 0.8775510204082 -0.01388160039677
0.2020202020202 0.8775510204082 -0.02544857723181
0.2424242424242 0.8775510204082 -0.03709231616888
0.2828282828283 0.8775510204082 -0.04819891953369
0.3232323232323 0.8775510204082 -0.05820965072121
0.3636363636364 0.8775510204082 -0.0666326474519
0.4040404040404 0.8775510204082 -0.07305552151266
0.4444444444444 0.8775510204082 -0.07715644837812
0.4848484848485 0.8775510204082 -0.07871198804124
0.5252525252525 0.8775510204082 -0.07760054473562
0.5656565656566 0.8775510204082 -0.07380107980038
0.6060606060606 0.8775510204082 -0.06738737797498
0.6464646464646 0.8775510204082 -0.05851873207079
0.6868686868687 0.8775510204082 -0.04742825839891
0.7272727272727 0.8775510204082 -0.0344101347396
0.7676767676768 0.8775510204082 -0.01980687795601
0.8080808080808 0.8775510204082 -0.003997422175131
0.8484848484848 0.8775510204082 0.01261367347038
0.8888888888889 0.8775510204082 0.02960595904981
0.9292929292929 0.8775510204082 0.04655212712107
0.969696969697 0.8775510204082 0.06302682725164
1.010101010101 0.8775510204082 0.07861570351485
1.050505050505 0.8775510204082 0.09292491717887
1.090909090909 0.8775510204082 0.1055911447155
1.131313131313 0.8775510204082 0.1162917357843
1.171717171717 0.8775510204082 0.1247544393313
1.212121212121 0.8775510204082 0.1307659149741
1.252525252525 0.8775510204082 0.134178183691
1.292929292929 0.8775510204082 0.1349122570949
1.333333333333 0.8775510204082 0.1329584156841
1.373737373737 0.8775510204082 0.1283729795059
1.414141414141 0.8775510204082 0.1212718624577
1.454545454545 0.8775510204082 0.1118216056482
1.494949494949 0.8775510204082 0.100228886818
1.535353535354 0.8775510204082 0.08672967584674
1.575757575758 0.8775510204082 0.0715792297666
1.616161616162 0.8775510204082 0.05504399503626
1.656565656566 0.8775510204082 0.03739622826626
1.69696969697 0.8775510204082 0.01891178680849
1.737373737374 0.8775510204082 -0.0001288925081157
1.777777777778 0.8775510204082 -0.01943708600168
1.818181818182 0.8775510204082 -0.03871029881696
1.858585858586 0.8775510204082 -0.05762642210663
1.89898989899 0.8775510204082 -0.07583932696985
1.939393939394 0.8775510204082 -0.0929778798004
1.979797979798 0.8775510204082 -0.1086502460884
2.020202020202 0.8775510204082 -0.1224548115332
2.060606060606 0.8775510204082 -0.1339980369408
2.10101010101 0.8775510204082 -0.1429181530606
2.141414141414 0.8775510204082 -0.1489120479399
2.181818181818 0.8775510204082 -0.1517614185592
2.222222222222 0.8775510204082 -0.1513537159334
2.262626262626 0.8775510204082 -0.1476939367054
2.30303030303 0.8775510204082 -0.1409049303372
2.343434343434 0.8775510204082 -0.1312162506303
2.383838383838 0.8775510204082 -0.1189439242492
2.424242424242 0.8775510204082 -0.1044650712983
2.464646464646 0.8775510204082 -0.08819176278079
2.505050505051 0.8775510204082 -0.07054790133305
2.545454545455 0.8775510204082 -0.05195161185243
2.585858585859 0.8775510204082 -0.0328040951313
2.626262626263 0.8775510204082 -0.01348453664999
2.666666666667 0.8775510204082 0.005650285075168
2.707070707071 0.8775510204082 0.02426351649043
2.747474747475 0.8775510204082 0.04203475322908
2.787878787879 0.8775510204082 0.05865720579
2.828282828283 0.8775510204082 0.07383672246703
2.868686868687 0.8775510204082 0.08729339227211
2.909090909091 0.8775510204082 0.09876595245352
2.949494949495 0.8775510204082 0.1080187672663
2.989898989899 0.8775510204082 0.1148507600009
3.030303030303 0.8775510204082 0.1191053956606
3.070707070707 0.8775510204082 0.1206806487156
3.111111111111 0.8775510204082 0.1195378623579
3.151515151515 0.8775510204082 0.1157085124417
3.191919191919 0.8775510204082 0.1092981129641
3.232323232323 0.8775510204082 0.1004868061305
3.272727272727 0.8775510204082 0.08952653303354
3.313131313131 0.8775510204082 0.0767350103479
3.353535353535 0.8775510204082 0.06248696118706
3.393939393939 0.8775510204082 0.04720314484377
3.434343434343 0.8775510204082 0.03133771046133
3.474747474747 0.8775510204082 0.01536427785786
3.515151515152 0.8775510204082 -0.0002390415897596
3.555555555556 0.8775510204082 -0.01500568609258
3.59595959596 0.8775510204082 -0.0284979456188
3.636363636364 0.8775510204082 -0.04032587370138
3.676767676768 0.8775510204082 -0.05016825340951
3.717171717172 0.8775510204082 -0.05779612431191
3.757575757576 0.8775510204082 -0.06309944551492
3.79797979798 0.8775510204082 -0.06611756631293
3.838383838384 0.8775510204082 -0.06707421559303
3.878787878788 0.8775510204082 -0.06641730597661
3.919191919192 0.8775510204082 -0.06486177537972
3.959595959596 0.8775510204082 -0.06342682450035
4 0.8775510204082 -0.06342682450035
0 0.8979591836735 0.01053098170552
0.04040404040404 0.8979591836735 0.01053098170552
0.08080808080808 0.8979591836735 0.005162145492412
0.1212121212121 0.8979591836735 -0.00183236932896
0.1616161616162 0.8979591836735 -0.009878435260626
0.2020202020202 0.8979591836735 -0.01845323301902
0.2424242424242 0.8979591836735 -0.02707136971079
0.2828282828283 0.8979591836735 -0.03528304613676
0.3232323232323 0.8979591836735 -0.04267915633281
0.3636363636364 0.8979591836735 -0.048899761178
0.4040404040404 0.8979591836735 -0.05364338074888
0.4444444444444 0.8979591836735 -0.05667521265688
0.4848484848485 0.8979591836735 -0.05783291776181
0.5252525252525 0.8979591836735 -0.0570291391551
0.5656565656566 0.8979591836735 -0.05425046423725
0.6060606060606 0.8979591836735 -0.04955306401649
0.6464646464646 0.8979591836735 -0.04305567350599
0.6868686868687 0.8979591836735 -0.03493083941004
0.7272727272727 0.8979591836735 -0.02539541758616
0.7676767676768 0.8979591836735 -0.01470116444712
0.8080808080808 0.8979591836735 -0.003125990136223
0.8484848484848 0.8979591836735 0.00903389115304
0.8888888888889 0.8979591836735 0.02147098450442
0.9292929292929 0.8979591836735 0.03387299840647
0.969696969697 0.8979591836735 0.04592916940488
1.010101010101 0.8979591836735 0.05733677315817
1.050505050505 0.8979591836735 0.06780802860783
1.090909090909 0.8979591836735 0.07707739361678
1.131313131313 0.8979591836735 0.08490901796264
1.171717171717 0.8979591836735 0.09110390991458
1.212121212121 0.8979591836735 0.09550622794624
1.252525252525 0.8979591836735 0.09800806064425
1.292929292929 0.8979591836735 0.09855212068551
1.333333333333 0.8979591836735 0.0971319513591
1.373737373737 0.8979591836735 0.09378952336647
1.414141414141 0.8979591836735 0.08861043557546
1.454545454545 0.8979591836735 0.08171723708734
1.494949494949 0.8979591836735 0.07326161406119
1.535353535354 0.8979591836735 0.06341631496294
1.575757575758 0.8979591836735 0.05236770726776
1.616161616162 0.8979591836735 0.04030976753333
1.656565656566 0.8979591836735 0.02744011832831
1.69696969697 0.8979591836735 0.0139584596997
1.737373737374 0.8979591836735 6.742094619179e-05
1.777777777778 0.8979591836735 -0.01402449946021
1.818181818182 0.8979591836735 -0.02809861068501
1.858585858586 0.8979591836735 -0.04192138652944
1.89898989899 0.8979591836735 -0.05524086194548
1.939393939394 0.8979591836735 -0.06778558642713
1.979797979798 0.8979591836735 -0.07926757762742
2.020202020202 0.8979591836735 -0.08939032114132
2.060606060606 0.8979591836735 -0.09786209549659
2.10101010101 0.8979591836735 -0.1044138196244
2.141414141414 0.8979591836735 -0.1088194181324
2.181818181818 0.8979591836735 -0.1109157003637
2.222222222222 0.8979591836735 -0.1106183166446
2.262626262626 0.8979591836735 -0.1079307488359
2.30303030303 0.8979591836735 -0.102944536384
2.343434343434 0.8979591836735 -0.09583076126662
2.383838383838 0.8979591836735 -0.08682462507136
2.424242424242 0.8979591836735 -0.07620615385848
2.464646464646 0.8979591836735 -0.06428040278446
2.505050505051 0.8979591836735 -0.05136005646626
2.545454545455 0.8979591836735 -0.03775230695692
2.585858585859 0.8979591836735 -0.02375070466374
2.626262626263 0.8979591836735 -0.009631633572016
2.666666666667 0.8979591836735 0.004345655570286
2.707070707071 0.8979591836735 0.01793686659343
2.747474747475 0.8979591836735 0.03090977260392
2.787878787879 0.8979591836735 0.04304186377291
2.828282828283 0.8979591836735 0.0541194405355
2.868686868687 0.8979591836735 0.06393868651199
2.909090909091 0.8979591836735 0.07230887836024
2.949494949495 0.8979591836735 0.07905754654114
2.989898989899 0.8979591836735 0.08403711502253
3.030303030303 0.8979591836735 0.08713233802496
3.070707070707 0.8979591836735 0.08826773326967
3.111111111111 0.8979591836735 0.08741419320653
3.151515151515 0.8979591836735 0.08459403797007
3.191919191919 0.8979591836735 0.07988394301099
3.232323232323 0.8979591836735 0.07341540540473
3.272727272727 0.8979591836735 0.06537267928641
3.313131313131 0.8979591836735 0.05598835816212
3.353535353535 0.8979591836735 0.04553694786661
3.393939393939 0.8979591836735 0.0343268444885
3.434343434343 0.8979591836735 0.02269111365552
3.474747474747 0.8979591836735 0.01097737210514
3.515151515152 0.8979591836735 -0.0004630753551464
3.555555555556 0.8979591836735 -0.01128685770197
3.59595959596 0.8979591836735 -0.02117108737402
3.636363636364 0.8979591836735 -0.02982712788247
3.676767676768 0.8979591836735 -0.03701595436764
3.717171717172 0.8979591836735 -0.04256555169384
3.757575757576 0.8979591836735 -0.04639089045186
3.79797979798 0.8979591836735 -0.04851718228725
3.838383838384 0.8979591836735 -0.04910731707467
3.878787878788 0.8979591836735 -0.04849437669002
3.919191919192 0.8979591836735 -0.04721896859291
3.959595959596 0.8979591836735 -0.04606581230193
4 0.8979591836735 -0.04606581230193
0 0.9183673469388 0.007586395443271
0.04040404040404 0.9183673469388 0.007586395443271
0.08080808080808 0.9183673469388 0.003870690441598
0.1212121212121 0.9183673469388 -0.0009401431636163
0.1616161616162 0.9183673469388 -0.006452424249941
0.2020202020202 0.9183673469388 -0.01231185103464
0.2424242424242 0.9183673469388 -0.01819082172965
0.2828282828283 0.9183673469388 -0.02378608626218
0.3232323232323 0.9183673469388 -0.02882188864567
0.3636363636364 0.9183673469388 -0.03305568205618
0.4040404040404 0.9183673469388 -0.03628448965119
0.4444444444444 0.9183673469388 -0.03835054507479
0.4848484848485 0.9183673469388 -0.03914525216452
0.5252525252525 0.9183673469388 -0.03861088065886
0.5656565656566 0.9183673469388 -0.03673979917666
0.6060606060606 0.9183673469388 -0.03357141563452
0.6464646464646 0.9183673469388 -0.02918729674913
0.6868686868687 0.9183673469388 -0.02370512079392
0.7272727272727 0.9183673469388 -0.01727215408653
0.7676767676768 0.9183673469388 -0.0100588402843
0.8080808080808 0.9183673469388 -0.002252893253007
0.8484848484848 0.9183673469388 0.005945952352267
0.8888888888889 0.9183673469388 0.01433059500548
0.9292929292929 0.9183673469388 0.0226908383755
0.969696969697 0.9183673469388 0.03081755839066
1.010101010101 0.9183673469388 0.03850701604595
1.050505050505 0.9183673469388 0.04556546684965
1.090909090909 0.9183673469388 0.05181407008859
1.131313131313 0.9183673469388 0.05709393722499
1.171717171717 0.9183673469388 0.06127101139237
1.212121212121 0.9183673469388 0.06424036825225
1.252525252525 0.9183673469388 0.06592949377264
1.292929292929 0.9183673469388 0.06630013711394
1.333333333333 0.9183673469388 0.06534845607255
1.373737373737 0.9183673469388 0.0631033663029
1.414141414141 0.9183673469388 0.05962323917929
1.454545454545 0.9183673469388 0.05499130451321
1.494949494949 0.9183673469388 0.04931027118221
1.535353535354 0.9183673469388 0.04269676922614
1.575757575758 0.9183673469388 0.03527623136684
1.616161616162 0.9183673469388 0.02717877056554
1.656565656566 0.9183673469388 0.01853648210381
1.69696969697 0.9183673469388 0.009482417189202
1.737373737374 0.9183673469388 0.0001512542695088
1.777777777778 0.9183673469388 -0.009318552986954
1.818181818182 0.9183673469388 -0.01878163221816
1.858585858586 0.9183673469388 -0.02808228848693
1.89898989899 0.9183673469388 -0.03705178930284
1.939393939394 0.9183673469388 -0.045507409106
1.979797979798 0.9183673469388 -0.05325426363105
2.020202020202 0.9183673469388 -0.06009069511742
2.060606060606 0.9183673469388 -0.06581743393772
2.10101010101 0.9183673469388 -0.07024999627928
2.141414141414 0.9183673469388 -0.07323291816818
2.181818181818 0.9183673469388 -0.07465370480061
2.222222222222 0.9183673469388 -0.07445405447722
2.262626262626 0.9183673469388 -0.07263618865664
2.30303030303 0.9183673469388 -0.06926300452243
2.343434343434 0.9183673469388 -0.06445206774027
2.383838383838 0.9183673469388 -0.05836475536199
2.424242424242 0.9183673469388 -0.05119271374681
2.464646464646 0.9183673469388 -0.04314402736366
2.505050505051 0.9183673469388 -0.03443114339594
2.545454545455 0.9183673469388 -0.02526186509298
2.585858585859 0.9183673469388 -0.01583387840826
2.626262626263 0.9183673469388 -0.006332537287872
2.666666666667 0.9183673469388 0.003068867851046
2.707070707071 0.9183673469388 0.01220736763829
2.747474747475 0.9183673469388 0.02092811364631
2.787878787879 0.9183673469388 0.02908258759839
2.828282828283 0.9183673469388 0.03652785098215
2.868686868687 0.9183673469388 0.04312719887066
2.909090909091 0.9183673469388 0.0487523184956
2.949494949495 0.9183673469388 0.05328681580607
2.989898989899 0.9183673469388 0.05663077699748
3.030303030303 0.9183673469388 0.05870588892057
3.070707070707 0.9183673469388 0.05946056237332
3.111111111111 0.9183673469388 0.05887449175807
3.151515151515 0.9183673469388 0.05696214309877
3.191919191919 0.9183673469388 0.0537747808306
3.232323232323 0.9183673469388 0.04940080524042
3.272727272727 0.9183673469388 0.04396435875799
3.313131313131 0.9183673469388 0.0376223314118
3.353535353535 0.9183673469388 0.03056001041234
3.393939393939 0.9183673469388 0.022985666386
3.434343434343 0.9183673469388 0.01512435402205
3.474747474747 0.9183673469388 0.00721113570381
3.515151515152 0.9183673469388 -0.0005161694232657
3.555555555556 0.9183673469388 -0.007824728619761
3.59595959596 0.9183673469388 -0.01449506051951
3.636363636364 0.9183673469388 -0.02033024078989
3.676767676768 0.9183673469388 -0.02516623406645
3.717171717172 0.9183673469388 -0.02888370064847
3.757575757576 0.9183673469388 -0.03142172417571
3.79797979798 0.9183673469388 -0.03279408710548
3.838383838384 0.9183673469388 -0.03310901135534
3.878787878788 0.9183673469388 -0.03259360124739
3.919191919192 0.9183673469388 -0.03162407495808
3.959595959596 0.9183673469388 -0.03076005801486
4 0.9183673469388 -0.03076005801486
0 0.9387755102041 0.004809754840966
0.04040404040404 0.9387755102041 0.004809754840966
0.08080808080808 0.9387755102041 0.002543629369951
0.1212121212121 0.9387755102041 -0.0003680019223047
0.1616161616162 0.9387755102041 -0.003688911135636
0.2020202020202 0.9387755102041 -0.007208876470735
0.2424242424242 0.9387755102041 -0.01073406449399
0.2828282828283 0.9387755102041 -0.01408507392128
0.3232323232323 0.9387755102041 -0.01709870756695
0.3636363636364 0.9387755102041 -0.01963141531587
0.4040404040404 0.9387755102041 -0.02156315408195
0.4444444444444 0.9387755102041 -0.02280080962462
0.4848484848485 0.9387755102041 -0.02328058885243
0.5252525252525 0.9387755102041 -0.02296902680988
0.5656565656566 0.9387755102041 -0.02186249028241
0.6060606060606 0.9387755102041 -0.01998528790396
0.6464646464646 0.9387755102041 -0.0173866827013
0.6868686868687 0.9387755102041 -0.0141372147211
0.7272727272727 0.9387755102041 -0.01032476162775
0.7676767676768 0.9387755102041 -0.006050699487013
0.8080808080808 0.9387755102041 -0.00142640030591
0.8484848484848 0.9387755102041 0.003429845703127
0.8888888888889 0.9387755102041 0.008395529995684
0.9292929292929 0.9387755102041 0.01334638797692
0.969696969697 0.9387755102041 0.01815880187779
1.010101010101 0.9387755102041 0.02271230469122
1.050505050505 0.9387755102041 0.02689228239136
1.090909090909 0.9387755102041 0.03059287919554
1.131313131313 0.9387755102041 0.03372000860842
1.171717171717 0.9387755102041 0.03619428147831
1.212121212121 0.9387755102041 0.03795359905483
1.252525252525 0.9387755102041 0.03895513700344
1.292929292929 0.9387755102041 0.0391764717211
1.333333333333 0.9387755102041 0.03861567293412
1.373737373737 0.9387755102041 0.03729030542725
1.414141414141 0.9387755102041 0.03523542653152
1.454545454545 0.9387755102041 0.03250079592848
1.494949494949 0.9387755102041 0.02914761027022
1.535353535354 0.9387755102041 0.02524513047153
1.575757575758 0.9387755102041 0.02086757875171
1.616161616162 0.9387755102041 0.01609164591495
1.656565656566 0.9387755102041 0.01099487243881
1.69696969697 0.9387755102041 0.005655057749893
1.737373737374 0.9387755102041 0.0001507187940986
1.777777777778 0.9387755102041 -0.0054375310938
1.818181818182 0.9387755102041 -0.011024971548
1.858585858586 0.9387755102041 -0.01652057935272
1.89898989899 0.9387755102041 -0.0218252305415
1.939393939394 0.9387755102041 -0.02683096528073
1.979797979798 0.9387755102041 -0.03142196374237
2.020202020202 0.9387755102041 -0.03547772150435
2.060606060606 0.9387755102041 -0.03887858459608
2.10101010101 0.9387755102041 -0.04151332669629
2.141414141414 0.9387755102041 -0.04328790902233
2.181818181818 0.9387755102041 -0.04413410346256
2.222222222222 0.9387755102041 -0.04401645020209
2.262626262626 0.9387755102041 -0.04293618596025
2.30303030303 0.9387755102041 -0.04093133393423
2.343434343434 0.9387755102041 -0.03807296726177
2.383838383838 0.9387755102041 -0.03445847277517
2.424242424242 0.9387755102041 -0.03020317773894
2.464646464646 0.9387755102041 -0.02543184088813
2.505050505051 0.9387755102041 -0.02027127985594
2.545454545455 0.9387755102041 -0.01484494032205
2.585858585859 0.9387755102041 -0.009269677128479
2.626262626263 0.9387755102041 -0.00365455672589
2.666666666667 0.9387755102041 0.001898816697199
2.707070707071 0.9387755102041 0.007295086806024
2.747474747475 0.9387755102041 0.01244367446764
2.787878787879 0.9387755102041 0.01725758407018
2.828282828283 0.9387755102041 0.02165287045471
2.868686868687 0.9387755102041 0.02554898385755
2.909090909091 0.9387755102041 0.02887004867229
2.949494949495 0.9387755102041 0.03154698754141
2.989898989899 0.9387755102041 0.03352028375274
3.030303030303 0.9387755102041 0.0347430889999
3.070707070707 0.9387755102041 0.03518433608191
3.111111111111 0.9387755102041 0.03483151077861
3.151515151515 0.9387755102041 0.03369277375451
3.191919191919 0.9387755102041 0.03179819643301
3.232323232323 0.9387755102041 0.02919997437527
3.272727272727 0.9387755102041 0.02597159684367
3.313131313131 0.9387755102041 0.02220605720142
3.353535353535 0.9387755102041 0.01801325872239
3.393939393939 0.9387755102041 0.01351679855356
3.434343434343 0.9387755102041 0.008850302052678
3.474747474747 0.9387755102041 0.004153435510468
3.515151515152 0.9387755102041 -0.0004323418648023
3.555555555556 0.9387755102041 -0.004768301697622
3.59595959596 0.9387755102041 -0.008723331797645
3.636363636364 0.9387755102041 -0.01217932620294
3.676767676768 0.9387755102041 -0.01503726740154
3.717171717172 0.9387755102041 -0.01722423396639
3.757575757576 0.9387755102041 -0.01870164393683
3.79797979798 0.9387755102041 -0.01947519706836
3.838383838384 0.9387755102041 -0.01960726082816
3.878787878788 0.9387755102041 -0.01923290324424
3.919191919192 0.9387755102041 -0.01858136586008
3.959595959596 0.9387755102041 -0.0180047147676
4 0.9387755102041 -0.0180047147676
0 0.9591836734694 0.002412438386414
0.04040404040404 0.9591836734694 0.002412438386414
0.08080808080808 0.9591836734694 0.001316930629066
0.1212121212121 0.9591836734694 -7.732520405523e-05
0.1616161616162 0.9591836734694 -0.00165916913396
0.2020202020202 0.9591836734694 -0.003330542757311
0.2424242424242 0.9591836734694 -0.005001090462296
0.2828282828283 0.9591836734694 -0.006587086497388
0.3232323232323 0.9591836734694 -0.008012283918296
0.3636363636364 0.9591836734694 -0.00920958666678
0.4040404040404 0.9591836734694 -0.010122918592
0.4444444444444 0.9591836734694 -0.01070887408841
0.4848484848485 0.9591836734694 -0.0109378657604
0.5252525252525 0.9591836734694 -0.0107945988651
0.5656565656566 0.9591836734694 -0.01027781785158
0.6060606060606 0.9591836734694 -0.009399381616006
0.6464646464646 0.9591836734694 -0.008182815003146
0.6868686868687 0.9591836734694 -0.006661538213756
0.7272727272727 0.9591836734694 -0.00487698450042
0.7676767676768 0.9591836734694 -0.002876782712474
0.8080808080808 0.9591836734694 -0.0007131180046082
0.8484848484848 0.9591836734694 0.00155869006617
0.8888888888889 0.9591836734694 0.003881419489382
0.9292929292929 0.9591836734694 0.006197060884813
0.969696969697 0.9591836734694 0.008447906758066
1.010101010101 0.9591836734694 0.01057769642786
1.050505050505 0.9591836734694 0.01253286631897
1.090909090909 0.9591836734694 0.01426390936674
1.131313131313 0.9591836734694 0.0157267968468
1.171717171717 0.9591836734694 0.01688437079869
1.212121212121 0.9591836734694 0.01770758395495
1.252525252525 0.9591836734694 0.0181764529417
1.292929292929 0.9591836734694 0.01828060244
1.333333333333 0.9591836734694 0.01801931300108
1.373737373737 0.9591836734694 0.01740104318031
1.414141414141 0.9591836734694 0.01644246712955
1.454545454545 0.9591836734694 0.01516713221765
1.494949494949 0.9591836734694 0.0136038877252
1.535353535354 0.9591836734694 0.01178526244211
1.575757575758 0.9591836734694 0.009745973576604
1.616161616162 0.9591836734694 0.007521731994409
1.656565656566 0.9591836734694 0.005148472154243
1.69696969697 0.9591836734694 0.002662083074375
1.737373737374 0.9591836734694 9.865306508042e-05
1.777777777778 0.9591836734694 -0.002504831023719
1.818181818182 0.9591836734694 -0.005109466557219
1.858585858586 0.9591836734694 -0.007673314175146
1.89898989899 0.9591836734694 -0.01015045632386
1.939393939394 0.9591836734694 -0.0124905621119
1.979797979798 0.9591836734694 -0.01463928174442
2.020202020202 0.9591836734694 -0.01653971967772
2.060606060606 0.9591836734694 -0.01813507656015
2.10101010101 0.9591836734694 -0.01937231409802
2.141414141414 0.9591836734694 -0.02020642559778
2.181818181818 0.9591836734694 -0.02060466153985
2.222222222222 0.9591836734694 -0.02054995008098
2.262626262626 0.9591836734694 -0.02004283082654
2.30303030303 0.9591836734694 -0.01910149638678
2.343434343434 0.9591836734694 -0.01775994799246
2.383838383838 0.9591836734694 -0.01606468031648
2.424242424242 0.9591836734694 -0.01407057717914
2.464646464646 0.9591836734694 -0.01183676491282
2.505050505051 0.9591836734694 -0.009423050594717
2.545454545455 0.9591836734694 -0.006887335560562
2.585858585859 0.9591836734694 -0.004284126693784
2.626262626263 0.9591836734694 -0.001664040372399
2.666666666667 0.9591836734694 0.0009259546017806
2.707070707071 0.9591836734694 0.003441872250019
2.747474747475 0.9591836734694 0.005841933969402
2.787878787879 0.9591836734694 0.008085941684364
2.828282828283 0.9591836734694 0.01013498375572
2.868686868687 0.9591836734694 0.01195157604061
2.909090909091 0.9591836734694 0.01350026211981
2.949494949495 0.9591836734694 0.01474862736499
2.989898989899 0.9591836734694 0.01566862489187
3.030303030303 0.9591836734694 0.01623807058728
3.070707070707 0.9591836734694 0.01644214201418
3.111111111111 0.9591836734694 0.01627471388861
3.151515151515 0.9591836734694 0.01573938094406
3.191919191919 0.9591836734694 0.01485005474983
3.232323232323 0.9591836734694 0.0136310697595
3.272727272727 0.9591836734694 0.01211679044026
3.313131313131 0.9591836734694 0.01035076328574
3.353535353535 0.9591836734694 0.00838449134723
3.393939393939 0.9591836734694 0.006275922063143
3.434343434343 0.9591836734694 0.004087733309343
3.474747474747 0.9591836734694 0.001885480200765
3.515151515152 0.9591836734694 -0.000264368474967
3.555555555556 0.9591836734694 -0.002296513222069
3.59595959596 0.9591836734694 -0.004149070597246
3.636363636364 0.9591836734694 -0.00576605676422
3.676767676768 0.9591836734694 -0.007100203367383
3.717171717172 0.9591836734694 -0.008116225672648
3.757575757576 0.9591836734694 -0.008794706696562
3.79797979798 0.9591836734694 -0.009136852961117
3.838383838384 0.9591836734694 -0.009170563210786
3.878787878788 0.9591836734694 -0.008958616596588
3.919191919192 0.9591836734694 -0.008610541526991
3.959595959596 0.9591836734694 -0.008301406489403
4 0.9591836734694 -0.008301406489403
0 0.9795918367347 0.0006823075806642
0.04040404040404 0.9795918367347 0.0006823075806642
0.08080808080808 0.9795918367347 0.0003829933668628
0.1212121212121 0.9795918367347 6.647070490203e-06
0.1616161616162 0.9795918367347 -0.0004177019478096
0.2020202020202 0.9795918367347 -0.000864500921064
0.2424242424242 0.9795918367347 -0.001310133109021
0.2828282828283 0.9795918367347 -0.001732649255826
0.3232323232323 0.9795918367347 -0.002112020452679
0.3636363636364 0.9795918367347 -0.002430606185503
0.4040404040404 0.9795918367347 -0.002673669467786
0.4444444444444 0.9795918367347 -0.002829828301224
0.4848484848485 0.9795918367347 -0.002891367357832
0.5252525252525 0.9795918367347 -0.002854364366951
0.5656565656566 0.9795918367347 -0.002718617152496
0.6060606060606 0.9795918367347 -0.002487387909499
0.6464646464646 0.9795918367347 -0.002167006420063
0.6868686868687 0.9795918367347 -0.001766388730363
0.7272727272727 0.9795918367347 -0.001296529853942
0.7676767676768 0.9795918367347 -0.0007700191694697
0.8080808080808 0.9795918367347 -0.0002006091174247
0.8484848484848 0.9795918367347 0.0003971531328093
0.8888888888889 0.9795918367347 0.001008240024356
0.9292929292929 0.9795918367347 0.001617425545262
0.969696969697 0.9795918367347 0.002209561098764
1.010101010101 0.9795918367347 0.002769868745576
1.050505050505 0.9795918367347 0.003284266189174
1.090909090909 0.9795918367347 0.003739724948242
1.131313131313 0.9795918367347 0.004124649047224
1.171717171717 0.9795918367347 0.004429248945255
1.212121212121 0.9795918367347 0.004645876671288
1.252525252525 0.9795918367347 0.004769284934803
1.292929292929 0.9795918367347 0.004796776121216
1.333333333333 0.9795918367347 0.004728216566512
1.373737373737 0.9795918367347 0.00456590753353
1.414141414141 0.9795918367347 0.004314323971054
1.454545454545 0.9795918367347 0.003979749664722
1.494949494949 0.9795918367347 0.00356985007185
1.535353535354 0.9795918367347 0.003093231430092
1.575757575758 0.9795918367347 0.002559035987146
1.616161616162 0.9795918367347 0.001976618501676
1.656565656566 0.9795918367347 0.001355339287058
1.69696969697 0.9795918367347 0.000704495083953
1.737373737374 0.9795918367347 3.339196282049e-05
1.777777777778 0.9795918367347 -0.0006484549522209
1.818181818182 0.9795918367347 -0.001331031188911
1.858585858586 0.9795918367347 -0.002003499873052
1.89898989899 0.9795918367347 -0.002653923358204
1.939393939394 0.9795918367347 -0.003269120207567
1.979797979798 0.9795918367347 -0.003834748713088
2.020202020202 0.9795918367347 -0.004335689060212
2.060606060606 0.9795918367347 -0.004756752943581
2.10101010101 0.9795918367347 -0.005083683594056
2.141414141414 0.9795918367347 -0.005304332125014
2.181818181818 0.9795918367347 -0.005409828736603
2.222222222222 0.9795918367347 -0.005395534563341
2.262626262626 0.9795918367347 -0.005261580735797
2.30303030303 0.9795918367347 -0.005012879051767
2.343434343434 0.9795918367347 -0.004658606148752
2.383838383838 0.9795918367347 -0.004211279763764
2.424242424242 0.9795918367347 -0.003685620720385
2.464646464646 0.9795918367347 -0.003097411182643
2.505050505051 0.9795918367347 -0.00246252404527
2.545454545455 0.9795918367347 -0.001796230002898
2.585858585859 0.9795918367347 -0.001112812794161
2.626262626263 0.9795918367347 -0.0004254596236247
2.666666666667 0.9795918367347 0.0002536466147138
2.707070707071 0.9795918367347 0.0009131228570905
2.747474747475 0.9795918367347 0.001542155560322
2.787878787879 0.9795918367347 0.002130315569282
2.828282828283 0.9795918367347 0.002667467841453
2.868686868687 0.9795918367347 0.003143803048196
2.909090909091 0.9795918367347 0.003549996682015
2.949494949495 0.9795918367347 0.003877482550872
2.989898989899 0.9795918367347 0.004118812307594
3.030303030303 0.9795918367347 0.004268061703826
3.070707070707 0.9795918367347 0.00432123829308
3.111111111111 0.9795918367347 0.00427664484501
3.151515151515 0.9795918367347 0.004135157787161
3.191919191919 0.9795918367347 0.00390038986203
3.232323232323 0.9795918367347 0.003578719635951
3.272727272727 0.9795918367347 0.003179186268678
3.313131313131 0.9795918367347 0.002713262436465
3.353535353535 0.9795918367347 0.002194527542842
3.393939393939 0.9795918367347 0.001638266778076
3.434343434343 0.9795918367347 0.001061019764251
3.474747474747 0.9795918367347 0.0004800961123017
3.515151515152 0.9795918367347 -8.693431508773e-05
3.555555555556 0.9795918367347 -0.0006227793282898
3.59595959596 0.9795918367347 -0.001111003331869
3.636363636364 0.9795918367347 -0.001536667990713
3.676767676768 0.9795918367347 -0.001887061567831
3.717171717172 0.9795918367347 -0.002152550660409
3.757575757576 0.9795918367347 -0.002327600886657
3.79797979798 0.9795918367347 -0.002412041439504
3.838383838384 0.9795918367347 -0.002412709440615
3.878787878788 0.9795918367347 -0.002345744009111
3.919191919192 0.9795918367347 -0.002240150028834
3.959595959596 0.9795918367347 -0.002144527586157
4 0.9795918367347 -0.002144527586157
0 1 0
0.04040404040404 1 0
0.08080808080808 1 0
0.1212121212121 1 0
0.1616161616162 1 0
0.2020202020202 1 0
0.2424242424242 1 0
0.2828282828283 1 0
0.3232323232323 1 0
0.3636363636364 1 0
0.4040404040404 1 0
0.4444444444444 1 0
0.4848484848485 1 0
0.5252525252525 1 0
0.5656565656566 1 0
0.6060606060606 1 0
0.6464646464646 1 0
0.6868686868687 1 0
0.7272727272727 1 0
0.7676767676768 1 0
0.8080808080808 1 0
0.8484848484848 1 0
0.8888888888889 1 0
0.9292929292929 1 0
0.969696969697 1 0
1.010101010101 1 0
1.050505050505 1 0
1.090909090909 1 0
1.131313131313 1 0
1.171717171717 1 0
1.212121212121 1 0
1.252525252525 1 0
1.292929292929 1 0
1.333333333333 1 0
1.373737373737 1 0
1.414141414141 1 0
1.454545454545 1 0
1.494949494949 1 0
1.535353535354 1 0
1.575757575758 1 0
1.616161616162 1 0
1.656565656566 1 0
1.69696969697 1 0
1.737373737374 1 0
1.777777777778 1 0
1.818181818182 1 0
1.858585858586 1 0
1.89898989899 1 0
1.939393939394 1 0
1.979797979798 1 0
2.020202020202 1 0
2.060606060606 1 0
2.10101010101 1 0
2.141414141414 1 0
2.181818181818 1 0
2.222222222222 1 0
2.262626262626 1 0
2.30303030303 1 0
2.343434343434 1 0
2.383838383838 1 0
2.424242424242 1 0
2.464646464646 1 0
2.505050505051 1 0
2.545454545455 1 0
2.585858585859 1 0
2.626262626263 1 0
2.666666666667 1 0
2.707070707071 1 0
2.747474747475 1 0
2.787878787879 1 0
2.828282828283 1 0
2.868686868687 1 0
2.909090909091 1 0
2.949494949495 1 0
2.989898989899 1 0
3.030303030303 1 0
3.070707070707 1 0
3.111111111111 1 0
3.151515151515 1 0
3.191919191919 1 0
3.232323232323 1 0
3.272727272727 1 0
3.313131313131 1 0
3.353535353535 1 0
3.393939393939 1 0
3.434343434343 1 0
3.474747474747 1 0
3.515151515152 1 0
3.555555555556 1 0
3.59595959596 1 0
3.636363636364 1 0
3.676767676768 1 0
3.717171717172 1 0
3.757575757576 1 0
3.79797979798 1 0
3.838383838384 1 0
3.878787878788 1 0
3.919191919192 1 0
3.959595959596 1 0
4 1 0
