|    Y\X    |-0.9000E+02| 0.1000E+02| 0.1100E+03|
-------------------------------------------------
|-0.1100E+02|-0.9816E+00| 0.5653E+01| 0.1045E+01|
-------------------------------------------------
|-0.1099E+02|-0.9817E+00| 0.5653E+01| 0.1045E+01|
-------------------------------------------------
|-0.1098E+02|-0.9817E+00| 0.5653E+01| 0.1045E+01|
-------------------------------------------------
|-0.1097E+02|-0.9817E+00| 0.5654E+01| 0.1045E+01|
-------------------------------------------------
|-0.1096E+02|-0.9818E+00| 0.5654E+01| 0.1045E+01|
-------------------------------------------------
|-0.1095E+02|-0.9818E+00| 0.5654E+01| 0.1045E+01|
-------------------------------------------------
|-0.1094E+02|-0.9818E+00| 0.5654E+01| 0.1045E+01|
-------------------------------------------------
|-0.1093E+02|-0.9819E+00| 0.5654E+01| 0.1045E+01|
-------------------------------------------------
|-0.1092E+02|-0.9819E+00| 0.5654E+01| 0.1045E+01|
-------------------------------------------------
|-0.1091E+02|-0.9819E+00| 0.5655E+01| 0.1045E+01|
-------------------------------------------------
|-0.1090E+02|-0.9820E+00| 0.5655E+01| 0.1045E+01|
-------------------------------------------------
|-0.1089E+02|-0.9820E+00| 0.5655E+01| 0.1045E+01|
-------------------------------------------------
|-0.1088E+02|-0.9820E+00| 0.5655E+01| 0.1045E+01|
-------------------------------------------------
|-0.1087E+02|-0.9821E+00| 0.5655E+01| 0.1045E+01|
-------------------------------------------------
|-0.1086E+02|-0.9821E+00| 0.5656E+01| 0.1045E+01|
-------------------------------------------------
|-0.1085E+02|-0.9821E+00| 0.5656E+01| 0.1045E+01|
-------------------------------------------------
|-0.1084E+02|-0.9822E+00| 0.5656E+01| 0.1045E+01|
-------------------------------------------------
|-0.1083E+02|-0.9822E+00| 0.5656E+01| 0.1045E+01|
-------------------------------------------------
|-0.1082E+02|-0.9822E+00| 0.5656E+01| 0.1045E+01|
-------------------------------------------------
|-0.1081E+02|-0.9823E+00| 0.5657E+01| 0.1045E+01|
-------------------------------------------------
|-0.1080E+02|-0.9823E+00| 0.5657E+01| 0.1045E+01|
-------------------------------------------------
|-0.1079E+02|-0.9823E+00| 0.5657E+01| 0.1045E+01|
-------------------------------------------------
|-0.1078E+02|-0.9824E+00| 0.5657E+01| 0.1045E+01|
-------------------------------------------------
|-0.1077E+02|-0.9824E+00| 0.5657E+01| 0.1045E+01|
-------------------------------------------------
|-0.1076E+02|-0.9824E+00| 0.5658E+01| 0.1045E+01|
-------------------------------------------------
|-0.1075E+02|-0.9825E+00| 0.5658E+01| 0.1046E+01|
-------------------------------------------------
|-0.1074E+02|-0.9825E+00| 0.5658E+01| 0.1046E+01|
-------------------------------------------------
|-0.1073E+02|-0.9825E+00| 0.5658E+01| 0.1046E+01|
-------------------------------------------------
|-0.1072E+02|-0.9825E+00| 0.5658E+01| 0.1046E+01|
-------------------------------------------------
|-0.1071E+02|-0.9826E+00| 0.5658E+01| 0.1046E+01|
-------------------------------------------------
|-0.1070E+02|-0.9826E+00| 0.5659E+01| 0.1046E+01|
-------------------------------------------------
|-0.1069E+02|-0.9826E+00| 0.5659E+01| 0.1046E+01|
-------------------------------------------------
|-0.1068E+02|-0.9827E+00| 0.5659E+01| 0.1046E+01|
-------------------------------------------------
|-0.1067E+02|-0.9827E+00| 0.5659E+01| 0.1046E+01|
-------------------------------------------------
|-0.1066E+02|-0.9827E+00| 0.5659E+01| 0.1046E+01|
-------------------------------------------------
|-0.1065E+02|-0.9828E+00| 0.5660E+01| 0.1046E+01|
-------------------------------------------------
|-0.1064E+02|-0.9828E+00| 0.5660E+01| 0.1046E+01|
-------------------------------------------------
|-0.1063E+02|-0.9828E+00| 0.5660E+01| 0.1046E+01|
-------------------------------------------------
|-0.1062E+02|-0.9829E+00| 0.5660E+01| 0.1046E+01|
-------------------------------------------------
|-0.1061E+02|-0.9829E+00| 0.5660E+01| 0.1046E+01|
-------------------------------------------------
|-0.1060E+02|-0.9829E+00| 0.5660E+01| 0.1046E+01|
-------------------------------------------------
|-0.1059E+02|-0.9830E+00| 0.5661E+01| 0.1046E+01|
-------------------------------------------------
|-0.1058E+02|-0.9830E+00| 0.5661E+01| 0.1046E+01|
-------------------------------------------------
|-0.1057E+02|-0.9830E+00| 0.5661E+01| 0.1046E+01|
-------------------------------------------------
|-0.1056E+02|-0.9831E+00| 0.5661E+01| 0.1046E+01|
-------------------------------------------------
|-0.1055E+02|-0.9831E+00| 0.5661E+01| 0.1046E+01|
-------------------------------------------------
|-0.1054E+02|-0.9831E+00| 0.5662E+01| 0.1046E+01|
-------------------------------------------------
|-0.1053E+02|-0.9832E+00| 0.5662E+01| 0.1046E+01|
-------------------------------------------------
|-0.1052E+02|-0.9832E+00| 0.5662E+01| 0.1046E+01|
-------------------------------------------------
|-0.1051E+02|-0.9832E+00| 0.5662E+01| 0.1046E+01|
-------------------------------------------------
|-0.1050E+02|-0.9833E+00| 0.5662E+01| 0.1046E+01|
-------------------------------------------------
|-0.1049E+02|-0.9833E+00| 0.5663E+01| 0.1046E+01|
-------------------------------------------------
|-0.1048E+02|-0.9833E+00| 0.5663E+01| 0.1046E+01|
-------------------------------------------------
|-0.1047E+02|-0.9834E+00| 0.5663E+01| 0.1046E+01|
-------------------------------------------------
|-0.1046E+02|-0.9834E+00| 0.5663E+01| 0.1046E+01|
-------------------------------------------------
|-0.1045E+02|-0.9834E+00| 0.5663E+01| 0.1047E+01|
-------------------------------------------------
|-0.1044E+02|-0.9834E+00| 0.5663E+01| 0.1047E+01|
-------------------------------------------------
|-0.1043E+02|-0.9835E+00| 0.5664E+01| 0.1047E+01|
-------------------------------------------------
|-0.1042E+02|-0.9835E+00| 0.5664E+01| 0.1047E+01|
-------------------------------------------------
|-0.1041E+02|-0.9835E+00| 0.5664E+01| 0.1047E+01|
-------------------------------------------------
|-0.1040E+02|-0.9836E+00| 0.5664E+01| 0.1047E+01|
-------------------------------------------------
|-0.1039E+02|-0.9836E+00| 0.5664E+01| 0.1047E+01|
-------------------------------------------------
|-0.1038E+02|-0.9836E+00| 0.5665E+01| 0.1047E+01|
-------------------------------------------------
|-0.1037E+02|-0.9837E+00| 0.5665E+01| 0.1047E+01|
-------------------------------------------------
|-0.1036E+02|-0.9837E+00| 0.5665E+01| 0.1047E+01|
-------------------------------------------------
|-0.1035E+02|-0.9837E+00| 0.5665E+01| 0.1047E+01|
-------------------------------------------------
|-0.1034E+02|-0.9838E+00| 0.5665E+01| 0.1047E+01|
-------------------------------------------------
|-0.1033E+02|-0.9838E+00| 0.5665E+01| 0.1047E+01|
-------------------------------------------------
|-0.1032E+02|-0.9838E+00| 0.5666E+01| 0.1047E+01|
-------------------------------------------------
|-0.1031E+02|-0.9839E+00| 0.5666E+01| 0.1047E+01|
-------------------------------------------------
|-0.1030E+02|-0.9839E+00| 0.5666E+01| 0.1047E+01|
-------------------------------------------------
|-0.1029E+02|-0.9839E+00| 0.5666E+01| 0.1047E+01|
-------------------------------------------------
|-0.1028E+02|-0.9839E+00| 0.5666E+01| 0.1047E+01|
-------------------------------------------------
|-0.1027E+02|-0.9840E+00| 0.5667E+01| 0.1047E+01|
-------------------------------------------------
|-0.1026E+02|-0.9840E+00| 0.5667E+01| 0.1047E+01|
-------------------------------------------------
|-0.1025E+02|-0.9840E+00| 0.5667E+01| 0.1047E+01|
-------------------------------------------------
|-0.1024E+02|-0.9841E+00| 0.5667E+01| 0.1047E+01|
-------------------------------------------------
|-0.1023E+02|-0.9841E+00| 0.5667E+01| 0.1047E+01|
-------------------------------------------------
|-0.1022E+02|-0.9841E+00| 0.5667E+01| 0.1047E+01|
-------------------------------------------------
|-0.1021E+02|-0.9842E+00| 0.5668E+01| 0.1047E+01|
-------------------------------------------------
|-0.1020E+02|-0.9842E+00| 0.5668E+01| 0.1047E+01|
-------------------------------------------------
|-0.1019E+02|-0.9842E+00| 0.5668E+01| 0.1047E+01|
-------------------------------------------------
|-0.1018E+02|-0.9843E+00| 0.5668E+01| 0.1047E+01|
-------------------------------------------------
|-0.1017E+02|-0.9843E+00| 0.5668E+01| 0.1047E+01|
-------------------------------------------------
|-0.1016E+02|-0.9843E+00| 0.5668E+01| 0.1047E+01|
-------------------------------------------------
|-0.1015E+02|-0.9843E+00| 0.5669E+01| 0.1048E+01|
-------------------------------------------------
|-0.1014E+02|-0.9844E+00| 0.5669E+01| 0.1048E+01|
-------------------------------------------------
|-0.1013E+02|-0.9844E+00| 0.5669E+01| 0.1048E+01|
-------------------------------------------------
|-0.1012E+02|-0.9844E+00| 0.5669E+01| 0.1048E+01|
-------------------------------------------------
|-0.1011E+02|-0.9845E+00| 0.5669E+01| 0.1048E+01|
-------------------------------------------------
|-0.1010E+02|-0.9845E+00| 0.5670E+01| 0.1048E+01|
-------------------------------------------------
|-0.1009E+02|-0.9845E+00| 0.5670E+01| 0.1048E+01|
-------------------------------------------------
|-0.1008E+02|-0.9846E+00| 0.5670E+01| 0.1048E+01|
-------------------------------------------------
|-0.1007E+02|-0.9846E+00| 0.5670E+01| 0.1048E+01|
-------------------------------------------------
|-0.1006E+02|-0.9846E+00| 0.5670E+01| 0.1048E+01|
-------------------------------------------------
|-0.1005E+02|-0.9847E+00| 0.5670E+01| 0.1048E+01|
-------------------------------------------------
|-0.1004E+02|-0.9847E+00| 0.5671E+01| 0.1048E+01|
-------------------------------------------------
|-0.1003E+02|-0.9847E+00| 0.5671E+01| 0.1048E+01|
-------------------------------------------------
|-0.1002E+02|-0.9847E+00| 0.5671E+01| 0.1048E+01|
-------------------------------------------------
|-0.1001E+02|-0.9848E+00| 0.5671E+01| 0.1048E+01|
-------------------------------------------------
|-0.1000E+02|-0.9848E+00| 0.5671E+01| 0.1048E+01|
-------------------------------------------------
|-0.9990E+01|-0.9848E+00| 0.5671E+01| 0.1048E+01|
-------------------------------------------------
|-0.9980E+01|-0.9849E+00| 0.5672E+01| 0.1048E+01|
-------------------------------------------------
|-0.9970E+01|-0.9849E+00| 0.5672E+01| 0.1048E+01|
-------------------------------------------------
|-0.9960E+01|-0.9849E+00| 0.5672E+01| 0.1048E+01|
-------------------------------------------------
|-0.9950E+01|-0.9850E+00| 0.5672E+01| 0.1048E+01|
-------------------------------------------------
|-0.9940E+01|-0.9850E+00| 0.5672E+01| 0.1048E+01|
-------------------------------------------------
|-0.9930E+01|-0.9850E+00| 0.5672E+01| 0.1048E+01|
-------------------------------------------------
|-0.9920E+01|-0.9850E+00| 0.5673E+01| 0.1048E+01|
-------------------------------------------------
|-0.9910E+01|-0.9851E+00| 0.5673E+01| 0.1048E+01|
-------------------------------------------------
|-0.9900E+01|-0.9851E+00| 0.5673E+01| 0.1048E+01|
-------------------------------------------------
|-0.9890E+01|-0.9851E+00| 0.5673E+01| 0.1048E+01|
-------------------------------------------------
|-0.9880E+01|-0.9852E+00| 0.5673E+01| 0.1048E+01|
-------------------------------------------------
|-0.9870E+01|-0.9852E+00| 0.5674E+01| 0.1048E+01|
-------------------------------------------------
|-0.9860E+01|-0.9852E+00| 0.5674E+01| 0.1048E+01|
-------------------------------------------------
|-0.9850E+01|-0.9853E+00| 0.5674E+01| 0.1048E+01|
-------------------------------------------------
|-0.9840E+01|-0.9853E+00| 0.5674E+01| 0.1049E+01|
-------------------------------------------------
|-0.9830E+01|-0.9853E+00| 0.5674E+01| 0.1049E+01|
-------------------------------------------------
|-0.9820E+01|-0.9853E+00| 0.5674E+01| 0.1049E+01|
-------------------------------------------------
|-0.9810E+01|-0.9854E+00| 0.5675E+01| 0.1049E+01|
-------------------------------------------------
|-0.9800E+01|-0.9854E+00| 0.5675E+01| 0.1049E+01|
-------------------------------------------------
|-0.9790E+01|-0.9854E+00| 0.5675E+01| 0.1049E+01|
-------------------------------------------------
|-0.9780E+01|-0.9855E+00| 0.5675E+01| 0.1049E+01|
-------------------------------------------------
|-0.9770E+01|-0.9855E+00| 0.5675E+01| 0.1049E+01|
-------------------------------------------------
|-0.9760E+01|-0.9855E+00| 0.5675E+01| 0.1049E+01|
-------------------------------------------------
|-0.9750E+01|-0.9856E+00| 0.5676E+01| 0.1049E+01|
-------------------------------------------------
|-0.9740E+01|-0.9856E+00| 0.5676E+01| 0.1049E+01|
-------------------------------------------------
|-0.9730E+01|-0.9856E+00| 0.5676E+01| 0.1049E+01|
-------------------------------------------------
|-0.9720E+01|-0.9856E+00| 0.5676E+01| 0.1049E+01|
-------------------------------------------------
|-0.9710E+01|-0.9857E+00| 0.5676E+01| 0.1049E+01|
-------------------------------------------------
|-0.9700E+01|-0.9857E+00| 0.5676E+01| 0.1049E+01|
-------------------------------------------------
|-0.9690E+01|-0.9857E+00| 0.5677E+01| 0.1049E+01|
-------------------------------------------------
|-0.9680E+01|-0.9858E+00| 0.5677E+01| 0.1049E+01|
-------------------------------------------------
|-0.9670E+01|-0.9858E+00| 0.5677E+01| 0.1049E+01|
-------------------------------------------------
|-0.9660E+01|-0.9858E+00| 0.5677E+01| 0.1049E+01|
-------------------------------------------------
|-0.9650E+01|-0.9859E+00| 0.5677E+01| 0.1049E+01|
-------------------------------------------------
|-0.9640E+01|-0.9859E+00| 0.5677E+01| 0.1049E+01|
-------------------------------------------------
|-0.9630E+01|-0.9859E+00| 0.5678E+01| 0.1049E+01|
-------------------------------------------------
|-0.9620E+01|-0.9859E+00| 0.5678E+01| 0.1049E+01|
-------------------------------------------------
|-0.9610E+01|-0.9860E+00| 0.5678E+01| 0.1049E+01|
-------------------------------------------------
|-0.9600E+01|-0.9860E+00| 0.5678E+01| 0.1049E+01|
-------------------------------------------------
|-0.9590E+01|-0.9860E+00| 0.5678E+01| 0.1049E+01|
-------------------------------------------------
|-0.9580E+01|-0.9861E+00| 0.5678E+01| 0.1049E+01|
-------------------------------------------------
|-0.9570E+01|-0.9861E+00| 0.5679E+01| 0.1049E+01|
-------------------------------------------------
|-0.9560E+01|-0.9861E+00| 0.5679E+01| 0.1049E+01|
-------------------------------------------------
|-0.9550E+01|-0.9861E+00| 0.5679E+01| 0.1049E+01|
-------------------------------------------------
|-0.9540E+01|-0.9862E+00| 0.5679E+01| 0.1049E+01|
-------------------------------------------------
|-0.9530E+01|-0.9862E+00| 0.5679E+01| 0.1049E+01|
-------------------------------------------------
|-0.9520E+01|-0.9862E+00| 0.5679E+01| 0.1050E+01|
-------------------------------------------------
|-0.9510E+01|-0.9863E+00| 0.5680E+01| 0.1050E+01|
-------------------------------------------------
|-0.9500E+01|-0.9863E+00| 0.5680E+01| 0.1050E+01|
-------------------------------------------------
|-0.9490E+01|-0.9863E+00| 0.5680E+01| 0.1050E+01|
-------------------------------------------------
|-0.9480E+01|-0.9863E+00| 0.5680E+01| 0.1050E+01|
-------------------------------------------------
|-0.9470E+01|-0.9864E+00| 0.5680E+01| 0.1050E+01|
-------------------------------------------------
|-0.9460E+01|-0.9864E+00| 0.5680E+01| 0.1050E+01|
-------------------------------------------------
|-0.9450E+01|-0.9864E+00| 0.5681E+01| 0.1050E+01|
-------------------------------------------------
|-0.9440E+01|-0.9865E+00| 0.5681E+01| 0.1050E+01|
-------------------------------------------------
|-0.9430E+01|-0.9865E+00| 0.5681E+01| 0.1050E+01|
-------------------------------------------------
|-0.9420E+01|-0.9865E+00| 0.5681E+01| 0.1050E+01|
-------------------------------------------------
|-0.9410E+01|-0.9865E+00| 0.5681E+01| 0.1050E+01|
-------------------------------------------------
|-0.9400E+01|-0.9866E+00| 0.5681E+01| 0.1050E+01|
-------------------------------------------------
|-0.9390E+01|-0.9866E+00| 0.5682E+01| 0.1050E+01|
-------------------------------------------------
|-0.9380E+01|-0.9866E+00| 0.5682E+01| 0.1050E+01|
-------------------------------------------------
|-0.9370E+01|-0.9867E+00| 0.5682E+01| 0.1050E+01|
-------------------------------------------------
|-0.9360E+01|-0.9867E+00| 0.5682E+01| 0.1050E+01|
-------------------------------------------------
|-0.9350E+01|-0.9867E+00| 0.5682E+01| 0.1050E+01|
-------------------------------------------------
|-0.9340E+01|-0.9867E+00| 0.5682E+01| 0.1050E+01|
-------------------------------------------------
|-0.9330E+01|-0.9868E+00| 0.5683E+01| 0.1050E+01|
-------------------------------------------------
|-0.9320E+01|-0.9868E+00| 0.5683E+01| 0.1050E+01|
-------------------------------------------------
|-0.9310E+01|-0.9868E+00| 0.5683E+01| 0.1050E+01|
-------------------------------------------------
|-0.9300E+01|-0.9869E+00| 0.5683E+01| 0.1050E+01|
-------------------------------------------------
|-0.9290E+01|-0.9869E+00| 0.5683E+01| 0.1050E+01|
-------------------------------------------------
|-0.9280E+01|-0.9869E+00| 0.5683E+01| 0.1050E+01|
-------------------------------------------------
|-0.9270E+01|-0.9869E+00| 0.5684E+01| 0.1050E+01|
-------------------------------------------------
|-0.9260E+01|-0.9870E+00| 0.5684E+01| 0.1050E+01|
-------------------------------------------------
|-0.9250E+01|-0.9870E+00| 0.5684E+01| 0.1050E+01|
-------------------------------------------------
|-0.9240E+01|-0.9870E+00| 0.5684E+01| 0.1050E+01|
-------------------------------------------------
|-0.9230E+01|-0.9871E+00| 0.5684E+01| 0.1050E+01|
-------------------------------------------------
|-0.9220E+01|-0.9871E+00| 0.5684E+01| 0.1050E+01|
-------------------------------------------------
|-0.9210E+01|-0.9871E+00| 0.5685E+01| 0.1050E+01|
-------------------------------------------------
|-0.9200E+01|-0.9871E+00| 0.5685E+01| 0.1050E+01|
-------------------------------------------------
|-0.9190E+01|-0.9872E+00| 0.5685E+01| 0.1051E+01|
-------------------------------------------------
|-0.9180E+01|-0.9872E+00| 0.5685E+01| 0.1051E+01|
-------------------------------------------------
|-0.9170E+01|-0.9872E+00| 0.5685E+01| 0.1051E+01|
-------------------------------------------------
|-0.9160E+01|-0.9872E+00| 0.5685E+01| 0.1051E+01|
-------------------------------------------------
|-0.9150E+01|-0.9873E+00| 0.5685E+01| 0.1051E+01|
-------------------------------------------------
|-0.9140E+01|-0.9873E+00| 0.5686E+01| 0.1051E+01|
-------------------------------------------------
|-0.9130E+01|-0.9873E+00| 0.5686E+01| 0.1051E+01|
-------------------------------------------------
|-0.9120E+01|-0.9874E+00| 0.5686E+01| 0.1051E+01|
-------------------------------------------------
|-0.9110E+01|-0.9874E+00| 0.5686E+01| 0.1051E+01|
-------------------------------------------------
|-0.9100E+01|-0.9874E+00| 0.5686E+01| 0.1051E+01|
-------------------------------------------------
|-0.9090E+01|-0.9874E+00| 0.5686E+01| 0.1051E+01|
-------------------------------------------------
|-0.9080E+01|-0.9875E+00| 0.5687E+01| 0.1051E+01|
-------------------------------------------------
|-0.9070E+01|-0.9875E+00| 0.5687E+01| 0.1051E+01|
-------------------------------------------------
|-0.9060E+01|-0.9875E+00| 0.5687E+01| 0.1051E+01|
-------------------------------------------------
|-0.9050E+01|-0.9876E+00| 0.5687E+01| 0.1051E+01|
-------------------------------------------------
|-0.9040E+01|-0.9876E+00| 0.5687E+01| 0.1051E+01|
-------------------------------------------------
|-0.9030E+01|-0.9876E+00| 0.5687E+01| 0.1051E+01|
-------------------------------------------------
|-0.9020E+01|-0.9876E+00| 0.5688E+01| 0.1051E+01|
-------------------------------------------------
|-0.9010E+01|-0.9877E+00| 0.5688E+01| 0.1051E+01|
-------------------------------------------------
|-0.9000E+01|-0.9877E+00| 0.5688E+01| 0.1051E+01|
-------------------------------------------------
|-0.8990E+01|-0.9877E+00| 0.5688E+01| 0.1051E+01|
-------------------------------------------------
|-0.8980E+01|-0.9877E+00| 0.5688E+01| 0.1051E+01|
-------------------------------------------------
|-0.8970E+01|-0.9878E+00| 0.5688E+01| 0.1051E+01|
-------------------------------------------------
|-0.8960E+01|-0.9878E+00| 0.5688E+01| 0.1051E+01|
-------------------------------------------------
|-0.8950E+01|-0.9878E+00| 0.5689E+01| 0.1051E+01|
-------------------------------------------------
|-0.8940E+01|-0.9879E+00| 0.5689E+01| 0.1051E+01|
-------------------------------------------------
|-0.8930E+01|-0.9879E+00| 0.5689E+01| 0.1051E+01|
-------------------------------------------------
|-0.8920E+01|-0.9879E+00| 0.5689E+01| 0.1051E+01|
-------------------------------------------------
|-0.8910E+01|-0.9879E+00| 0.5689E+01| 0.1051E+01|
-------------------------------------------------
|-0.8900E+01|-0.9880E+00| 0.5689E+01| 0.1051E+01|
-------------------------------------------------
|-0.8890E+01|-0.9880E+00| 0.5690E+01| 0.1051E+01|
-------------------------------------------------
|-0.8880E+01|-0.9880E+00| 0.5690E+01| 0.1051E+01|
-------------------------------------------------
|-0.8870E+01|-0.9880E+00| 0.5690E+01| 0.1051E+01|
-------------------------------------------------
|-0.8860E+01|-0.9881E+00| 0.5690E+01| 0.1051E+01|
-------------------------------------------------
|-0.8850E+01|-0.9881E+00| 0.5690E+01| 0.1052E+01|
-------------------------------------------------
|-0.8840E+01|-0.9881E+00| 0.5690E+01| 0.1052E+01|
-------------------------------------------------
|-0.8830E+01|-0.9881E+00| 0.5691E+01| 0.1052E+01|
-------------------------------------------------
|-0.8820E+01|-0.9882E+00| 0.5691E+01| 0.1052E+01|
-------------------------------------------------
|-0.8810E+01|-0.9882E+00| 0.5691E+01| 0.1052E+01|
-------------------------------------------------
|-0.8800E+01|-0.9882E+00| 0.5691E+01| 0.1052E+01|
-------------------------------------------------
|-0.8790E+01|-0.9883E+00| 0.5691E+01| 0.1052E+01|
-------------------------------------------------
|-0.8780E+01|-0.9883E+00| 0.5691E+01| 0.1052E+01|
-------------------------------------------------
|-0.8770E+01|-0.9883E+00| 0.5691E+01| 0.1052E+01|
-------------------------------------------------
|-0.8760E+01|-0.9883E+00| 0.5692E+01| 0.1052E+01|
-------------------------------------------------
|-0.8750E+01|-0.9884E+00| 0.5692E+01| 0.1052E+01|
-------------------------------------------------
|-0.8740E+01|-0.9884E+00| 0.5692E+01| 0.1052E+01|
-------------------------------------------------
|-0.8730E+01|-0.9884E+00| 0.5692E+01| 0.1052E+01|
-------------------------------------------------
|-0.8720E+01|-0.9884E+00| 0.5692E+01| 0.1052E+01|
-------------------------------------------------
|-0.8710E+01|-0.9885E+00| 0.5692E+01| 0.1052E+01|
-------------------------------------------------
|-0.8700E+01|-0.9885E+00| 0.5693E+01| 0.1052E+01|
-------------------------------------------------
|-0.8690E+01|-0.9885E+00| 0.5693E+01| 0.1052E+01|
-------------------------------------------------
|-0.8680E+01|-0.9885E+00| 0.5693E+01| 0.1052E+01|
-------------------------------------------------
|-0.8670E+01|-0.9886E+00| 0.5693E+01| 0.1052E+01|
-------------------------------------------------
|-0.8660E+01|-0.9886E+00| 0.5693E+01| 0.1052E+01|
-------------------------------------------------
|-0.8650E+01|-0.9886E+00| 0.5693E+01| 0.1052E+01|
-------------------------------------------------
|-0.8640E+01|-0.9887E+00| 0.5693E+01| 0.1052E+01|
-------------------------------------------------
|-0.8630E+01|-0.9887E+00| 0.5694E+01| 0.1052E+01|
-------------------------------------------------
|-0.8620E+01|-0.9887E+00| 0.5694E+01| 0.1052E+01|
-------------------------------------------------
|-0.8610E+01|-0.9887E+00| 0.5694E+01| 0.1052E+01|
-------------------------------------------------
|-0.8600E+01|-0.9888E+00| 0.5694E+01| 0.1052E+01|
-------------------------------------------------
|-0.8590E+01|-0.9888E+00| 0.5694E+01| 0.1052E+01|
-------------------------------------------------
|-0.8580E+01|-0.9888E+00| 0.5694E+01| 0.1052E+01|
-------------------------------------------------
|-0.8570E+01|-0.9888E+00| 0.5694E+01| 0.1052E+01|
-------------------------------------------------
|-0.8560E+01|-0.9889E+00| 0.5695E+01| 0.1052E+01|
-------------------------------------------------
|-0.8550E+01|-0.9889E+00| 0.5695E+01| 0.1052E+01|
-------------------------------------------------
|-0.8540E+01|-0.9889E+00| 0.5695E+01| 0.1052E+01|
-------------------------------------------------
|-0.8530E+01|-0.9889E+00| 0.5695E+01| 0.1052E+01|
-------------------------------------------------
|-0.8520E+01|-0.9890E+00| 0.5695E+01| 0.1052E+01|
-------------------------------------------------
|-0.8510E+01|-0.9890E+00| 0.5695E+01| 0.1052E+01|
-------------------------------------------------
|-0.8500E+01|-0.9890E+00| 0.5696E+01| 0.1052E+01|
-------------------------------------------------
|-0.8490E+01|-0.9890E+00| 0.5696E+01| 0.1053E+01|
-------------------------------------------------
|-0.8480E+01|-0.9891E+00| 0.5696E+01| 0.1053E+01|
-------------------------------------------------
|-0.8470E+01|-0.9891E+00| 0.5696E+01| 0.1053E+01|
-------------------------------------------------
|-0.8460E+01|-0.9891E+00| 0.5696E+01| 0.1053E+01|
-------------------------------------------------
|-0.8450E+01|-0.9891E+00| 0.5696E+01| 0.1053E+01|
-------------------------------------------------
|-0.8440E+01|-0.9892E+00| 0.5696E+01| 0.1053E+01|
-------------------------------------------------
|-0.8430E+01|-0.9892E+00| 0.5697E+01| 0.1053E+01|
-------------------------------------------------
|-0.8420E+01|-0.9892E+00| 0.5697E+01| 0.1053E+01|
-------------------------------------------------
|-0.8410E+01|-0.9892E+00| 0.5697E+01| 0.1053E+01|
-------------------------------------------------
|-0.8400E+01|-0.9893E+00| 0.5697E+01| 0.1053E+01|
-------------------------------------------------
|-0.8390E+01|-0.9893E+00| 0.5697E+01| 0.1053E+01|
-------------------------------------------------
|-0.8380E+01|-0.9893E+00| 0.5697E+01| 0.1053E+01|
-------------------------------------------------
|-0.8370E+01|-0.9893E+00| 0.5697E+01| 0.1053E+01|
-------------------------------------------------
|-0.8360E+01|-0.9894E+00| 0.5698E+01| 0.1053E+01|
-------------------------------------------------
|-0.8350E+01|-0.9894E+00| 0.5698E+01| 0.1053E+01|
-------------------------------------------------
|-0.8340E+01|-0.9894E+00| 0.5698E+01| 0.1053E+01|
-------------------------------------------------
|-0.8330E+01|-0.9895E+00| 0.5698E+01| 0.1053E+01|
-------------------------------------------------
|-0.8320E+01|-0.9895E+00| 0.5698E+01| 0.1053E+01|
-------------------------------------------------
|-0.8310E+01|-0.9895E+00| 0.5698E+01| 0.1053E+01|
-------------------------------------------------
|-0.8300E+01|-0.9895E+00| 0.5698E+01| 0.1053E+01|
-------------------------------------------------
|-0.8290E+01|-0.9896E+00| 0.5699E+01| 0.1053E+01|
-------------------------------------------------
|-0.8280E+01|-0.9896E+00| 0.5699E+01| 0.1053E+01|
-------------------------------------------------
|-0.8270E+01|-0.9896E+00| 0.5699E+01| 0.1053E+01|
-------------------------------------------------
|-0.8260E+01|-0.9896E+00| 0.5699E+01| 0.1053E+01|
-------------------------------------------------
|-0.8250E+01|-0.9897E+00| 0.5699E+01| 0.1053E+01|
-------------------------------------------------
|-0.8240E+01|-0.9897E+00| 0.5699E+01| 0.1053E+01|
-------------------------------------------------
|-0.8230E+01|-0.9897E+00| 0.5699E+01| 0.1053E+01|
-------------------------------------------------
|-0.8220E+01|-0.9897E+00| 0.5700E+01| 0.1053E+01|
-------------------------------------------------
|-0.8210E+01|-0.9898E+00| 0.5700E+01| 0.1053E+01|
-------------------------------------------------
|-0.8200E+01|-0.9898E+00| 0.5700E+01| 0.1053E+01|
-------------------------------------------------
|-0.8190E+01|-0.9898E+00| 0.5700E+01| 0.1053E+01|
-------------------------------------------------
|-0.8180E+01|-0.9898E+00| 0.5700E+01| 0.1053E+01|
-------------------------------------------------
|-0.8170E+01|-0.9899E+00| 0.5700E+01| 0.1053E+01|
-------------------------------------------------
|-0.8160E+01|-0.9899E+00| 0.5700E+01| 0.1053E+01|
-------------------------------------------------
|-0.8150E+01|-0.9899E+00| 0.5701E+01| 0.1053E+01|
-------------------------------------------------
|-0.8140E+01|-0.9899E+00| 0.5701E+01| 0.1053E+01|
-------------------------------------------------
|-0.8130E+01|-0.9899E+00| 0.5701E+01| 0.1053E+01|
-------------------------------------------------
|-0.8120E+01|-0.9900E+00| 0.5701E+01| 0.1054E+01|
-------------------------------------------------
|-0.8110E+01|-0.9900E+00| 0.5701E+01| 0.1054E+01|
-------------------------------------------------
|-0.8100E+01|-0.9900E+00| 0.5701E+01| 0.1054E+01|
-------------------------------------------------
|-0.8090E+01|-0.9900E+00| 0.5701E+01| 0.1054E+01|
-------------------------------------------------
|-0.8080E+01|-0.9901E+00| 0.5702E+01| 0.1054E+01|
-------------------------------------------------
|-0.8070E+01|-0.9901E+00| 0.5702E+01| 0.1054E+01|
-------------------------------------------------
|-0.8060E+01|-0.9901E+00| 0.5702E+01| 0.1054E+01|
-------------------------------------------------
|-0.8050E+01|-0.9901E+00| 0.5702E+01| 0.1054E+01|
-------------------------------------------------
|-0.8040E+01|-0.9902E+00| 0.5702E+01| 0.1054E+01|
-------------------------------------------------
|-0.8030E+01|-0.9902E+00| 0.5702E+01| 0.1054E+01|
-------------------------------------------------
|-0.8020E+01|-0.9902E+00| 0.5702E+01| 0.1054E+01|
-------------------------------------------------
|-0.8010E+01|-0.9902E+00| 0.5703E+01| 0.1054E+01|
-------------------------------------------------
|-0.8000E+01|-0.9903E+00| 0.5703E+01| 0.1054E+01|
-------------------------------------------------
|-0.7990E+01|-0.9903E+00| 0.5703E+01| 0.1054E+01|
-------------------------------------------------
|-0.7980E+01|-0.9903E+00| 0.5703E+01| 0.1054E+01|
-------------------------------------------------
|-0.7970E+01|-0.9903E+00| 0.5703E+01| 0.1054E+01|
-------------------------------------------------
|-0.7960E+01|-0.9904E+00| 0.5703E+01| 0.1054E+01|
-------------------------------------------------
|-0.7950E+01|-0.9904E+00| 0.5703E+01| 0.1054E+01|
-------------------------------------------------
|-0.7940E+01|-0.9904E+00| 0.5704E+01| 0.1054E+01|
-------------------------------------------------
|-0.7930E+01|-0.9904E+00| 0.5704E+01| 0.1054E+01|
-------------------------------------------------
|-0.7920E+01|-0.9905E+00| 0.5704E+01| 0.1054E+01|
-------------------------------------------------
|-0.7910E+01|-0.9905E+00| 0.5704E+01| 0.1054E+01|
-------------------------------------------------
|-0.7900E+01|-0.9905E+00| 0.5704E+01| 0.1054E+01|
-------------------------------------------------
|-0.7890E+01|-0.9905E+00| 0.5704E+01| 0.1054E+01|
-------------------------------------------------
|-0.7880E+01|-0.9906E+00| 0.5704E+01| 0.1054E+01|
-------------------------------------------------
|-0.7870E+01|-0.9906E+00| 0.5705E+01| 0.1054E+01|
-------------------------------------------------
|-0.7860E+01|-0.9906E+00| 0.5705E+01| 0.1054E+01|
-------------------------------------------------
|-0.7850E+01|-0.9906E+00| 0.5705E+01| 0.1054E+01|
-------------------------------------------------
|-0.7840E+01|-0.9907E+00| 0.5705E+01| 0.1054E+01|
-------------------------------------------------
|-0.7830E+01|-0.9907E+00| 0.5705E+01| 0.1054E+01|
-------------------------------------------------
|-0.7820E+01|-0.9907E+00| 0.5705E+01| 0.1054E+01|
-------------------------------------------------
|-0.7810E+01|-0.9907E+00| 0.5705E+01| 0.1054E+01|
-------------------------------------------------
|-0.7800E+01|-0.9907E+00| 0.5705E+01| 0.1054E+01|
-------------------------------------------------
|-0.7790E+01|-0.9908E+00| 0.5706E+01| 0.1054E+01|
-------------------------------------------------
|-0.7780E+01|-0.9908E+00| 0.5706E+01| 0.1054E+01|
-------------------------------------------------
|-0.7770E+01|-0.9908E+00| 0.5706E+01| 0.1054E+01|
-------------------------------------------------
|-0.7760E+01|-0.9908E+00| 0.5706E+01| 0.1054E+01|
-------------------------------------------------
|-0.7750E+01|-0.9909E+00| 0.5706E+01| 0.1054E+01|
-------------------------------------------------
|-0.7740E+01|-0.9909E+00| 0.5706E+01| 0.1054E+01|
-------------------------------------------------
|-0.7730E+01|-0.9909E+00| 0.5706E+01| 0.1055E+01|
-------------------------------------------------
|-0.7720E+01|-0.9909E+00| 0.5707E+01| 0.1055E+01|
-------------------------------------------------
|-0.7710E+01|-0.9910E+00| 0.5707E+01| 0.1055E+01|
-------------------------------------------------
|-0.7700E+01|-0.9910E+00| 0.5707E+01| 0.1055E+01|
-------------------------------------------------
|-0.7690E+01|-0.9910E+00| 0.5707E+01| 0.1055E+01|
-------------------------------------------------
|-0.7680E+01|-0.9910E+00| 0.5707E+01| 0.1055E+01|
-------------------------------------------------
|-0.7670E+01|-0.9911E+00| 0.5707E+01| 0.1055E+01|
-------------------------------------------------
|-0.7660E+01|-0.9911E+00| 0.5707E+01| 0.1055E+01|
-------------------------------------------------
|-0.7650E+01|-0.9911E+00| 0.5708E+01| 0.1055E+01|
-------------------------------------------------
|-0.7640E+01|-0.9911E+00| 0.5708E+01| 0.1055E+01|
-------------------------------------------------
|-0.7630E+01|-0.9911E+00| 0.5708E+01| 0.1055E+01|
-------------------------------------------------
|-0.7620E+01|-0.9912E+00| 0.5708E+01| 0.1055E+01|
-------------------------------------------------
|-0.7610E+01|-0.9912E+00| 0.5708E+01| 0.1055E+01|
-------------------------------------------------
|-0.7600E+01|-0.9912E+00| 0.5708E+01| 0.1055E+01|
-------------------------------------------------
|-0.7590E+01|-0.9912E+00| 0.5708E+01| 0.1055E+01|
-------------------------------------------------
|-0.7580E+01|-0.9913E+00| 0.5708E+01| 0.1055E+01|
-------------------------------------------------
|-0.7570E+01|-0.9913E+00| 0.5709E+01| 0.1055E+01|
-------------------------------------------------
|-0.7560E+01|-0.9913E+00| 0.5709E+01| 0.1055E+01|
-------------------------------------------------
|-0.7550E+01|-0.9913E+00| 0.5709E+01| 0.1055E+01|
-------------------------------------------------
|-0.7540E+01|-0.9914E+00| 0.5709E+01| 0.1055E+01|
-------------------------------------------------
|-0.7530E+01|-0.9914E+00| 0.5709E+01| 0.1055E+01|
-------------------------------------------------
|-0.7520E+01|-0.9914E+00| 0.5709E+01| 0.1055E+01|
-------------------------------------------------
|-0.7510E+01|-0.9914E+00| 0.5709E+01| 0.1055E+01|
-------------------------------------------------
|-0.7500E+01|-0.9914E+00| 0.5710E+01| 0.1055E+01|
-------------------------------------------------
|-0.7490E+01|-0.9915E+00| 0.5710E+01| 0.1055E+01|
-------------------------------------------------
|-0.7480E+01|-0.9915E+00| 0.5710E+01| 0.1055E+01|
-------------------------------------------------
|-0.7470E+01|-0.9915E+00| 0.5710E+01| 0.1055E+01|
-------------------------------------------------
|-0.7460E+01|-0.9915E+00| 0.5710E+01| 0.1055E+01|
-------------------------------------------------
|-0.7450E+01|-0.9916E+00| 0.5710E+01| 0.1055E+01|
-------------------------------------------------
|-0.7440E+01|-0.9916E+00| 0.5710E+01| 0.1055E+01|
-------------------------------------------------
|-0.7430E+01|-0.9916E+00| 0.5710E+01| 0.1055E+01|
-------------------------------------------------
|-0.7420E+01|-0.9916E+00| 0.5711E+01| 0.1055E+01|
-------------------------------------------------
|-0.7410E+01|-0.9916E+00| 0.5711E+01| 0.1055E+01|
-------------------------------------------------
|-0.7400E+01|-0.9917E+00| 0.5711E+01| 0.1055E+01|
-------------------------------------------------
|-0.7390E+01|-0.9917E+00| 0.5711E+01| 0.1055E+01|
-------------------------------------------------
|-0.7380E+01|-0.9917E+00| 0.5711E+01| 0.1055E+01|
-------------------------------------------------
|-0.7370E+01|-0.9917E+00| 0.5711E+01| 0.1055E+01|
-------------------------------------------------
|-0.7360E+01|-0.9918E+00| 0.5711E+01| 0.1055E+01|
-------------------------------------------------
|-0.7350E+01|-0.9918E+00| 0.5711E+01| 0.1055E+01|
-------------------------------------------------
|-0.7340E+01|-0.9918E+00| 0.5712E+01| 0.1055E+01|
-------------------------------------------------
|-0.7330E+01|-0.9918E+00| 0.5712E+01| 0.1055E+01|
-------------------------------------------------
|-0.7320E+01|-0.9919E+00| 0.5712E+01| 0.1056E+01|
-------------------------------------------------
|-0.7310E+01|-0.9919E+00| 0.5712E+01| 0.1056E+01|
-------------------------------------------------
|-0.7300E+01|-0.9919E+00| 0.5712E+01| 0.1056E+01|
-------------------------------------------------
|-0.7290E+01|-0.9919E+00| 0.5712E+01| 0.1056E+01|
-------------------------------------------------
|-0.7280E+01|-0.9919E+00| 0.5712E+01| 0.1056E+01|
-------------------------------------------------
|-0.7270E+01|-0.9920E+00| 0.5712E+01| 0.1056E+01|
-------------------------------------------------
|-0.7260E+01|-0.9920E+00| 0.5713E+01| 0.1056E+01|
-------------------------------------------------
|-0.7250E+01|-0.9920E+00| 0.5713E+01| 0.1056E+01|
-------------------------------------------------
|-0.7240E+01|-0.9920E+00| 0.5713E+01| 0.1056E+01|
-------------------------------------------------
|-0.7230E+01|-0.9920E+00| 0.5713E+01| 0.1056E+01|
-------------------------------------------------
|-0.7220E+01|-0.9921E+00| 0.5713E+01| 0.1056E+01|
-------------------------------------------------
|-0.7210E+01|-0.9921E+00| 0.5713E+01| 0.1056E+01|
-------------------------------------------------
|-0.7200E+01|-0.9921E+00| 0.5713E+01| 0.1056E+01|
-------------------------------------------------
|-0.7190E+01|-0.9921E+00| 0.5713E+01| 0.1056E+01|
-------------------------------------------------
|-0.7180E+01|-0.9922E+00| 0.5714E+01| 0.1056E+01|
-------------------------------------------------
|-0.7170E+01|-0.9922E+00| 0.5714E+01| 0.1056E+01|
-------------------------------------------------
|-0.7160E+01|-0.9922E+00| 0.5714E+01| 0.1056E+01|
-------------------------------------------------
|-0.7150E+01|-0.9922E+00| 0.5714E+01| 0.1056E+01|
-------------------------------------------------
|-0.7140E+01|-0.9922E+00| 0.5714E+01| 0.1056E+01|
-------------------------------------------------
|-0.7130E+01|-0.9923E+00| 0.5714E+01| 0.1056E+01|
-------------------------------------------------
|-0.7120E+01|-0.9923E+00| 0.5714E+01| 0.1056E+01|
-------------------------------------------------
|-0.7110E+01|-0.9923E+00| 0.5714E+01| 0.1056E+01|
-------------------------------------------------
|-0.7100E+01|-0.9923E+00| 0.5715E+01| 0.1056E+01|
-------------------------------------------------
|-0.7090E+01|-0.9924E+00| 0.5715E+01| 0.1056E+01|
-------------------------------------------------
|-0.7080E+01|-0.9924E+00| 0.5715E+01| 0.1056E+01|
-------------------------------------------------
|-0.7070E+01|-0.9924E+00| 0.5715E+01| 0.1056E+01|
-------------------------------------------------
|-0.7060E+01|-0.9924E+00| 0.5715E+01| 0.1056E+01|
-------------------------------------------------
|-0.7050E+01|-0.9924E+00| 0.5715E+01| 0.1056E+01|
-------------------------------------------------
|-0.7040E+01|-0.9925E+00| 0.5715E+01| 0.1056E+01|
-------------------------------------------------
|-0.7030E+01|-0.9925E+00| 0.5715E+01| 0.1056E+01|
-------------------------------------------------
|-0.7020E+01|-0.9925E+00| 0.5716E+01| 0.1056E+01|
-------------------------------------------------
|-0.7010E+01|-0.9925E+00| 0.5716E+01| 0.1056E+01|
-------------------------------------------------
|-0.7000E+01|-0.9925E+00| 0.5716E+01| 0.1056E+01|
-------------------------------------------------
|-0.6990E+01|-0.9926E+00| 0.5716E+01| 0.1056E+01|
-------------------------------------------------
|-0.6980E+01|-0.9926E+00| 0.5716E+01| 0.1056E+01|
-------------------------------------------------
|-0.6970E+01|-0.9926E+00| 0.5716E+01| 0.1056E+01|
-------------------------------------------------
|-0.6960E+01|-0.9926E+00| 0.5716E+01| 0.1056E+01|
-------------------------------------------------
|-0.6950E+01|-0.9927E+00| 0.5716E+01| 0.1056E+01|
-------------------------------------------------
|-0.6940E+01|-0.9927E+00| 0.5717E+01| 0.1056E+01|
-------------------------------------------------
|-0.6930E+01|-0.9927E+00| 0.5717E+01| 0.1056E+01|
-------------------------------------------------
|-0.6920E+01|-0.9927E+00| 0.5717E+01| 0.1056E+01|
-------------------------------------------------
|-0.6910E+01|-0.9927E+00| 0.5717E+01| 0.1056E+01|
-------------------------------------------------
|-0.6900E+01|-0.9928E+00| 0.5717E+01| 0.1056E+01|
-------------------------------------------------
|-0.6890E+01|-0.9928E+00| 0.5717E+01| 0.1056E+01|
-------------------------------------------------
|-0.6880E+01|-0.9928E+00| 0.5717E+01| 0.1057E+01|
-------------------------------------------------
|-0.6870E+01|-0.9928E+00| 0.5717E+01| 0.1057E+01|
-------------------------------------------------
|-0.6860E+01|-0.9928E+00| 0.5718E+01| 0.1057E+01|
-------------------------------------------------
|-0.6850E+01|-0.9929E+00| 0.5718E+01| 0.1057E+01|
-------------------------------------------------
|-0.6840E+01|-0.9929E+00| 0.5718E+01| 0.1057E+01|
-------------------------------------------------
|-0.6830E+01|-0.9929E+00| 0.5718E+01| 0.1057E+01|
-------------------------------------------------
|-0.6820E+01|-0.9929E+00| 0.5718E+01| 0.1057E+01|
-------------------------------------------------
|-0.6810E+01|-0.9929E+00| 0.5718E+01| 0.1057E+01|
-------------------------------------------------
|-0.6800E+01|-0.9930E+00| 0.5718E+01| 0.1057E+01|
-------------------------------------------------
|-0.6790E+01|-0.9930E+00| 0.5718E+01| 0.1057E+01|
-------------------------------------------------
|-0.6780E+01|-0.9930E+00| 0.5718E+01| 0.1057E+01|
-------------------------------------------------
|-0.6770E+01|-0.9930E+00| 0.5719E+01| 0.1057E+01|
-------------------------------------------------
|-0.6760E+01|-0.9930E+00| 0.5719E+01| 0.1057E+01|
-------------------------------------------------
|-0.6750E+01|-0.9931E+00| 0.5719E+01| 0.1057E+01|
-------------------------------------------------
|-0.6740E+01|-0.9931E+00| 0.5719E+01| 0.1057E+01|
-------------------------------------------------
|-0.6730E+01|-0.9931E+00| 0.5719E+01| 0.1057E+01|
-------------------------------------------------
|-0.6720E+01|-0.9931E+00| 0.5719E+01| 0.1057E+01|
-------------------------------------------------
|-0.6710E+01|-0.9932E+00| 0.5719E+01| 0.1057E+01|
-------------------------------------------------
|-0.6700E+01|-0.9932E+00| 0.5719E+01| 0.1057E+01|
-------------------------------------------------
|-0.6690E+01|-0.9932E+00| 0.5720E+01| 0.1057E+01|
-------------------------------------------------
|-0.6680E+01|-0.9932E+00| 0.5720E+01| 0.1057E+01|
-------------------------------------------------
|-0.6670E+01|-0.9932E+00| 0.5720E+01| 0.1057E+01|
-------------------------------------------------
|-0.6660E+01|-0.9933E+00| 0.5720E+01| 0.1057E+01|
-------------------------------------------------
|-0.6650E+01|-0.9933E+00| 0.5720E+01| 0.1057E+01|
-------------------------------------------------
|-0.6640E+01|-0.9933E+00| 0.5720E+01| 0.1057E+01|
-------------------------------------------------
|-0.6630E+01|-0.9933E+00| 0.5720E+01| 0.1057E+01|
-------------------------------------------------
|-0.6620E+01|-0.9933E+00| 0.5720E+01| 0.1057E+01|
-------------------------------------------------
|-0.6610E+01|-0.9934E+00| 0.5720E+01| 0.1057E+01|
-------------------------------------------------
|-0.6600E+01|-0.9934E+00| 0.5721E+01| 0.1057E+01|
-------------------------------------------------
|-0.6590E+01|-0.9934E+00| 0.5721E+01| 0.1057E+01|
-------------------------------------------------
|-0.6580E+01|-0.9934E+00| 0.5721E+01| 0.1057E+01|
-------------------------------------------------
|-0.6570E+01|-0.9934E+00| 0.5721E+01| 0.1057E+01|
-------------------------------------------------
|-0.6560E+01|-0.9935E+00| 0.5721E+01| 0.1057E+01|
-------------------------------------------------
|-0.6550E+01|-0.9935E+00| 0.5721E+01| 0.1057E+01|
-------------------------------------------------
|-0.6540E+01|-0.9935E+00| 0.5721E+01| 0.1057E+01|
-------------------------------------------------
|-0.6530E+01|-0.9935E+00| 0.5721E+01| 0.1057E+01|
-------------------------------------------------
|-0.6520E+01|-0.9935E+00| 0.5722E+01| 0.1057E+01|
-------------------------------------------------
|-0.6510E+01|-0.9936E+00| 0.5722E+01| 0.1057E+01|
-------------------------------------------------
|-0.6500E+01|-0.9936E+00| 0.5722E+01| 0.1057E+01|
-------------------------------------------------
|-0.6490E+01|-0.9936E+00| 0.5722E+01| 0.1057E+01|
-------------------------------------------------
|-0.6480E+01|-0.9936E+00| 0.5722E+01| 0.1057E+01|
-------------------------------------------------
|-0.6470E+01|-0.9936E+00| 0.5722E+01| 0.1057E+01|
-------------------------------------------------
|-0.6460E+01|-0.9937E+00| 0.5722E+01| 0.1057E+01|
-------------------------------------------------
|-0.6450E+01|-0.9937E+00| 0.5722E+01| 0.1057E+01|
-------------------------------------------------
|-0.6440E+01|-0.9937E+00| 0.5722E+01| 0.1057E+01|
-------------------------------------------------
|-0.6430E+01|-0.9937E+00| 0.5723E+01| 0.1057E+01|
-------------------------------------------------
|-0.6420E+01|-0.9937E+00| 0.5723E+01| 0.1058E+01|
-------------------------------------------------
|-0.6410E+01|-0.9937E+00| 0.5723E+01| 0.1058E+01|
-------------------------------------------------
|-0.6400E+01|-0.9938E+00| 0.5723E+01| 0.1058E+01|
-------------------------------------------------
|-0.6390E+01|-0.9938E+00| 0.5723E+01| 0.1058E+01|
-------------------------------------------------
|-0.6380E+01|-0.9938E+00| 0.5723E+01| 0.1058E+01|
-------------------------------------------------
|-0.6370E+01|-0.9938E+00| 0.5723E+01| 0.1058E+01|
-------------------------------------------------
|-0.6360E+01|-0.9938E+00| 0.5723E+01| 0.1058E+01|
-------------------------------------------------
|-0.6350E+01|-0.9939E+00| 0.5723E+01| 0.1058E+01|
-------------------------------------------------
|-0.6340E+01|-0.9939E+00| 0.5724E+01| 0.1058E+01|
-------------------------------------------------
|-0.6330E+01|-0.9939E+00| 0.5724E+01| 0.1058E+01|
-------------------------------------------------
|-0.6320E+01|-0.9939E+00| 0.5724E+01| 0.1058E+01|
-------------------------------------------------
|-0.6310E+01|-0.9939E+00| 0.5724E+01| 0.1058E+01|
-------------------------------------------------
|-0.6300E+01|-0.9940E+00| 0.5724E+01| 0.1058E+01|
-------------------------------------------------
|-0.6290E+01|-0.9940E+00| 0.5724E+01| 0.1058E+01|
-------------------------------------------------
|-0.6280E+01|-0.9940E+00| 0.5724E+01| 0.1058E+01|
-------------------------------------------------
|-0.6270E+01|-0.9940E+00| 0.5724E+01| 0.1058E+01|
-------------------------------------------------
|-0.6260E+01|-0.9940E+00| 0.5724E+01| 0.1058E+01|
-------------------------------------------------
|-0.6250E+01|-0.9941E+00| 0.5725E+01| 0.1058E+01|
-------------------------------------------------
|-0.6240E+01|-0.9941E+00| 0.5725E+01| 0.1058E+01|
-------------------------------------------------
|-0.6230E+01|-0.9941E+00| 0.5725E+01| 0.1058E+01|
-------------------------------------------------
|-0.6220E+01|-0.9941E+00| 0.5725E+01| 0.1058E+01|
-------------------------------------------------
|-0.6210E+01|-0.9941E+00| 0.5725E+01| 0.1058E+01|
-------------------------------------------------
|-0.6200E+01|-0.9942E+00| 0.5725E+01| 0.1058E+01|
-------------------------------------------------
|-0.6190E+01|-0.9942E+00| 0.5725E+01| 0.1058E+01|
-------------------------------------------------
|-0.6180E+01|-0.9942E+00| 0.5725E+01| 0.1058E+01|
-------------------------------------------------
|-0.6170E+01|-0.9942E+00| 0.5725E+01| 0.1058E+01|
-------------------------------------------------
|-0.6160E+01|-0.9942E+00| 0.5726E+01| 0.1058E+01|
-------------------------------------------------
|-0.6150E+01|-0.9942E+00| 0.5726E+01| 0.1058E+01|
-------------------------------------------------
|-0.6140E+01|-0.9943E+00| 0.5726E+01| 0.1058E+01|
-------------------------------------------------
|-0.6130E+01|-0.9943E+00| 0.5726E+01| 0.1058E+01|
-------------------------------------------------
|-0.6120E+01|-0.9943E+00| 0.5726E+01| 0.1058E+01|
-------------------------------------------------
|-0.6110E+01|-0.9943E+00| 0.5726E+01| 0.1058E+01|
-------------------------------------------------
|-0.6100E+01|-0.9943E+00| 0.5726E+01| 0.1058E+01|
-------------------------------------------------
|-0.6090E+01|-0.9944E+00| 0.5726E+01| 0.1058E+01|
-------------------------------------------------
|-0.6080E+01|-0.9944E+00| 0.5726E+01| 0.1058E+01|
-------------------------------------------------
|-0.6070E+01|-0.9944E+00| 0.5726E+01| 0.1058E+01|
-------------------------------------------------
|-0.6060E+01|-0.9944E+00| 0.5727E+01| 0.1058E+01|
-------------------------------------------------
|-0.6050E+01|-0.9944E+00| 0.5727E+01| 0.1058E+01|
-------------------------------------------------
|-0.6040E+01|-0.9944E+00| 0.5727E+01| 0.1058E+01|
-------------------------------------------------
|-0.6030E+01|-0.9945E+00| 0.5727E+01| 0.1058E+01|
-------------------------------------------------
|-0.6020E+01|-0.9945E+00| 0.5727E+01| 0.1058E+01|
-------------------------------------------------
|-0.6010E+01|-0.9945E+00| 0.5727E+01| 0.1058E+01|
-------------------------------------------------
|-0.6000E+01|-0.9945E+00| 0.5727E+01| 0.1058E+01|
-------------------------------------------------
|-0.5990E+01|-0.9945E+00| 0.5727E+01| 0.1058E+01|
-------------------------------------------------
|-0.5980E+01|-0.9946E+00| 0.5727E+01| 0.1058E+01|
-------------------------------------------------
|-0.5970E+01|-0.9946E+00| 0.5728E+01| 0.1058E+01|
-------------------------------------------------
|-0.5960E+01|-0.9946E+00| 0.5728E+01| 0.1058E+01|
-------------------------------------------------
|-0.5950E+01|-0.9946E+00| 0.5728E+01| 0.1058E+01|
-------------------------------------------------
|-0.5940E+01|-0.9946E+00| 0.5728E+01| 0.1058E+01|
-------------------------------------------------
|-0.5930E+01|-0.9946E+00| 0.5728E+01| 0.1058E+01|
-------------------------------------------------
|-0.5920E+01|-0.9947E+00| 0.5728E+01| 0.1059E+01|
-------------------------------------------------
|-0.5910E+01|-0.9947E+00| 0.5728E+01| 0.1059E+01|
-------------------------------------------------
|-0.5900E+01|-0.9947E+00| 0.5728E+01| 0.1059E+01|
-------------------------------------------------
|-0.5890E+01|-0.9947E+00| 0.5728E+01| 0.1059E+01|
-------------------------------------------------
|-0.5880E+01|-0.9947E+00| 0.5728E+01| 0.1059E+01|
-------------------------------------------------
|-0.5870E+01|-0.9948E+00| 0.5729E+01| 0.1059E+01|
-------------------------------------------------
|-0.5860E+01|-0.9948E+00| 0.5729E+01| 0.1059E+01|
-------------------------------------------------
|-0.5850E+01|-0.9948E+00| 0.5729E+01| 0.1059E+01|
-------------------------------------------------
|-0.5840E+01|-0.9948E+00| 0.5729E+01| 0.1059E+01|
-------------------------------------------------
|-0.5830E+01|-0.9948E+00| 0.5729E+01| 0.1059E+01|
-------------------------------------------------
|-0.5820E+01|-0.9948E+00| 0.5729E+01| 0.1059E+01|
-------------------------------------------------
|-0.5810E+01|-0.9949E+00| 0.5729E+01| 0.1059E+01|
-------------------------------------------------
|-0.5800E+01|-0.9949E+00| 0.5729E+01| 0.1059E+01|
-------------------------------------------------
|-0.5790E+01|-0.9949E+00| 0.5729E+01| 0.1059E+01|
-------------------------------------------------
|-0.5780E+01|-0.9949E+00| 0.5729E+01| 0.1059E+01|
-------------------------------------------------
|-0.5770E+01|-0.9949E+00| 0.5730E+01| 0.1059E+01|
-------------------------------------------------
|-0.5760E+01|-0.9950E+00| 0.5730E+01| 0.1059E+01|
-------------------------------------------------
|-0.5750E+01|-0.9950E+00| 0.5730E+01| 0.1059E+01|
-------------------------------------------------
|-0.5740E+01|-0.9950E+00| 0.5730E+01| 0.1059E+01|
-------------------------------------------------
|-0.5730E+01|-0.9950E+00| 0.5730E+01| 0.1059E+01|
-------------------------------------------------
|-0.5720E+01|-0.9950E+00| 0.5730E+01| 0.1059E+01|
-------------------------------------------------
|-0.5710E+01|-0.9950E+00| 0.5730E+01| 0.1059E+01|
-------------------------------------------------
|-0.5700E+01|-0.9951E+00| 0.5730E+01| 0.1059E+01|
-------------------------------------------------
|-0.5690E+01|-0.9951E+00| 0.5730E+01| 0.1059E+01|
-------------------------------------------------
|-0.5680E+01|-0.9951E+00| 0.5730E+01| 0.1059E+01|
-------------------------------------------------
|-0.5670E+01|-0.9951E+00| 0.5731E+01| 0.1059E+01|
-------------------------------------------------
|-0.5660E+01|-0.9951E+00| 0.5731E+01| 0.1059E+01|
-------------------------------------------------
|-0.5650E+01|-0.9951E+00| 0.5731E+01| 0.1059E+01|
-------------------------------------------------
|-0.5640E+01|-0.9952E+00| 0.5731E+01| 0.1059E+01|
-------------------------------------------------
|-0.5630E+01|-0.9952E+00| 0.5731E+01| 0.1059E+01|
-------------------------------------------------
|-0.5620E+01|-0.9952E+00| 0.5731E+01| 0.1059E+01|
-------------------------------------------------
|-0.5610E+01|-0.9952E+00| 0.5731E+01| 0.1059E+01|
-------------------------------------------------
|-0.5600E+01|-0.9952E+00| 0.5731E+01| 0.1059E+01|
-------------------------------------------------
|-0.5590E+01|-0.9952E+00| 0.5731E+01| 0.1059E+01|
-------------------------------------------------
|-0.5580E+01|-0.9953E+00| 0.5731E+01| 0.1059E+01|
-------------------------------------------------
|-0.5570E+01|-0.9953E+00| 0.5732E+01| 0.1059E+01|
-------------------------------------------------
|-0.5560E+01|-0.9953E+00| 0.5732E+01| 0.1059E+01|
-------------------------------------------------
|-0.5550E+01|-0.9953E+00| 0.5732E+01| 0.1059E+01|
-------------------------------------------------
|-0.5540E+01|-0.9953E+00| 0.5732E+01| 0.1059E+01|
-------------------------------------------------
|-0.5530E+01|-0.9953E+00| 0.5732E+01| 0.1059E+01|
-------------------------------------------------
|-0.5520E+01|-0.9954E+00| 0.5732E+01| 0.1059E+01|
-------------------------------------------------
|-0.5510E+01|-0.9954E+00| 0.5732E+01| 0.1059E+01|
-------------------------------------------------
|-0.5500E+01|-0.9954E+00| 0.5732E+01| 0.1059E+01|
-------------------------------------------------
|-0.5490E+01|-0.9954E+00| 0.5732E+01| 0.1059E+01|
-------------------------------------------------
|-0.5480E+01|-0.9954E+00| 0.5732E+01| 0.1059E+01|
-------------------------------------------------
|-0.5470E+01|-0.9954E+00| 0.5733E+01| 0.1059E+01|
-------------------------------------------------
|-0.5460E+01|-0.9955E+00| 0.5733E+01| 0.1059E+01|
-------------------------------------------------
|-0.5450E+01|-0.9955E+00| 0.5733E+01| 0.1059E+01|
-------------------------------------------------
|-0.5440E+01|-0.9955E+00| 0.5733E+01| 0.1059E+01|
-------------------------------------------------
|-0.5430E+01|-0.9955E+00| 0.5733E+01| 0.1059E+01|
-------------------------------------------------
|-0.5420E+01|-0.9955E+00| 0.5733E+01| 0.1059E+01|
-------------------------------------------------
|-0.5410E+01|-0.9955E+00| 0.5733E+01| 0.1059E+01|
-------------------------------------------------
|-0.5400E+01|-0.9956E+00| 0.5733E+01| 0.1059E+01|
-------------------------------------------------
|-0.5390E+01|-0.9956E+00| 0.5733E+01| 0.1059E+01|
-------------------------------------------------
|-0.5380E+01|-0.9956E+00| 0.5733E+01| 0.1059E+01|
-------------------------------------------------
|-0.5370E+01|-0.9956E+00| 0.5733E+01| 0.1060E+01|
-------------------------------------------------
|-0.5360E+01|-0.9956E+00| 0.5734E+01| 0.1060E+01|
-------------------------------------------------
|-0.5350E+01|-0.9956E+00| 0.5734E+01| 0.1060E+01|
-------------------------------------------------
|-0.5340E+01|-0.9957E+00| 0.5734E+01| 0.1060E+01|
-------------------------------------------------
|-0.5330E+01|-0.9957E+00| 0.5734E+01| 0.1060E+01|
-------------------------------------------------
|-0.5320E+01|-0.9957E+00| 0.5734E+01| 0.1060E+01|
-------------------------------------------------
|-0.5310E+01|-0.9957E+00| 0.5734E+01| 0.1060E+01|
-------------------------------------------------
|-0.5300E+01|-0.9957E+00| 0.5734E+01| 0.1060E+01|
-------------------------------------------------
|-0.5290E+01|-0.9957E+00| 0.5734E+01| 0.1060E+01|
-------------------------------------------------
|-0.5280E+01|-0.9958E+00| 0.5734E+01| 0.1060E+01|
-------------------------------------------------
|-0.5270E+01|-0.9958E+00| 0.5734E+01| 0.1060E+01|
-------------------------------------------------
|-0.5260E+01|-0.9958E+00| 0.5735E+01| 0.1060E+01|
-------------------------------------------------
|-0.5250E+01|-0.9958E+00| 0.5735E+01| 0.1060E+01|
-------------------------------------------------
|-0.5240E+01|-0.9958E+00| 0.5735E+01| 0.1060E+01|
-------------------------------------------------
|-0.5230E+01|-0.9958E+00| 0.5735E+01| 0.1060E+01|
-------------------------------------------------
|-0.5220E+01|-0.9959E+00| 0.5735E+01| 0.1060E+01|
-------------------------------------------------
|-0.5210E+01|-0.9959E+00| 0.5735E+01| 0.1060E+01|
-------------------------------------------------
|-0.5200E+01|-0.9959E+00| 0.5735E+01| 0.1060E+01|
-------------------------------------------------
|-0.5190E+01|-0.9959E+00| 0.5735E+01| 0.1060E+01|
-------------------------------------------------
|-0.5180E+01|-0.9959E+00| 0.5735E+01| 0.1060E+01|
-------------------------------------------------
|-0.5170E+01|-0.9959E+00| 0.5735E+01| 0.1060E+01|
-------------------------------------------------
|-0.5160E+01|-0.9959E+00| 0.5735E+01| 0.1060E+01|
-------------------------------------------------
|-0.5150E+01|-0.9960E+00| 0.5736E+01| 0.1060E+01|
-------------------------------------------------
|-0.5140E+01|-0.9960E+00| 0.5736E+01| 0.1060E+01|
-------------------------------------------------
|-0.5130E+01|-0.9960E+00| 0.5736E+01| 0.1060E+01|
-------------------------------------------------
|-0.5120E+01|-0.9960E+00| 0.5736E+01| 0.1060E+01|
-------------------------------------------------
|-0.5110E+01|-0.9960E+00| 0.5736E+01| 0.1060E+01|
-------------------------------------------------
|-0.5100E+01|-0.9960E+00| 0.5736E+01| 0.1060E+01|
-------------------------------------------------
|-0.5090E+01|-0.9961E+00| 0.5736E+01| 0.1060E+01|
-------------------------------------------------
|-0.5080E+01|-0.9961E+00| 0.5736E+01| 0.1060E+01|
-------------------------------------------------
|-0.5070E+01|-0.9961E+00| 0.5736E+01| 0.1060E+01|
-------------------------------------------------
|-0.5060E+01|-0.9961E+00| 0.5736E+01| 0.1060E+01|
-------------------------------------------------
|-0.5050E+01|-0.9961E+00| 0.5736E+01| 0.1060E+01|
-------------------------------------------------
|-0.5040E+01|-0.9961E+00| 0.5737E+01| 0.1060E+01|
-------------------------------------------------
|-0.5030E+01|-0.9961E+00| 0.5737E+01| 0.1060E+01|
-------------------------------------------------
|-0.5020E+01|-0.9962E+00| 0.5737E+01| 0.1060E+01|
-------------------------------------------------
|-0.5010E+01|-0.9962E+00| 0.5737E+01| 0.1060E+01|
-------------------------------------------------
|-0.5000E+01|-0.9962E+00| 0.5737E+01| 0.1060E+01|
-------------------------------------------------
|-0.4990E+01|-0.9962E+00| 0.5737E+01| 0.1060E+01|
-------------------------------------------------
|-0.4980E+01|-0.9962E+00| 0.5737E+01| 0.1060E+01|
-------------------------------------------------
|-0.4970E+01|-0.9962E+00| 0.5737E+01| 0.1060E+01|
-------------------------------------------------
|-0.4960E+01|-0.9963E+00| 0.5737E+01| 0.1060E+01|
-------------------------------------------------
|-0.4950E+01|-0.9963E+00| 0.5737E+01| 0.1060E+01|
-------------------------------------------------
|-0.4940E+01|-0.9963E+00| 0.5737E+01| 0.1060E+01|
-------------------------------------------------
|-0.4930E+01|-0.9963E+00| 0.5737E+01| 0.1060E+01|
-------------------------------------------------
|-0.4920E+01|-0.9963E+00| 0.5738E+01| 0.1060E+01|
-------------------------------------------------
|-0.4910E+01|-0.9963E+00| 0.5738E+01| 0.1060E+01|
-------------------------------------------------
|-0.4900E+01|-0.9963E+00| 0.5738E+01| 0.1060E+01|
-------------------------------------------------
|-0.4890E+01|-0.9964E+00| 0.5738E+01| 0.1060E+01|
-------------------------------------------------
|-0.4880E+01|-0.9964E+00| 0.5738E+01| 0.1060E+01|
-------------------------------------------------
|-0.4870E+01|-0.9964E+00| 0.5738E+01| 0.1060E+01|
-------------------------------------------------
|-0.4860E+01|-0.9964E+00| 0.5738E+01| 0.1060E+01|
-------------------------------------------------
|-0.4850E+01|-0.9964E+00| 0.5738E+01| 0.1060E+01|
-------------------------------------------------
|-0.4840E+01|-0.9964E+00| 0.5738E+01| 0.1060E+01|
-------------------------------------------------
|-0.4830E+01|-0.9964E+00| 0.5738E+01| 0.1060E+01|
-------------------------------------------------
|-0.4820E+01|-0.9965E+00| 0.5738E+01| 0.1060E+01|
-------------------------------------------------
|-0.4810E+01|-0.9965E+00| 0.5738E+01| 0.1060E+01|
-------------------------------------------------
|-0.4800E+01|-0.9965E+00| 0.5739E+01| 0.1060E+01|
-------------------------------------------------
|-0.4790E+01|-0.9965E+00| 0.5739E+01| 0.1060E+01|
-------------------------------------------------
|-0.4780E+01|-0.9965E+00| 0.5739E+01| 0.1060E+01|
-------------------------------------------------
|-0.4770E+01|-0.9965E+00| 0.5739E+01| 0.1060E+01|
-------------------------------------------------
|-0.4760E+01|-0.9966E+00| 0.5739E+01| 0.1061E+01|
-------------------------------------------------
|-0.4750E+01|-0.9966E+00| 0.5739E+01| 0.1061E+01|
-------------------------------------------------
|-0.4740E+01|-0.9966E+00| 0.5739E+01| 0.1061E+01|
-------------------------------------------------
|-0.4730E+01|-0.9966E+00| 0.5739E+01| 0.1061E+01|
-------------------------------------------------
|-0.4720E+01|-0.9966E+00| 0.5739E+01| 0.1061E+01|
-------------------------------------------------
|-0.4710E+01|-0.9966E+00| 0.5739E+01| 0.1061E+01|
-------------------------------------------------
|-0.4700E+01|-0.9966E+00| 0.5739E+01| 0.1061E+01|
-------------------------------------------------
|-0.4690E+01|-0.9967E+00| 0.5739E+01| 0.1061E+01|
-------------------------------------------------
|-0.4680E+01|-0.9967E+00| 0.5740E+01| 0.1061E+01|
-------------------------------------------------
|-0.4670E+01|-0.9967E+00| 0.5740E+01| 0.1061E+01|
-------------------------------------------------
|-0.4660E+01|-0.9967E+00| 0.5740E+01| 0.1061E+01|
-------------------------------------------------
|-0.4650E+01|-0.9967E+00| 0.5740E+01| 0.1061E+01|
-------------------------------------------------
|-0.4640E+01|-0.9967E+00| 0.5740E+01| 0.1061E+01|
-------------------------------------------------
|-0.4630E+01|-0.9967E+00| 0.5740E+01| 0.1061E+01|
-------------------------------------------------
|-0.4620E+01|-0.9968E+00| 0.5740E+01| 0.1061E+01|
-------------------------------------------------
|-0.4610E+01|-0.9968E+00| 0.5740E+01| 0.1061E+01|
-------------------------------------------------
|-0.4600E+01|-0.9968E+00| 0.5740E+01| 0.1061E+01|
-------------------------------------------------
|-0.4590E+01|-0.9968E+00| 0.5740E+01| 0.1061E+01|
-------------------------------------------------
|-0.4580E+01|-0.9968E+00| 0.5740E+01| 0.1061E+01|
-------------------------------------------------
|-0.4570E+01|-0.9968E+00| 0.5740E+01| 0.1061E+01|
-------------------------------------------------
|-0.4560E+01|-0.9968E+00| 0.5741E+01| 0.1061E+01|
-------------------------------------------------
|-0.4550E+01|-0.9968E+00| 0.5741E+01| 0.1061E+01|
-------------------------------------------------
|-0.4540E+01|-0.9969E+00| 0.5741E+01| 0.1061E+01|
-------------------------------------------------
|-0.4530E+01|-0.9969E+00| 0.5741E+01| 0.1061E+01|
-------------------------------------------------
|-0.4520E+01|-0.9969E+00| 0.5741E+01| 0.1061E+01|
-------------------------------------------------
|-0.4510E+01|-0.9969E+00| 0.5741E+01| 0.1061E+01|
-------------------------------------------------
|-0.4500E+01|-0.9969E+00| 0.5741E+01| 0.1061E+01|
-------------------------------------------------
|-0.4490E+01|-0.9969E+00| 0.5741E+01| 0.1061E+01|
-------------------------------------------------
|-0.4480E+01|-0.9969E+00| 0.5741E+01| 0.1061E+01|
-------------------------------------------------
|-0.4470E+01|-0.9970E+00| 0.5741E+01| 0.1061E+01|
-------------------------------------------------
|-0.4460E+01|-0.9970E+00| 0.5741E+01| 0.1061E+01|
-------------------------------------------------
|-0.4450E+01|-0.9970E+00| 0.5741E+01| 0.1061E+01|
-------------------------------------------------
|-0.4440E+01|-0.9970E+00| 0.5741E+01| 0.1061E+01|
-------------------------------------------------
|-0.4430E+01|-0.9970E+00| 0.5742E+01| 0.1061E+01|
-------------------------------------------------
|-0.4420E+01|-0.9970E+00| 0.5742E+01| 0.1061E+01|
-------------------------------------------------
|-0.4410E+01|-0.9970E+00| 0.5742E+01| 0.1061E+01|
-------------------------------------------------
|-0.4400E+01|-0.9971E+00| 0.5742E+01| 0.1061E+01|
-------------------------------------------------
|-0.4390E+01|-0.9971E+00| 0.5742E+01| 0.1061E+01|
-------------------------------------------------
|-0.4380E+01|-0.9971E+00| 0.5742E+01| 0.1061E+01|
-------------------------------------------------
|-0.4370E+01|-0.9971E+00| 0.5742E+01| 0.1061E+01|
-------------------------------------------------
|-0.4360E+01|-0.9971E+00| 0.5742E+01| 0.1061E+01|
-------------------------------------------------
|-0.4350E+01|-0.9971E+00| 0.5742E+01| 0.1061E+01|
-------------------------------------------------
|-0.4340E+01|-0.9971E+00| 0.5742E+01| 0.1061E+01|
-------------------------------------------------
|-0.4330E+01|-0.9971E+00| 0.5742E+01| 0.1061E+01|
-------------------------------------------------
|-0.4320E+01|-0.9972E+00| 0.5742E+01| 0.1061E+01|
-------------------------------------------------
|-0.4310E+01|-0.9972E+00| 0.5742E+01| 0.1061E+01|
-------------------------------------------------
|-0.4300E+01|-0.9972E+00| 0.5743E+01| 0.1061E+01|
-------------------------------------------------
|-0.4290E+01|-0.9972E+00| 0.5743E+01| 0.1061E+01|
-------------------------------------------------
|-0.4280E+01|-0.9972E+00| 0.5743E+01| 0.1061E+01|
-------------------------------------------------
|-0.4270E+01|-0.9972E+00| 0.5743E+01| 0.1061E+01|
-------------------------------------------------
|-0.4260E+01|-0.9972E+00| 0.5743E+01| 0.1061E+01|
-------------------------------------------------
|-0.4250E+01|-0.9973E+00| 0.5743E+01| 0.1061E+01|
-------------------------------------------------
|-0.4240E+01|-0.9973E+00| 0.5743E+01| 0.1061E+01|
-------------------------------------------------
|-0.4230E+01|-0.9973E+00| 0.5743E+01| 0.1061E+01|
-------------------------------------------------
|-0.4220E+01|-0.9973E+00| 0.5743E+01| 0.1061E+01|
-------------------------------------------------
|-0.4210E+01|-0.9973E+00| 0.5743E+01| 0.1061E+01|
-------------------------------------------------
|-0.4200E+01|-0.9973E+00| 0.5743E+01| 0.1061E+01|
-------------------------------------------------
|-0.4190E+01|-0.9973E+00| 0.5743E+01| 0.1061E+01|
-------------------------------------------------
|-0.4180E+01|-0.9973E+00| 0.5743E+01| 0.1061E+01|
-------------------------------------------------
|-0.4170E+01|-0.9974E+00| 0.5744E+01| 0.1061E+01|
-------------------------------------------------
|-0.4160E+01|-0.9974E+00| 0.5744E+01| 0.1061E+01|
-------------------------------------------------
|-0.4150E+01|-0.9974E+00| 0.5744E+01| 0.1061E+01|
-------------------------------------------------
|-0.4140E+01|-0.9974E+00| 0.5744E+01| 0.1061E+01|
-------------------------------------------------
|-0.4130E+01|-0.9974E+00| 0.5744E+01| 0.1061E+01|
-------------------------------------------------
|-0.4120E+01|-0.9974E+00| 0.5744E+01| 0.1061E+01|
-------------------------------------------------
|-0.4110E+01|-0.9974E+00| 0.5744E+01| 0.1061E+01|
-------------------------------------------------
|-0.4100E+01|-0.9974E+00| 0.5744E+01| 0.1061E+01|
-------------------------------------------------
|-0.4090E+01|-0.9975E+00| 0.5744E+01| 0.1061E+01|
-------------------------------------------------
|-0.4080E+01|-0.9975E+00| 0.5744E+01| 0.1061E+01|
-------------------------------------------------
|-0.4070E+01|-0.9975E+00| 0.5744E+01| 0.1061E+01|
-------------------------------------------------
|-0.4060E+01|-0.9975E+00| 0.5744E+01| 0.1062E+01|
-------------------------------------------------
|-0.4050E+01|-0.9975E+00| 0.5744E+01| 0.1062E+01|
-------------------------------------------------
|-0.4040E+01|-0.9975E+00| 0.5744E+01| 0.1062E+01|
-------------------------------------------------
|-0.4030E+01|-0.9975E+00| 0.5745E+01| 0.1062E+01|
-------------------------------------------------
|-0.4020E+01|-0.9975E+00| 0.5745E+01| 0.1062E+01|
-------------------------------------------------
|-0.4010E+01|-0.9976E+00| 0.5745E+01| 0.1062E+01|
-------------------------------------------------
|-0.4000E+01|-0.9976E+00| 0.5745E+01| 0.1062E+01|
-------------------------------------------------
|-0.3990E+01|-0.9976E+00| 0.5745E+01| 0.1062E+01|
-------------------------------------------------
|-0.3980E+01|-0.9976E+00| 0.5745E+01| 0.1062E+01|
-------------------------------------------------
|-0.3970E+01|-0.9976E+00| 0.5745E+01| 0.1062E+01|
-------------------------------------------------
|-0.3960E+01|-0.9976E+00| 0.5745E+01| 0.1062E+01|
-------------------------------------------------
|-0.3950E+01|-0.9976E+00| 0.5745E+01| 0.1062E+01|
-------------------------------------------------
|-0.3940E+01|-0.9976E+00| 0.5745E+01| 0.1062E+01|
-------------------------------------------------
|-0.3930E+01|-0.9976E+00| 0.5745E+01| 0.1062E+01|
-------------------------------------------------
|-0.3920E+01|-0.9977E+00| 0.5745E+01| 0.1062E+01|
-------------------------------------------------
|-0.3910E+01|-0.9977E+00| 0.5745E+01| 0.1062E+01|
-------------------------------------------------
|-0.3900E+01|-0.9977E+00| 0.5745E+01| 0.1062E+01|
-------------------------------------------------
|-0.3890E+01|-0.9977E+00| 0.5746E+01| 0.1062E+01|
-------------------------------------------------
|-0.3880E+01|-0.9977E+00| 0.5746E+01| 0.1062E+01|
-------------------------------------------------
|-0.3870E+01|-0.9977E+00| 0.5746E+01| 0.1062E+01|
-------------------------------------------------
|-0.3860E+01|-0.9977E+00| 0.5746E+01| 0.1062E+01|
-------------------------------------------------
|-0.3850E+01|-0.9977E+00| 0.5746E+01| 0.1062E+01|
-------------------------------------------------
|-0.3840E+01|-0.9978E+00| 0.5746E+01| 0.1062E+01|
-------------------------------------------------
|-0.3830E+01|-0.9978E+00| 0.5746E+01| 0.1062E+01|
-------------------------------------------------
|-0.3820E+01|-0.9978E+00| 0.5746E+01| 0.1062E+01|
-------------------------------------------------
|-0.3810E+01|-0.9978E+00| 0.5746E+01| 0.1062E+01|
-------------------------------------------------
|-0.3800E+01|-0.9978E+00| 0.5746E+01| 0.1062E+01|
-------------------------------------------------
|-0.3790E+01|-0.9978E+00| 0.5746E+01| 0.1062E+01|
-------------------------------------------------
|-0.3780E+01|-0.9978E+00| 0.5746E+01| 0.1062E+01|
-------------------------------------------------
|-0.3770E+01|-0.9978E+00| 0.5746E+01| 0.1062E+01|
-------------------------------------------------
|-0.3760E+01|-0.9978E+00| 0.5746E+01| 0.1062E+01|
-------------------------------------------------
|-0.3750E+01|-0.9979E+00| 0.5746E+01| 0.1062E+01|
-------------------------------------------------
|-0.3740E+01|-0.9979E+00| 0.5747E+01| 0.1062E+01|
-------------------------------------------------
|-0.3730E+01|-0.9979E+00| 0.5747E+01| 0.1062E+01|
-------------------------------------------------
|-0.3720E+01|-0.9979E+00| 0.5747E+01| 0.1062E+01|
-------------------------------------------------
|-0.3710E+01|-0.9979E+00| 0.5747E+01| 0.1062E+01|
-------------------------------------------------
|-0.3700E+01|-0.9979E+00| 0.5747E+01| 0.1062E+01|
-------------------------------------------------
|-0.3690E+01|-0.9979E+00| 0.5747E+01| 0.1062E+01|
-------------------------------------------------
|-0.3680E+01|-0.9979E+00| 0.5747E+01| 0.1062E+01|
-------------------------------------------------
|-0.3670E+01|-0.9979E+00| 0.5747E+01| 0.1062E+01|
-------------------------------------------------
|-0.3660E+01|-0.9980E+00| 0.5747E+01| 0.1062E+01|
-------------------------------------------------
|-0.3650E+01|-0.9980E+00| 0.5747E+01| 0.1062E+01|
-------------------------------------------------
|-0.3640E+01|-0.9980E+00| 0.5747E+01| 0.1062E+01|
-------------------------------------------------
|-0.3630E+01|-0.9980E+00| 0.5747E+01| 0.1062E+01|
-------------------------------------------------
|-0.3620E+01|-0.9980E+00| 0.5747E+01| 0.1062E+01|
-------------------------------------------------
|-0.3610E+01|-0.9980E+00| 0.5747E+01| 0.1062E+01|
-------------------------------------------------
|-0.3600E+01|-0.9980E+00| 0.5747E+01| 0.1062E+01|
-------------------------------------------------
|-0.3590E+01|-0.9980E+00| 0.5747E+01| 0.1062E+01|
-------------------------------------------------
|-0.3580E+01|-0.9980E+00| 0.5748E+01| 0.1062E+01|
-------------------------------------------------
|-0.3570E+01|-0.9981E+00| 0.5748E+01| 0.1062E+01|
-------------------------------------------------
|-0.3560E+01|-0.9981E+00| 0.5748E+01| 0.1062E+01|
-------------------------------------------------
|-0.3550E+01|-0.9981E+00| 0.5748E+01| 0.1062E+01|
-------------------------------------------------
|-0.3540E+01|-0.9981E+00| 0.5748E+01| 0.1062E+01|
-------------------------------------------------
|-0.3530E+01|-0.9981E+00| 0.5748E+01| 0.1062E+01|
-------------------------------------------------
|-0.3520E+01|-0.9981E+00| 0.5748E+01| 0.1062E+01|
-------------------------------------------------
|-0.3510E+01|-0.9981E+00| 0.5748E+01| 0.1062E+01|
-------------------------------------------------
|-0.3500E+01|-0.9981E+00| 0.5748E+01| 0.1062E+01|
-------------------------------------------------
|-0.3490E+01|-0.9981E+00| 0.5748E+01| 0.1062E+01|
-------------------------------------------------
|-0.3480E+01|-0.9982E+00| 0.5748E+01| 0.1062E+01|
-------------------------------------------------
|-0.3470E+01|-0.9982E+00| 0.5748E+01| 0.1062E+01|
-------------------------------------------------
|-0.3460E+01|-0.9982E+00| 0.5748E+01| 0.1062E+01|
-------------------------------------------------
|-0.3450E+01|-0.9982E+00| 0.5748E+01| 0.1062E+01|
-------------------------------------------------
|-0.3440E+01|-0.9982E+00| 0.5748E+01| 0.1062E+01|
-------------------------------------------------
|-0.3430E+01|-0.9982E+00| 0.5748E+01| 0.1062E+01|
-------------------------------------------------
|-0.3420E+01|-0.9982E+00| 0.5749E+01| 0.1062E+01|
-------------------------------------------------
|-0.3410E+01|-0.9982E+00| 0.5749E+01| 0.1062E+01|
-------------------------------------------------
|-0.3400E+01|-0.9982E+00| 0.5749E+01| 0.1062E+01|
-------------------------------------------------
|-0.3390E+01|-0.9983E+00| 0.5749E+01| 0.1062E+01|
-------------------------------------------------
|-0.3380E+01|-0.9983E+00| 0.5749E+01| 0.1062E+01|
-------------------------------------------------
|-0.3370E+01|-0.9983E+00| 0.5749E+01| 0.1062E+01|
-------------------------------------------------
|-0.3360E+01|-0.9983E+00| 0.5749E+01| 0.1062E+01|
-------------------------------------------------
|-0.3350E+01|-0.9983E+00| 0.5749E+01| 0.1062E+01|
-------------------------------------------------
|-0.3340E+01|-0.9983E+00| 0.5749E+01| 0.1062E+01|
-------------------------------------------------
|-0.3330E+01|-0.9983E+00| 0.5749E+01| 0.1062E+01|
-------------------------------------------------
|-0.3320E+01|-0.9983E+00| 0.5749E+01| 0.1062E+01|
-------------------------------------------------
|-0.3310E+01|-0.9983E+00| 0.5749E+01| 0.1062E+01|
-------------------------------------------------
|-0.3300E+01|-0.9983E+00| 0.5749E+01| 0.1062E+01|
-------------------------------------------------
|-0.3290E+01|-0.9984E+00| 0.5749E+01| 0.1062E+01|
-------------------------------------------------
|-0.3280E+01|-0.9984E+00| 0.5749E+01| 0.1062E+01|
-------------------------------------------------
|-0.3270E+01|-0.9984E+00| 0.5749E+01| 0.1062E+01|
-------------------------------------------------
|-0.3260E+01|-0.9984E+00| 0.5749E+01| 0.1062E+01|
-------------------------------------------------
|-0.3250E+01|-0.9984E+00| 0.5750E+01| 0.1062E+01|
-------------------------------------------------
|-0.3240E+01|-0.9984E+00| 0.5750E+01| 0.1062E+01|
-------------------------------------------------
|-0.3230E+01|-0.9984E+00| 0.5750E+01| 0.1062E+01|
-------------------------------------------------
|-0.3220E+01|-0.9984E+00| 0.5750E+01| 0.1062E+01|
-------------------------------------------------
|-0.3210E+01|-0.9984E+00| 0.5750E+01| 0.1063E+01|
-------------------------------------------------
|-0.3200E+01|-0.9984E+00| 0.5750E+01| 0.1063E+01|
-------------------------------------------------
|-0.3190E+01|-0.9985E+00| 0.5750E+01| 0.1063E+01|
-------------------------------------------------
|-0.3180E+01|-0.9985E+00| 0.5750E+01| 0.1063E+01|
-------------------------------------------------
|-0.3170E+01|-0.9985E+00| 0.5750E+01| 0.1063E+01|
-------------------------------------------------
|-0.3160E+01|-0.9985E+00| 0.5750E+01| 0.1063E+01|
-------------------------------------------------
|-0.3150E+01|-0.9985E+00| 0.5750E+01| 0.1063E+01|
-------------------------------------------------
|-0.3140E+01|-0.9985E+00| 0.5750E+01| 0.1063E+01|
-------------------------------------------------
|-0.3130E+01|-0.9985E+00| 0.5750E+01| 0.1063E+01|
-------------------------------------------------
|-0.3120E+01|-0.9985E+00| 0.5750E+01| 0.1063E+01|
-------------------------------------------------
|-0.3110E+01|-0.9985E+00| 0.5750E+01| 0.1063E+01|
-------------------------------------------------
|-0.3100E+01|-0.9985E+00| 0.5750E+01| 0.1063E+01|
-------------------------------------------------
|-0.3090E+01|-0.9985E+00| 0.5750E+01| 0.1063E+01|
-------------------------------------------------
|-0.3080E+01|-0.9986E+00| 0.5750E+01| 0.1063E+01|
-------------------------------------------------
|-0.3070E+01|-0.9986E+00| 0.5751E+01| 0.1063E+01|
-------------------------------------------------
|-0.3060E+01|-0.9986E+00| 0.5751E+01| 0.1063E+01|
-------------------------------------------------
|-0.3050E+01|-0.9986E+00| 0.5751E+01| 0.1063E+01|
-------------------------------------------------
|-0.3040E+01|-0.9986E+00| 0.5751E+01| 0.1063E+01|
-------------------------------------------------
|-0.3030E+01|-0.9986E+00| 0.5751E+01| 0.1063E+01|
-------------------------------------------------
|-0.3020E+01|-0.9986E+00| 0.5751E+01| 0.1063E+01|
-------------------------------------------------
|-0.3010E+01|-0.9986E+00| 0.5751E+01| 0.1063E+01|
-------------------------------------------------
|-0.3000E+01|-0.9986E+00| 0.5751E+01| 0.1063E+01|
-------------------------------------------------
|-0.2990E+01|-0.9986E+00| 0.5751E+01| 0.1063E+01|
-------------------------------------------------
|-0.2980E+01|-0.9986E+00| 0.5751E+01| 0.1063E+01|
-------------------------------------------------
|-0.2970E+01|-0.9987E+00| 0.5751E+01| 0.1063E+01|
-------------------------------------------------
|-0.2960E+01|-0.9987E+00| 0.5751E+01| 0.1063E+01|
-------------------------------------------------
|-0.2950E+01|-0.9987E+00| 0.5751E+01| 0.1063E+01|
-------------------------------------------------
|-0.2940E+01|-0.9987E+00| 0.5751E+01| 0.1063E+01|
-------------------------------------------------
|-0.2930E+01|-0.9987E+00| 0.5751E+01| 0.1063E+01|
-------------------------------------------------
|-0.2920E+01|-0.9987E+00| 0.5751E+01| 0.1063E+01|
-------------------------------------------------
|-0.2910E+01|-0.9987E+00| 0.5751E+01| 0.1063E+01|
-------------------------------------------------
|-0.2900E+01|-0.9987E+00| 0.5751E+01| 0.1063E+01|
-------------------------------------------------
|-0.2890E+01|-0.9987E+00| 0.5751E+01| 0.1063E+01|
-------------------------------------------------
|-0.2880E+01|-0.9987E+00| 0.5751E+01| 0.1063E+01|
-------------------------------------------------
|-0.2870E+01|-0.9987E+00| 0.5752E+01| 0.1063E+01|
-------------------------------------------------
|-0.2860E+01|-0.9988E+00| 0.5752E+01| 0.1063E+01|
-------------------------------------------------
|-0.2850E+01|-0.9988E+00| 0.5752E+01| 0.1063E+01|
-------------------------------------------------
|-0.2840E+01|-0.9988E+00| 0.5752E+01| 0.1063E+01|
-------------------------------------------------
|-0.2830E+01|-0.9988E+00| 0.5752E+01| 0.1063E+01|
-------------------------------------------------
|-0.2820E+01|-0.9988E+00| 0.5752E+01| 0.1063E+01|
-------------------------------------------------
|-0.2810E+01|-0.9988E+00| 0.5752E+01| 0.1063E+01|
-------------------------------------------------
|-0.2800E+01|-0.9988E+00| 0.5752E+01| 0.1063E+01|
-------------------------------------------------
|-0.2790E+01|-0.9988E+00| 0.5752E+01| 0.1063E+01|
-------------------------------------------------
|-0.2780E+01|-0.9988E+00| 0.5752E+01| 0.1063E+01|
-------------------------------------------------
|-0.2770E+01|-0.9988E+00| 0.5752E+01| 0.1063E+01|
-------------------------------------------------
|-0.2760E+01|-0.9988E+00| 0.5752E+01| 0.1063E+01|
-------------------------------------------------
|-0.2750E+01|-0.9988E+00| 0.5752E+01| 0.1063E+01|
-------------------------------------------------
|-0.2740E+01|-0.9989E+00| 0.5752E+01| 0.1063E+01|
-------------------------------------------------
|-0.2730E+01|-0.9989E+00| 0.5752E+01| 0.1063E+01|
-------------------------------------------------
|-0.2720E+01|-0.9989E+00| 0.5752E+01| 0.1063E+01|
-------------------------------------------------
|-0.2710E+01|-0.9989E+00| 0.5752E+01| 0.1063E+01|
-------------------------------------------------
|-0.2700E+01|-0.9989E+00| 0.5752E+01| 0.1063E+01|
-------------------------------------------------
|-0.2690E+01|-0.9989E+00| 0.5752E+01| 0.1063E+01|
-------------------------------------------------
|-0.2680E+01|-0.9989E+00| 0.5752E+01| 0.1063E+01|
-------------------------------------------------
|-0.2670E+01|-0.9989E+00| 0.5753E+01| 0.1063E+01|
-------------------------------------------------
|-0.2660E+01|-0.9989E+00| 0.5753E+01| 0.1063E+01|
-------------------------------------------------
|-0.2650E+01|-0.9989E+00| 0.5753E+01| 0.1063E+01|
-------------------------------------------------
|-0.2640E+01|-0.9989E+00| 0.5753E+01| 0.1063E+01|
-------------------------------------------------
|-0.2630E+01|-0.9989E+00| 0.5753E+01| 0.1063E+01|
-------------------------------------------------
|-0.2620E+01|-0.9990E+00| 0.5753E+01| 0.1063E+01|
-------------------------------------------------
|-0.2610E+01|-0.9990E+00| 0.5753E+01| 0.1063E+01|
-------------------------------------------------
|-0.2600E+01|-0.9990E+00| 0.5753E+01| 0.1063E+01|
-------------------------------------------------
|-0.2590E+01|-0.9990E+00| 0.5753E+01| 0.1063E+01|
-------------------------------------------------
|-0.2580E+01|-0.9990E+00| 0.5753E+01| 0.1063E+01|
-------------------------------------------------
|-0.2570E+01|-0.9990E+00| 0.5753E+01| 0.1063E+01|
-------------------------------------------------
|-0.2560E+01|-0.9990E+00| 0.5753E+01| 0.1063E+01|
-------------------------------------------------
|-0.2550E+01|-0.9990E+00| 0.5753E+01| 0.1063E+01|
-------------------------------------------------
|-0.2540E+01|-0.9990E+00| 0.5753E+01| 0.1063E+01|
-------------------------------------------------
|-0.2530E+01|-0.9990E+00| 0.5753E+01| 0.1063E+01|
-------------------------------------------------
|-0.2520E+01|-0.9990E+00| 0.5753E+01| 0.1063E+01|
-------------------------------------------------
|-0.2510E+01|-0.9990E+00| 0.5753E+01| 0.1063E+01|
-------------------------------------------------
|-0.2500E+01|-0.9990E+00| 0.5753E+01| 0.1063E+01|
-------------------------------------------------
|-0.2490E+01|-0.9991E+00| 0.5753E+01| 0.1063E+01|
-------------------------------------------------
|-0.2480E+01|-0.9991E+00| 0.5753E+01| 0.1063E+01|
-------------------------------------------------
|-0.2470E+01|-0.9991E+00| 0.5753E+01| 0.1063E+01|
-------------------------------------------------
|-0.2460E+01|-0.9991E+00| 0.5753E+01| 0.1063E+01|
-------------------------------------------------
|-0.2450E+01|-0.9991E+00| 0.5754E+01| 0.1063E+01|
-------------------------------------------------
|-0.2440E+01|-0.9991E+00| 0.5754E+01| 0.1063E+01|
-------------------------------------------------
|-0.2430E+01|-0.9991E+00| 0.5754E+01| 0.1063E+01|
-------------------------------------------------
|-0.2420E+01|-0.9991E+00| 0.5754E+01| 0.1063E+01|
-------------------------------------------------
|-0.2410E+01|-0.9991E+00| 0.5754E+01| 0.1063E+01|
-------------------------------------------------
|-0.2400E+01|-0.9991E+00| 0.5754E+01| 0.1063E+01|
-------------------------------------------------
|-0.2390E+01|-0.9991E+00| 0.5754E+01| 0.1063E+01|
-------------------------------------------------
|-0.2380E+01|-0.9991E+00| 0.5754E+01| 0.1063E+01|
-------------------------------------------------
|-0.2370E+01|-0.9991E+00| 0.5754E+01| 0.1063E+01|
-------------------------------------------------
|-0.2360E+01|-0.9992E+00| 0.5754E+01| 0.1063E+01|
-------------------------------------------------
|-0.2350E+01|-0.9992E+00| 0.5754E+01| 0.1063E+01|
-------------------------------------------------
|-0.2340E+01|-0.9992E+00| 0.5754E+01| 0.1063E+01|
-------------------------------------------------
|-0.2330E+01|-0.9992E+00| 0.5754E+01| 0.1063E+01|
-------------------------------------------------
|-0.2320E+01|-0.9992E+00| 0.5754E+01| 0.1063E+01|
-------------------------------------------------
|-0.2310E+01|-0.9992E+00| 0.5754E+01| 0.1063E+01|
-------------------------------------------------
|-0.2300E+01|-0.9992E+00| 0.5754E+01| 0.1063E+01|
-------------------------------------------------
|-0.2290E+01|-0.9992E+00| 0.5754E+01| 0.1063E+01|
-------------------------------------------------
|-0.2280E+01|-0.9992E+00| 0.5754E+01| 0.1063E+01|
-------------------------------------------------
|-0.2270E+01|-0.9992E+00| 0.5754E+01| 0.1063E+01|
-------------------------------------------------
|-0.2260E+01|-0.9992E+00| 0.5754E+01| 0.1063E+01|
-------------------------------------------------
|-0.2250E+01|-0.9992E+00| 0.5754E+01| 0.1063E+01|
-------------------------------------------------
|-0.2240E+01|-0.9992E+00| 0.5754E+01| 0.1063E+01|
-------------------------------------------------
|-0.2230E+01|-0.9992E+00| 0.5754E+01| 0.1063E+01|
-------------------------------------------------
|-0.2220E+01|-0.9992E+00| 0.5754E+01| 0.1063E+01|
-------------------------------------------------
|-0.2210E+01|-0.9993E+00| 0.5754E+01| 0.1063E+01|
-------------------------------------------------
|-0.2200E+01|-0.9993E+00| 0.5755E+01| 0.1063E+01|
-------------------------------------------------
|-0.2190E+01|-0.9993E+00| 0.5755E+01| 0.1063E+01|
-------------------------------------------------
|-0.2180E+01|-0.9993E+00| 0.5755E+01| 0.1063E+01|
-------------------------------------------------
|-0.2170E+01|-0.9993E+00| 0.5755E+01| 0.1063E+01|
-------------------------------------------------
|-0.2160E+01|-0.9993E+00| 0.5755E+01| 0.1063E+01|
-------------------------------------------------
|-0.2150E+01|-0.9993E+00| 0.5755E+01| 0.1063E+01|
-------------------------------------------------
|-0.2140E+01|-0.9993E+00| 0.5755E+01| 0.1063E+01|
-------------------------------------------------
|-0.2130E+01|-0.9993E+00| 0.5755E+01| 0.1063E+01|
-------------------------------------------------
|-0.2120E+01|-0.9993E+00| 0.5755E+01| 0.1063E+01|
-------------------------------------------------
|-0.2110E+01|-0.9993E+00| 0.5755E+01| 0.1063E+01|
-------------------------------------------------
|-0.2100E+01|-0.9993E+00| 0.5755E+01| 0.1063E+01|
-------------------------------------------------
|-0.2090E+01|-0.9993E+00| 0.5755E+01| 0.1063E+01|
-------------------------------------------------
|-0.2080E+01|-0.9993E+00| 0.5755E+01| 0.1063E+01|
-------------------------------------------------
|-0.2070E+01|-0.9993E+00| 0.5755E+01| 0.1063E+01|
-------------------------------------------------
|-0.2060E+01|-0.9994E+00| 0.5755E+01| 0.1063E+01|
-------------------------------------------------
|-0.2050E+01|-0.9994E+00| 0.5755E+01| 0.1063E+01|
-------------------------------------------------
|-0.2040E+01|-0.9994E+00| 0.5755E+01| 0.1064E+01|
-------------------------------------------------
|-0.2030E+01|-0.9994E+00| 0.5755E+01| 0.1064E+01|
-------------------------------------------------
|-0.2020E+01|-0.9994E+00| 0.5755E+01| 0.1064E+01|
-------------------------------------------------
|-0.2010E+01|-0.9994E+00| 0.5755E+01| 0.1064E+01|
-------------------------------------------------
|-0.2000E+01|-0.9994E+00| 0.5755E+01| 0.1064E+01|
-------------------------------------------------
|-0.1990E+01|-0.9994E+00| 0.5755E+01| 0.1064E+01|
-------------------------------------------------
|-0.1980E+01|-0.9994E+00| 0.5755E+01| 0.1064E+01|
-------------------------------------------------
|-0.1970E+01|-0.9994E+00| 0.5755E+01| 0.1064E+01|
-------------------------------------------------
|-0.1960E+01|-0.9994E+00| 0.5755E+01| 0.1064E+01|
-------------------------------------------------
|-0.1950E+01|-0.9994E+00| 0.5755E+01| 0.1064E+01|
-------------------------------------------------
|-0.1940E+01|-0.9994E+00| 0.5755E+01| 0.1064E+01|
-------------------------------------------------
|-0.1930E+01|-0.9994E+00| 0.5756E+01| 0.1064E+01|
-------------------------------------------------
|-0.1920E+01|-0.9994E+00| 0.5756E+01| 0.1064E+01|
-------------------------------------------------
|-0.1910E+01|-0.9994E+00| 0.5756E+01| 0.1064E+01|
-------------------------------------------------
|-0.1900E+01|-0.9995E+00| 0.5756E+01| 0.1064E+01|
-------------------------------------------------
|-0.1890E+01|-0.9995E+00| 0.5756E+01| 0.1064E+01|
-------------------------------------------------
|-0.1880E+01|-0.9995E+00| 0.5756E+01| 0.1064E+01|
-------------------------------------------------
|-0.1870E+01|-0.9995E+00| 0.5756E+01| 0.1064E+01|
-------------------------------------------------
|-0.1860E+01|-0.9995E+00| 0.5756E+01| 0.1064E+01|
-------------------------------------------------
|-0.1850E+01|-0.9995E+00| 0.5756E+01| 0.1064E+01|
-------------------------------------------------
|-0.1840E+01|-0.9995E+00| 0.5756E+01| 0.1064E+01|
-------------------------------------------------
|-0.1830E+01|-0.9995E+00| 0.5756E+01| 0.1064E+01|
-------------------------------------------------
|-0.1820E+01|-0.9995E+00| 0.5756E+01| 0.1064E+01|
-------------------------------------------------
|-0.1810E+01|-0.9995E+00| 0.5756E+01| 0.1064E+01|
-------------------------------------------------
|-0.1800E+01|-0.9995E+00| 0.5756E+01| 0.1064E+01|
-------------------------------------------------
|-0.1790E+01|-0.9995E+00| 0.5756E+01| 0.1064E+01|
-------------------------------------------------
|-0.1780E+01|-0.9995E+00| 0.5756E+01| 0.1064E+01|
-------------------------------------------------
|-0.1770E+01|-0.9995E+00| 0.5756E+01| 0.1064E+01|
-------------------------------------------------
|-0.1760E+01|-0.9995E+00| 0.5756E+01| 0.1064E+01|
-------------------------------------------------
|-0.1750E+01|-0.9995E+00| 0.5756E+01| 0.1064E+01|
-------------------------------------------------
|-0.1740E+01|-0.9995E+00| 0.5756E+01| 0.1064E+01|
-------------------------------------------------
|-0.1730E+01|-0.9995E+00| 0.5756E+01| 0.1064E+01|
-------------------------------------------------
|-0.1720E+01|-0.9995E+00| 0.5756E+01| 0.1064E+01|
-------------------------------------------------
|-0.1710E+01|-0.9996E+00| 0.5756E+01| 0.1064E+01|
-------------------------------------------------
|-0.1700E+01|-0.9996E+00| 0.5756E+01| 0.1064E+01|
-------------------------------------------------
|-0.1690E+01|-0.9996E+00| 0.5756E+01| 0.1064E+01|
-------------------------------------------------
|-0.1680E+01|-0.9996E+00| 0.5756E+01| 0.1064E+01|
-------------------------------------------------
|-0.1670E+01|-0.9996E+00| 0.5756E+01| 0.1064E+01|
-------------------------------------------------
|-0.1660E+01|-0.9996E+00| 0.5756E+01| 0.1064E+01|
-------------------------------------------------
|-0.1650E+01|-0.9996E+00| 0.5756E+01| 0.1064E+01|
-------------------------------------------------
|-0.1640E+01|-0.9996E+00| 0.5756E+01| 0.1064E+01|
-------------------------------------------------
|-0.1630E+01|-0.9996E+00| 0.5756E+01| 0.1064E+01|
-------------------------------------------------
|-0.1620E+01|-0.9996E+00| 0.5756E+01| 0.1064E+01|
-------------------------------------------------
|-0.1610E+01|-0.9996E+00| 0.5756E+01| 0.1064E+01|
-------------------------------------------------
|-0.1600E+01|-0.9996E+00| 0.5757E+01| 0.1064E+01|
-------------------------------------------------
|-0.1590E+01|-0.9996E+00| 0.5757E+01| 0.1064E+01|
-------------------------------------------------
|-0.1580E+01|-0.9996E+00| 0.5757E+01| 0.1064E+01|
-------------------------------------------------
|-0.1570E+01|-0.9996E+00| 0.5757E+01| 0.1064E+01|
-------------------------------------------------
|-0.1560E+01|-0.9996E+00| 0.5757E+01| 0.1064E+01|
-------------------------------------------------
|-0.1550E+01|-0.9996E+00| 0.5757E+01| 0.1064E+01|
-------------------------------------------------
|-0.1540E+01|-0.9996E+00| 0.5757E+01| 0.1064E+01|
-------------------------------------------------
|-0.1530E+01|-0.9996E+00| 0.5757E+01| 0.1064E+01|
-------------------------------------------------
|-0.1520E+01|-0.9996E+00| 0.5757E+01| 0.1064E+01|
-------------------------------------------------
|-0.1510E+01|-0.9997E+00| 0.5757E+01| 0.1064E+01|
-------------------------------------------------
|-0.1500E+01|-0.9997E+00| 0.5757E+01| 0.1064E+01|
-------------------------------------------------
|-0.1490E+01|-0.9997E+00| 0.5757E+01| 0.1064E+01|
-------------------------------------------------
|-0.1480E+01|-0.9997E+00| 0.5757E+01| 0.1064E+01|
-------------------------------------------------
|-0.1470E+01|-0.9997E+00| 0.5757E+01| 0.1064E+01|
-------------------------------------------------
|-0.1460E+01|-0.9997E+00| 0.5757E+01| 0.1064E+01|
-------------------------------------------------
|-0.1450E+01|-0.9997E+00| 0.5757E+01| 0.1064E+01|
-------------------------------------------------
|-0.1440E+01|-0.9997E+00| 0.5757E+01| 0.1064E+01|
-------------------------------------------------
|-0.1430E+01|-0.9997E+00| 0.5757E+01| 0.1064E+01|
-------------------------------------------------
|-0.1420E+01|-0.9997E+00| 0.5757E+01| 0.1064E+01|
-------------------------------------------------
|-0.1410E+01|-0.9997E+00| 0.5757E+01| 0.1064E+01|
-------------------------------------------------
|-0.1400E+01|-0.9997E+00| 0.5757E+01| 0.1064E+01|
-------------------------------------------------
|-0.1390E+01|-0.9997E+00| 0.5757E+01| 0.1064E+01|
-------------------------------------------------
|-0.1380E+01|-0.9997E+00| 0.5757E+01| 0.1064E+01|
-------------------------------------------------
|-0.1370E+01|-0.9997E+00| 0.5757E+01| 0.1064E+01|
-------------------------------------------------
|-0.1360E+01|-0.9997E+00| 0.5757E+01| 0.1064E+01|
-------------------------------------------------
|-0.1350E+01|-0.9997E+00| 0.5757E+01| 0.1064E+01|
-------------------------------------------------
|-0.1340E+01|-0.9997E+00| 0.5757E+01| 0.1064E+01|
-------------------------------------------------
|-0.1330E+01|-0.9997E+00| 0.5757E+01| 0.1064E+01|
-------------------------------------------------
|-0.1320E+01|-0.9997E+00| 0.5757E+01| 0.1064E+01|
-------------------------------------------------
|-0.1310E+01|-0.9997E+00| 0.5757E+01| 0.1064E+01|
-------------------------------------------------
|-0.1300E+01|-0.9997E+00| 0.5757E+01| 0.1064E+01|
-------------------------------------------------
|-0.1290E+01|-0.9997E+00| 0.5757E+01| 0.1064E+01|
-------------------------------------------------
|-0.1280E+01|-0.9998E+00| 0.5757E+01| 0.1064E+01|
-------------------------------------------------
|-0.1270E+01|-0.9998E+00| 0.5757E+01| 0.1064E+01|
-------------------------------------------------
|-0.1260E+01|-0.9998E+00| 0.5757E+01| 0.1064E+01|
-------------------------------------------------
|-0.1250E+01|-0.9998E+00| 0.5757E+01| 0.1064E+01|
-------------------------------------------------
|-0.1240E+01|-0.9998E+00| 0.5757E+01| 0.1064E+01|
-------------------------------------------------
|-0.1230E+01|-0.9998E+00| 0.5757E+01| 0.1064E+01|
-------------------------------------------------
|-0.1220E+01|-0.9998E+00| 0.5757E+01| 0.1064E+01|
-------------------------------------------------
|-0.1210E+01|-0.9998E+00| 0.5757E+01| 0.1064E+01|
-------------------------------------------------
|-0.1200E+01|-0.9998E+00| 0.5758E+01| 0.1064E+01|
-------------------------------------------------
|-0.1190E+01|-0.9998E+00| 0.5758E+01| 0.1064E+01|
-------------------------------------------------
|-0.1180E+01|-0.9998E+00| 0.5758E+01| 0.1064E+01|
-------------------------------------------------
|-0.1170E+01|-0.9998E+00| 0.5758E+01| 0.1064E+01|
-------------------------------------------------
|-0.1160E+01|-0.9998E+00| 0.5758E+01| 0.1064E+01|
-------------------------------------------------
|-0.1150E+01|-0.9998E+00| 0.5758E+01| 0.1064E+01|
-------------------------------------------------
|-0.1140E+01|-0.9998E+00| 0.5758E+01| 0.1064E+01|
-------------------------------------------------
|-0.1130E+01|-0.9998E+00| 0.5758E+01| 0.1064E+01|
-------------------------------------------------
|-0.1120E+01|-0.9998E+00| 0.5758E+01| 0.1064E+01|
-------------------------------------------------
|-0.1110E+01|-0.9998E+00| 0.5758E+01| 0.1064E+01|
-------------------------------------------------
|-0.1100E+01|-0.9998E+00| 0.5758E+01| 0.1064E+01|
-------------------------------------------------
|-0.1090E+01|-0.9998E+00| 0.5758E+01| 0.1064E+01|
-------------------------------------------------
|-0.1080E+01|-0.9998E+00| 0.5758E+01| 0.1064E+01|
-------------------------------------------------
|-0.1070E+01|-0.9998E+00| 0.5758E+01| 0.1064E+01|
-------------------------------------------------
|-0.1060E+01|-0.9998E+00| 0.5758E+01| 0.1064E+01|
-------------------------------------------------
|-0.1050E+01|-0.9998E+00| 0.5758E+01| 0.1064E+01|
-------------------------------------------------
|-0.1040E+01|-0.9998E+00| 0.5758E+01| 0.1064E+01|
-------------------------------------------------
|-0.1030E+01|-0.9998E+00| 0.5758E+01| 0.1064E+01|
-------------------------------------------------
|-0.1020E+01|-0.9998E+00| 0.5758E+01| 0.1064E+01|
-------------------------------------------------
|-0.1010E+01|-0.9998E+00| 0.5758E+01| 0.1064E+01|
-------------------------------------------------
|-0.1000E+01|-0.9998E+00| 0.5758E+01| 0.1064E+01|
-------------------------------------------------
|-0.9900E+00|-0.9999E+00| 0.5758E+01| 0.1064E+01|
-------------------------------------------------
|-0.9800E+00|-0.9999E+00| 0.5758E+01| 0.1064E+01|
-------------------------------------------------
|-0.9700E+00|-0.9999E+00| 0.5758E+01| 0.1064E+01|
-------------------------------------------------
|-0.9600E+00|-0.9999E+00| 0.5758E+01| 0.1064E+01|
-------------------------------------------------
|-0.9500E+00|-0.9999E+00| 0.5758E+01| 0.1064E+01|
-------------------------------------------------
|-0.9400E+00|-0.9999E+00| 0.5758E+01| 0.1064E+01|
-------------------------------------------------
|-0.9300E+00|-0.9999E+00| 0.5758E+01| 0.1064E+01|
-------------------------------------------------
|-0.9200E+00|-0.9999E+00| 0.5758E+01| 0.1064E+01|
-------------------------------------------------
|-0.9100E+00|-0.9999E+00| 0.5758E+01| 0.1064E+01|
-------------------------------------------------
|-0.9000E+00|-0.9999E+00| 0.5758E+01| 0.1064E+01|
-------------------------------------------------
|-0.8900E+00|-0.9999E+00| 0.5758E+01| 0.1064E+01|
-------------------------------------------------
|-0.8800E+00|-0.9999E+00| 0.5758E+01| 0.1064E+01|
-------------------------------------------------
|-0.8700E+00|-0.9999E+00| 0.5758E+01| 0.1064E+01|
-------------------------------------------------
|-0.8600E+00|-0.9999E+00| 0.5758E+01| 0.1064E+01|
-------------------------------------------------
|-0.8500E+00|-0.9999E+00| 0.5758E+01| 0.1064E+01|
-------------------------------------------------
|-0.8400E+00|-0.9999E+00| 0.5758E+01| 0.1064E+01|
-------------------------------------------------
|-0.8300E+00|-0.9999E+00| 0.5758E+01| 0.1064E+01|
-------------------------------------------------
|-0.8200E+00|-0.9999E+00| 0.5758E+01| 0.1064E+01|
-------------------------------------------------
|-0.8100E+00|-0.9999E+00| 0.5758E+01| 0.1064E+01|
-------------------------------------------------
|-0.8000E+00|-0.9999E+00| 0.5758E+01| 0.1064E+01|
-------------------------------------------------
|-0.7900E+00|-0.9999E+00| 0.5758E+01| 0.1064E+01|
-------------------------------------------------
|-0.7800E+00|-0.9999E+00| 0.5758E+01| 0.1064E+01|
-------------------------------------------------
|-0.7700E+00|-0.9999E+00| 0.5758E+01| 0.1064E+01|
-------------------------------------------------
|-0.7600E+00|-0.9999E+00| 0.5758E+01| 0.1064E+01|
-------------------------------------------------
|-0.7500E+00|-0.9999E+00| 0.5758E+01| 0.1064E+01|
-------------------------------------------------
|-0.7400E+00|-0.9999E+00| 0.5758E+01| 0.1064E+01|
-------------------------------------------------
|-0.7300E+00|-0.9999E+00| 0.5758E+01| 0.1064E+01|
-------------------------------------------------
|-0.7200E+00|-0.9999E+00| 0.5758E+01| 0.1064E+01|
-------------------------------------------------
|-0.7100E+00|-0.9999E+00| 0.5758E+01| 0.1064E+01|
-------------------------------------------------
|-0.7000E+00|-0.9999E+00| 0.5758E+01| 0.1064E+01|
-------------------------------------------------
|-0.6900E+00|-0.9999E+00| 0.5758E+01| 0.1064E+01|
-------------------------------------------------
|-0.6800E+00|-0.9999E+00| 0.5758E+01| 0.1064E+01|
-------------------------------------------------
|-0.6700E+00|-0.9999E+00| 0.5758E+01| 0.1064E+01|
-------------------------------------------------
|-0.6600E+00|-0.9999E+00| 0.5758E+01| 0.1064E+01|
-------------------------------------------------
|-0.6500E+00|-0.9999E+00| 0.5758E+01| 0.1064E+01|
-------------------------------------------------
|-0.6400E+00|-0.9999E+00| 0.5758E+01| 0.1064E+01|
-------------------------------------------------
|-0.6300E+00|-0.9999E+00| 0.5758E+01| 0.1064E+01|
-------------------------------------------------
|-0.6200E+00|-0.9999E+00| 0.5758E+01| 0.1064E+01|
-------------------------------------------------
|-0.6100E+00|-0.9999E+00| 0.5758E+01| 0.1064E+01|
-------------------------------------------------
|-0.6000E+00|-0.9999E+00| 0.5758E+01| 0.1064E+01|
-------------------------------------------------
|-0.5900E+00|-0.9999E+00| 0.5758E+01| 0.1064E+01|
-------------------------------------------------
|-0.5800E+00|-0.9999E+00| 0.5758E+01| 0.1064E+01|
-------------------------------------------------
|-0.5700E+00|-0.1000E+01| 0.5758E+01| 0.1064E+01|
-------------------------------------------------
|-0.5600E+00|-0.1000E+01| 0.5758E+01| 0.1064E+01|
-------------------------------------------------
|-0.5500E+00|-0.1000E+01| 0.5759E+01| 0.1064E+01|
-------------------------------------------------
|-0.5400E+00|-0.1000E+01| 0.5759E+01| 0.1064E+01|
-------------------------------------------------
|-0.5300E+00|-0.1000E+01| 0.5759E+01| 0.1064E+01|
-------------------------------------------------
|-0.5200E+00|-0.1000E+01| 0.5759E+01| 0.1064E+01|
-------------------------------------------------
|-0.5100E+00|-0.1000E+01| 0.5759E+01| 0.1064E+01|
-------------------------------------------------
|-0.5000E+00|-0.1000E+01| 0.5759E+01| 0.1064E+01|
-------------------------------------------------
|-0.4900E+00|-0.1000E+01| 0.5759E+01| 0.1064E+01|
-------------------------------------------------
|-0.4800E+00|-0.1000E+01| 0.5759E+01| 0.1064E+01|
-------------------------------------------------
|-0.4700E+00|-0.1000E+01| 0.5759E+01| 0.1064E+01|
-------------------------------------------------
|-0.4600E+00|-0.1000E+01| 0.5759E+01| 0.1064E+01|
-------------------------------------------------
|-0.4500E+00|-0.1000E+01| 0.5759E+01| 0.1064E+01|
-------------------------------------------------
|-0.4400E+00|-0.1000E+01| 0.5759E+01| 0.1064E+01|
-------------------------------------------------
|-0.4300E+00|-0.1000E+01| 0.5759E+01| 0.1064E+01|
-------------------------------------------------
|-0.4200E+00|-0.1000E+01| 0.5759E+01| 0.1064E+01|
-------------------------------------------------
|-0.4100E+00|-0.1000E+01| 0.5759E+01| 0.1064E+01|
-------------------------------------------------
|-0.4000E+00|-0.1000E+01| 0.5759E+01| 0.1064E+01|
-------------------------------------------------
|-0.3900E+00|-0.1000E+01| 0.5759E+01| 0.1064E+01|
-------------------------------------------------
|-0.3800E+00|-0.1000E+01| 0.5759E+01| 0.1064E+01|
-------------------------------------------------
|-0.3700E+00|-0.1000E+01| 0.5759E+01| 0.1064E+01|
-------------------------------------------------
|-0.3600E+00|-0.1000E+01| 0.5759E+01| 0.1064E+01|
-------------------------------------------------
|-0.3500E+00|-0.1000E+01| 0.5759E+01| 0.1064E+01|
-------------------------------------------------
|-0.3400E+00|-0.1000E+01| 0.5759E+01| 0.1064E+01|
-------------------------------------------------
|-0.3300E+00|-0.1000E+01| 0.5759E+01| 0.1064E+01|
-------------------------------------------------
|-0.3200E+00|-0.1000E+01| 0.5759E+01| 0.1064E+01|
-------------------------------------------------
|-0.3100E+00|-0.1000E+01| 0.5759E+01| 0.1064E+01|
-------------------------------------------------
|-0.3000E+00|-0.1000E+01| 0.5759E+01| 0.1064E+01|
-------------------------------------------------
|-0.2900E+00|-0.1000E+01| 0.5759E+01| 0.1064E+01|
-------------------------------------------------
|-0.2800E+00|-0.1000E+01| 0.5759E+01| 0.1064E+01|
-------------------------------------------------
|-0.2700E+00|-0.1000E+01| 0.5759E+01| 0.1064E+01|
-------------------------------------------------
|-0.2600E+00|-0.1000E+01| 0.5759E+01| 0.1064E+01|
-------------------------------------------------
|-0.2500E+00|-0.1000E+01| 0.5759E+01| 0.1064E+01|
-------------------------------------------------
|-0.2400E+00|-0.1000E+01| 0.5759E+01| 0.1064E+01|
-------------------------------------------------
|-0.2300E+00|-0.1000E+01| 0.5759E+01| 0.1064E+01|
-------------------------------------------------
|-0.2200E+00|-0.1000E+01| 0.5759E+01| 0.1064E+01|
-------------------------------------------------
|-0.2100E+00|-0.1000E+01| 0.5759E+01| 0.1064E+01|
-------------------------------------------------
|-0.2000E+00|-0.1000E+01| 0.5759E+01| 0.1064E+01|
-------------------------------------------------
|-0.1900E+00|-0.1000E+01| 0.5759E+01| 0.1064E+01|
-------------------------------------------------
|-0.1800E+00|-0.1000E+01| 0.5759E+01| 0.1064E+01|
-------------------------------------------------
|-0.1700E+00|-0.1000E+01| 0.5759E+01| 0.1064E+01|
-------------------------------------------------
|-0.1600E+00|-0.1000E+01| 0.5759E+01| 0.1064E+01|
-------------------------------------------------
|-0.1500E+00|-0.1000E+01| 0.5759E+01| 0.1064E+01|
-------------------------------------------------
|-0.1400E+00|-0.1000E+01| 0.5759E+01| 0.1064E+01|
-------------------------------------------------
|-0.1300E+00|-0.1000E+01| 0.5759E+01| 0.1064E+01|
-------------------------------------------------
|-0.1200E+00|-0.1000E+01| 0.5759E+01| 0.1064E+01|
-------------------------------------------------
|-0.1100E+00|-0.1000E+01| 0.5759E+01| 0.1064E+01|
-------------------------------------------------
|-0.1000E+00|-0.1000E+01| 0.5759E+01| 0.1064E+01|
-------------------------------------------------
|-0.9000E-01|-0.1000E+01| 0.5759E+01| 0.1064E+01|
-------------------------------------------------
|-0.8000E-01|-0.1000E+01| 0.5759E+01| 0.1064E+01|
-------------------------------------------------
|-0.7000E-01|-0.1000E+01| 0.5759E+01| 0.1064E+01|
-------------------------------------------------
|-0.6000E-01|-0.1000E+01| 0.5759E+01| 0.1064E+01|
-------------------------------------------------
|-0.5000E-01|-0.1000E+01| 0.5759E+01| 0.1064E+01|
-------------------------------------------------
|-0.4000E-01|-0.1000E+01| 0.5759E+01| 0.1064E+01|
-------------------------------------------------
|-0.3000E-01|-0.1000E+01| 0.5759E+01| 0.1064E+01|
-------------------------------------------------
|-0.2000E-01|-0.1000E+01| 0.5759E+01| 0.1064E+01|
-------------------------------------------------
|-0.1000E-01|-0.1000E+01| 0.5759E+01| 0.1064E+01|
-------------------------------------------------
| 0.0000E+00|-0.1000E+01| 0.5759E+01| 0.1064E+01|
-------------------------------------------------
| 0.1000E-01|-0.1000E+01| 0.5759E+01| 0.1064E+01|
-------------------------------------------------
| 0.2000E-01|-0.1000E+01| 0.5759E+01| 0.1064E+01|
-------------------------------------------------
| 0.3000E-01|-0.1000E+01| 0.5759E+01| 0.1064E+01|
-------------------------------------------------
| 0.4000E-01|-0.1000E+01| 0.5759E+01| 0.1064E+01|
-------------------------------------------------
| 0.5000E-01|-0.1000E+01| 0.5759E+01| 0.1064E+01|
-------------------------------------------------
| 0.6000E-01|-0.1000E+01| 0.5759E+01| 0.1064E+01|
-------------------------------------------------
| 0.7000E-01|-0.1000E+01| 0.5759E+01| 0.1064E+01|
-------------------------------------------------
| 0.8000E-01|-0.1000E+01| 0.5759E+01| 0.1064E+01|
-------------------------------------------------
| 0.9000E-01|-0.1000E+01| 0.5759E+01| 0.1064E+01|
-------------------------------------------------
| 0.1000E+00|-0.1000E+01| 0.5759E+01| 0.1064E+01|
-------------------------------------------------
| 0.1100E+00|-0.1000E+01| 0.5759E+01| 0.1064E+01|
-------------------------------------------------
| 0.1200E+00|-0.1000E+01| 0.5759E+01| 0.1064E+01|
-------------------------------------------------
| 0.1300E+00|-0.1000E+01| 0.5759E+01| 0.1064E+01|
-------------------------------------------------
| 0.1400E+00|-0.1000E+01| 0.5759E+01| 0.1064E+01|
-------------------------------------------------
| 0.1500E+00|-0.1000E+01| 0.5759E+01| 0.1064E+01|
-------------------------------------------------
| 0.1600E+00|-0.1000E+01| 0.5759E+01| 0.1064E+01|
-------------------------------------------------
| 0.1700E+00|-0.1000E+01| 0.5759E+01| 0.1064E+01|
-------------------------------------------------
| 0.1800E+00|-0.1000E+01| 0.5759E+01| 0.1064E+01|
-------------------------------------------------
| 0.1900E+00|-0.1000E+01| 0.5759E+01| 0.1064E+01|
-------------------------------------------------
| 0.2000E+00|-0.1000E+01| 0.5759E+01| 0.1064E+01|
-------------------------------------------------
| 0.2100E+00|-0.1000E+01| 0.5759E+01| 0.1064E+01|
-------------------------------------------------
| 0.2200E+00|-0.1000E+01| 0.5759E+01| 0.1064E+01|
-------------------------------------------------
| 0.2300E+00|-0.1000E+01| 0.5759E+01| 0.1064E+01|
-------------------------------------------------
| 0.2400E+00|-0.1000E+01| 0.5759E+01| 0.1064E+01|
-------------------------------------------------
| 0.2500E+00|-0.1000E+01| 0.5759E+01| 0.1064E+01|
-------------------------------------------------
| 0.2600E+00|-0.1000E+01| 0.5759E+01| 0.1064E+01|
-------------------------------------------------
| 0.2700E+00|-0.1000E+01| 0.5759E+01| 0.1064E+01|
-------------------------------------------------
| 0.2800E+00|-0.1000E+01| 0.5759E+01| 0.1064E+01|
-------------------------------------------------
| 0.2900E+00|-0.1000E+01| 0.5759E+01| 0.1064E+01|
-------------------------------------------------
| 0.3000E+00|-0.1000E+01| 0.5759E+01| 0.1064E+01|
-------------------------------------------------
| 0.3100E+00|-0.1000E+01| 0.5759E+01| 0.1064E+01|
-------------------------------------------------
| 0.3200E+00|-0.1000E+01| 0.5759E+01| 0.1064E+01|
-------------------------------------------------
| 0.3300E+00|-0.1000E+01| 0.5759E+01| 0.1064E+01|
-------------------------------------------------
| 0.3400E+00|-0.1000E+01| 0.5759E+01| 0.1064E+01|
-------------------------------------------------
| 0.3500E+00|-0.1000E+01| 0.5759E+01| 0.1064E+01|
-------------------------------------------------
| 0.3600E+00|-0.1000E+01| 0.5759E+01| 0.1064E+01|
-------------------------------------------------
| 0.3700E+00|-0.1000E+01| 0.5759E+01| 0.1064E+01|
-------------------------------------------------
| 0.3800E+00|-0.1000E+01| 0.5759E+01| 0.1064E+01|
-------------------------------------------------
| 0.3900E+00|-0.1000E+01| 0.5759E+01| 0.1064E+01|
-------------------------------------------------
| 0.4000E+00|-0.1000E+01| 0.5759E+01| 0.1064E+01|
-------------------------------------------------
| 0.4100E+00|-0.1000E+01| 0.5759E+01| 0.1064E+01|
-------------------------------------------------
| 0.4200E+00|-0.1000E+01| 0.5759E+01| 0.1064E+01|
-------------------------------------------------
| 0.4300E+00|-0.1000E+01| 0.5759E+01| 0.1064E+01|
-------------------------------------------------
| 0.4400E+00|-0.1000E+01| 0.5759E+01| 0.1064E+01|
-------------------------------------------------
| 0.4500E+00|-0.1000E+01| 0.5759E+01| 0.1064E+01|
-------------------------------------------------
| 0.4600E+00|-0.1000E+01| 0.5759E+01| 0.1064E+01|
-------------------------------------------------
| 0.4700E+00|-0.1000E+01| 0.5759E+01| 0.1064E+01|
-------------------------------------------------
| 0.4800E+00|-0.1000E+01| 0.5759E+01| 0.1064E+01|
-------------------------------------------------
| 0.4900E+00|-0.1000E+01| 0.5759E+01| 0.1064E+01|
-------------------------------------------------
| 0.5000E+00|-0.1000E+01| 0.5759E+01| 0.1064E+01|
-------------------------------------------------
| 0.5100E+00|-0.1000E+01| 0.5759E+01| 0.1064E+01|
-------------------------------------------------
| 0.5200E+00|-0.1000E+01| 0.5759E+01| 0.1064E+01|
-------------------------------------------------
| 0.5300E+00|-0.1000E+01| 0.5759E+01| 0.1064E+01|
-------------------------------------------------
| 0.5400E+00|-0.1000E+01| 0.5759E+01| 0.1064E+01|
-------------------------------------------------
| 0.5500E+00|-0.1000E+01| 0.5759E+01| 0.1064E+01|
-------------------------------------------------
| 0.5600E+00|-0.1000E+01| 0.5758E+01| 0.1064E+01|
-------------------------------------------------
| 0.5700E+00|-0.1000E+01| 0.5758E+01| 0.1064E+01|
-------------------------------------------------
| 0.5800E+00|-0.9999E+00| 0.5758E+01| 0.1064E+01|
-------------------------------------------------
| 0.5900E+00|-0.9999E+00| 0.5758E+01| 0.1064E+01|
-------------------------------------------------
| 0.6000E+00|-0.9999E+00| 0.5758E+01| 0.1064E+01|
-------------------------------------------------
| 0.6100E+00|-0.9999E+00| 0.5758E+01| 0.1064E+01|
-------------------------------------------------
| 0.6200E+00|-0.9999E+00| 0.5758E+01| 0.1064E+01|
-------------------------------------------------
| 0.6300E+00|-0.9999E+00| 0.5758E+01| 0.1064E+01|
-------------------------------------------------
| 0.6400E+00|-0.9999E+00| 0.5758E+01| 0.1064E+01|
-------------------------------------------------
| 0.6500E+00|-0.9999E+00| 0.5758E+01| 0.1064E+01|
-------------------------------------------------
| 0.6600E+00|-0.9999E+00| 0.5758E+01| 0.1064E+01|
-------------------------------------------------
| 0.6700E+00|-0.9999E+00| 0.5758E+01| 0.1064E+01|
-------------------------------------------------
| 0.6800E+00|-0.9999E+00| 0.5758E+01| 0.1064E+01|
-------------------------------------------------
| 0.6900E+00|-0.9999E+00| 0.5758E+01| 0.1064E+01|
-------------------------------------------------
| 0.7000E+00|-0.9999E+00| 0.5758E+01| 0.1064E+01|
-------------------------------------------------
| 0.7100E+00|-0.9999E+00| 0.5758E+01| 0.1064E+01|
-------------------------------------------------
| 0.7200E+00|-0.9999E+00| 0.5758E+01| 0.1064E+01|
-------------------------------------------------
| 0.7300E+00|-0.9999E+00| 0.5758E+01| 0.1064E+01|
-------------------------------------------------
| 0.7400E+00|-0.9999E+00| 0.5758E+01| 0.1064E+01|
-------------------------------------------------
| 0.7500E+00|-0.9999E+00| 0.5758E+01| 0.1064E+01|
-------------------------------------------------
| 0.7600E+00|-0.9999E+00| 0.5758E+01| 0.1064E+01|
-------------------------------------------------
| 0.7700E+00|-0.9999E+00| 0.5758E+01| 0.1064E+01|
-------------------------------------------------
| 0.7800E+00|-0.9999E+00| 0.5758E+01| 0.1064E+01|
-------------------------------------------------
| 0.7900E+00|-0.9999E+00| 0.5758E+01| 0.1064E+01|
-------------------------------------------------
| 0.8000E+00|-0.9999E+00| 0.5758E+01| 0.1064E+01|
-------------------------------------------------
| 0.8100E+00|-0.9999E+00| 0.5758E+01| 0.1064E+01|
-------------------------------------------------
| 0.8200E+00|-0.9999E+00| 0.5758E+01| 0.1064E+01|
-------------------------------------------------
| 0.8300E+00|-0.9999E+00| 0.5758E+01| 0.1064E+01|
-------------------------------------------------
| 0.8400E+00|-0.9999E+00| 0.5758E+01| 0.1064E+01|
-------------------------------------------------
| 0.8500E+00|-0.9999E+00| 0.5758E+01| 0.1064E+01|
-------------------------------------------------
| 0.8600E+00|-0.9999E+00| 0.5758E+01| 0.1064E+01|
-------------------------------------------------
| 0.8700E+00|-0.9999E+00| 0.5758E+01| 0.1064E+01|
-------------------------------------------------
| 0.8800E+00|-0.9999E+00| 0.5758E+01| 0.1064E+01|
-------------------------------------------------
| 0.8900E+00|-0.9999E+00| 0.5758E+01| 0.1064E+01|
-------------------------------------------------
| 0.9000E+00|-0.9999E+00| 0.5758E+01| 0.1064E+01|
-------------------------------------------------
| 0.9100E+00|-0.9999E+00| 0.5758E+01| 0.1064E+01|
-------------------------------------------------
| 0.9200E+00|-0.9999E+00| 0.5758E+01| 0.1064E+01|
-------------------------------------------------
| 0.9300E+00|-0.9999E+00| 0.5758E+01| 0.1064E+01|
-------------------------------------------------
| 0.9400E+00|-0.9999E+00| 0.5758E+01| 0.1064E+01|
-------------------------------------------------
| 0.9500E+00|-0.9999E+00| 0.5758E+01| 0.1064E+01|
-------------------------------------------------
| 0.9600E+00|-0.9999E+00| 0.5758E+01| 0.1064E+01|
-------------------------------------------------
| 0.9700E+00|-0.9999E+00| 0.5758E+01| 0.1064E+01|
-------------------------------------------------
| 0.9800E+00|-0.9999E+00| 0.5758E+01| 0.1064E+01|
-------------------------------------------------
| 0.9900E+00|-0.9999E+00| 0.5758E+01| 0.1064E+01|
-------------------------------------------------
| 0.1000E+01|-0.9998E+00| 0.5758E+01| 0.1064E+01|
-------------------------------------------------
| 0.1010E+01|-0.9998E+00| 0.5758E+01| 0.1064E+01|
-------------------------------------------------
| 0.1020E+01|-0.9998E+00| 0.5758E+01| 0.1064E+01|
-------------------------------------------------
| 0.1030E+01|-0.9998E+00| 0.5758E+01| 0.1064E+01|
-------------------------------------------------
| 0.1040E+01|-0.9998E+00| 0.5758E+01| 0.1064E+01|
-------------------------------------------------
| 0.1050E+01|-0.9998E+00| 0.5758E+01| 0.1064E+01|
-------------------------------------------------
| 0.1060E+01|-0.9998E+00| 0.5758E+01| 0.1064E+01|
-------------------------------------------------
| 0.1070E+01|-0.9998E+00| 0.5758E+01| 0.1064E+01|
-------------------------------------------------
| 0.1080E+01|-0.9998E+00| 0.5758E+01| 0.1064E+01|
-------------------------------------------------
| 0.1090E+01|-0.9998E+00| 0.5758E+01| 0.1064E+01|
-------------------------------------------------
| 0.1100E+01|-0.9998E+00| 0.5758E+01| 0.1064E+01|
-------------------------------------------------
| 0.1110E+01|-0.9998E+00| 0.5758E+01| 0.1064E+01|
-------------------------------------------------
| 0.1120E+01|-0.9998E+00| 0.5758E+01| 0.1064E+01|
-------------------------------------------------
| 0.1130E+01|-0.9998E+00| 0.5758E+01| 0.1064E+01|
-------------------------------------------------
| 0.1140E+01|-0.9998E+00| 0.5758E+01| 0.1064E+01|
-------------------------------------------------
| 0.1150E+01|-0.9998E+00| 0.5758E+01| 0.1064E+01|
-------------------------------------------------
| 0.1160E+01|-0.9998E+00| 0.5758E+01| 0.1064E+01|
-------------------------------------------------
| 0.1170E+01|-0.9998E+00| 0.5758E+01| 0.1064E+01|
-------------------------------------------------
| 0.1180E+01|-0.9998E+00| 0.5758E+01| 0.1064E+01|
-------------------------------------------------
| 0.1190E+01|-0.9998E+00| 0.5758E+01| 0.1064E+01|
-------------------------------------------------
| 0.1200E+01|-0.9998E+00| 0.5758E+01| 0.1064E+01|
-------------------------------------------------
| 0.1210E+01|-0.9998E+00| 0.5757E+01| 0.1064E+01|
-------------------------------------------------
| 0.1220E+01|-0.9998E+00| 0.5757E+01| 0.1064E+01|
-------------------------------------------------
| 0.1230E+01|-0.9998E+00| 0.5757E+01| 0.1064E+01|
-------------------------------------------------
| 0.1240E+01|-0.9998E+00| 0.5757E+01| 0.1064E+01|
-------------------------------------------------
| 0.1250E+01|-0.9998E+00| 0.5757E+01| 0.1064E+01|
-------------------------------------------------
| 0.1260E+01|-0.9998E+00| 0.5757E+01| 0.1064E+01|
-------------------------------------------------
| 0.1270E+01|-0.9998E+00| 0.5757E+01| 0.1064E+01|
-------------------------------------------------
| 0.1280E+01|-0.9998E+00| 0.5757E+01| 0.1064E+01|
-------------------------------------------------
| 0.1290E+01|-0.9997E+00| 0.5757E+01| 0.1064E+01|
-------------------------------------------------
| 0.1300E+01|-0.9997E+00| 0.5757E+01| 0.1064E+01|
-------------------------------------------------
| 0.1310E+01|-0.9997E+00| 0.5757E+01| 0.1064E+01|
-------------------------------------------------
| 0.1320E+01|-0.9997E+00| 0.5757E+01| 0.1064E+01|
-------------------------------------------------
| 0.1330E+01|-0.9997E+00| 0.5757E+01| 0.1064E+01|
-------------------------------------------------
| 0.1340E+01|-0.9997E+00| 0.5757E+01| 0.1064E+01|
-------------------------------------------------
| 0.1350E+01|-0.9997E+00| 0.5757E+01| 0.1064E+01|
-------------------------------------------------
| 0.1360E+01|-0.9997E+00| 0.5757E+01| 0.1064E+01|
-------------------------------------------------
| 0.1370E+01|-0.9997E+00| 0.5757E+01| 0.1064E+01|
-------------------------------------------------
| 0.1380E+01|-0.9997E+00| 0.5757E+01| 0.1064E+01|
-------------------------------------------------
| 0.1390E+01|-0.9997E+00| 0.5757E+01| 0.1064E+01|
-------------------------------------------------
| 0.1400E+01|-0.9997E+00| 0.5757E+01| 0.1064E+01|
-------------------------------------------------
| 0.1410E+01|-0.9997E+00| 0.5757E+01| 0.1064E+01|
-------------------------------------------------
| 0.1420E+01|-0.9997E+00| 0.5757E+01| 0.1064E+01|
-------------------------------------------------
| 0.1430E+01|-0.9997E+00| 0.5757E+01| 0.1064E+01|
-------------------------------------------------
| 0.1440E+01|-0.9997E+00| 0.5757E+01| 0.1064E+01|
-------------------------------------------------
| 0.1450E+01|-0.9997E+00| 0.5757E+01| 0.1064E+01|
-------------------------------------------------
| 0.1460E+01|-0.9997E+00| 0.5757E+01| 0.1064E+01|
-------------------------------------------------
| 0.1470E+01|-0.9997E+00| 0.5757E+01| 0.1064E+01|
-------------------------------------------------
| 0.1480E+01|-0.9997E+00| 0.5757E+01| 0.1064E+01|
-------------------------------------------------
| 0.1490E+01|-0.9997E+00| 0.5757E+01| 0.1064E+01|
-------------------------------------------------
| 0.1500E+01|-0.9997E+00| 0.5757E+01| 0.1064E+01|
-------------------------------------------------
| 0.1510E+01|-0.9997E+00| 0.5757E+01| 0.1064E+01|
-------------------------------------------------
| 0.1520E+01|-0.9996E+00| 0.5757E+01| 0.1064E+01|
-------------------------------------------------
| 0.1530E+01|-0.9996E+00| 0.5757E+01| 0.1064E+01|
-------------------------------------------------
| 0.1540E+01|-0.9996E+00| 0.5757E+01| 0.1064E+01|
-------------------------------------------------
| 0.1550E+01|-0.9996E+00| 0.5757E+01| 0.1064E+01|
-------------------------------------------------
| 0.1560E+01|-0.9996E+00| 0.5757E+01| 0.1064E+01|
-------------------------------------------------
| 0.1570E+01|-0.9996E+00| 0.5757E+01| 0.1064E+01|
-------------------------------------------------
| 0.1580E+01|-0.9996E+00| 0.5757E+01| 0.1064E+01|
-------------------------------------------------
| 0.1590E+01|-0.9996E+00| 0.5757E+01| 0.1064E+01|
-------------------------------------------------
| 0.1600E+01|-0.9996E+00| 0.5757E+01| 0.1064E+01|
-------------------------------------------------
| 0.1610E+01|-0.9996E+00| 0.5756E+01| 0.1064E+01|
-------------------------------------------------
| 0.1620E+01|-0.9996E+00| 0.5756E+01| 0.1064E+01|
-------------------------------------------------
| 0.1630E+01|-0.9996E+00| 0.5756E+01| 0.1064E+01|
-------------------------------------------------
| 0.1640E+01|-0.9996E+00| 0.5756E+01| 0.1064E+01|
-------------------------------------------------
| 0.1650E+01|-0.9996E+00| 0.5756E+01| 0.1064E+01|
-------------------------------------------------
| 0.1660E+01|-0.9996E+00| 0.5756E+01| 0.1064E+01|
-------------------------------------------------
| 0.1670E+01|-0.9996E+00| 0.5756E+01| 0.1064E+01|
-------------------------------------------------
| 0.1680E+01|-0.9996E+00| 0.5756E+01| 0.1064E+01|
-------------------------------------------------
| 0.1690E+01|-0.9996E+00| 0.5756E+01| 0.1064E+01|
-------------------------------------------------
| 0.1700E+01|-0.9996E+00| 0.5756E+01| 0.1064E+01|
-------------------------------------------------
| 0.1710E+01|-0.9996E+00| 0.5756E+01| 0.1064E+01|
-------------------------------------------------
| 0.1720E+01|-0.9995E+00| 0.5756E+01| 0.1064E+01|
-------------------------------------------------
| 0.1730E+01|-0.9995E+00| 0.5756E+01| 0.1064E+01|
-------------------------------------------------
| 0.1740E+01|-0.9995E+00| 0.5756E+01| 0.1064E+01|
-------------------------------------------------
| 0.1750E+01|-0.9995E+00| 0.5756E+01| 0.1064E+01|
-------------------------------------------------
| 0.1760E+01|-0.9995E+00| 0.5756E+01| 0.1064E+01|
-------------------------------------------------
| 0.1770E+01|-0.9995E+00| 0.5756E+01| 0.1064E+01|
-------------------------------------------------
| 0.1780E+01|-0.9995E+00| 0.5756E+01| 0.1064E+01|
-------------------------------------------------
| 0.1790E+01|-0.9995E+00| 0.5756E+01| 0.1064E+01|
-------------------------------------------------
| 0.1800E+01|-0.9995E+00| 0.5756E+01| 0.1064E+01|
-------------------------------------------------
| 0.1810E+01|-0.9995E+00| 0.5756E+01| 0.1064E+01|
-------------------------------------------------
| 0.1820E+01|-0.9995E+00| 0.5756E+01| 0.1064E+01|
-------------------------------------------------
| 0.1830E+01|-0.9995E+00| 0.5756E+01| 0.1064E+01|
-------------------------------------------------
| 0.1840E+01|-0.9995E+00| 0.5756E+01| 0.1064E+01|
-------------------------------------------------
| 0.1850E+01|-0.9995E+00| 0.5756E+01| 0.1064E+01|
-------------------------------------------------
| 0.1860E+01|-0.9995E+00| 0.5756E+01| 0.1064E+01|
-------------------------------------------------
| 0.1870E+01|-0.9995E+00| 0.5756E+01| 0.1064E+01|
-------------------------------------------------
| 0.1880E+01|-0.9995E+00| 0.5756E+01| 0.1064E+01|
-------------------------------------------------
| 0.1890E+01|-0.9995E+00| 0.5756E+01| 0.1064E+01|
-------------------------------------------------
| 0.1900E+01|-0.9995E+00| 0.5756E+01| 0.1064E+01|
-------------------------------------------------
| 0.1910E+01|-0.9994E+00| 0.5756E+01| 0.1064E+01|
-------------------------------------------------
| 0.1920E+01|-0.9994E+00| 0.5756E+01| 0.1064E+01|
-------------------------------------------------
| 0.1930E+01|-0.9994E+00| 0.5756E+01| 0.1064E+01|
-------------------------------------------------
| 0.1940E+01|-0.9994E+00| 0.5755E+01| 0.1064E+01|
-------------------------------------------------
| 0.1950E+01|-0.9994E+00| 0.5755E+01| 0.1064E+01|
-------------------------------------------------
| 0.1960E+01|-0.9994E+00| 0.5755E+01| 0.1064E+01|
-------------------------------------------------
| 0.1970E+01|-0.9994E+00| 0.5755E+01| 0.1064E+01|
-------------------------------------------------
| 0.1980E+01|-0.9994E+00| 0.5755E+01| 0.1064E+01|
-------------------------------------------------
| 0.1990E+01|-0.9994E+00| 0.5755E+01| 0.1064E+01|
-------------------------------------------------
| 0.2000E+01|-0.9994E+00| 0.5755E+01| 0.1064E+01|
-------------------------------------------------
| 0.2010E+01|-0.9994E+00| 0.5755E+01| 0.1064E+01|
-------------------------------------------------
| 0.2020E+01|-0.9994E+00| 0.5755E+01| 0.1064E+01|
-------------------------------------------------
| 0.2030E+01|-0.9994E+00| 0.5755E+01| 0.1064E+01|
-------------------------------------------------
| 0.2040E+01|-0.9994E+00| 0.5755E+01| 0.1064E+01|
-------------------------------------------------
| 0.2050E+01|-0.9994E+00| 0.5755E+01| 0.1063E+01|
-------------------------------------------------
| 0.2060E+01|-0.9994E+00| 0.5755E+01| 0.1063E+01|
-------------------------------------------------
| 0.2070E+01|-0.9993E+00| 0.5755E+01| 0.1063E+01|
-------------------------------------------------
| 0.2080E+01|-0.9993E+00| 0.5755E+01| 0.1063E+01|
-------------------------------------------------
| 0.2090E+01|-0.9993E+00| 0.5755E+01| 0.1063E+01|
-------------------------------------------------
| 0.2100E+01|-0.9993E+00| 0.5755E+01| 0.1063E+01|
-------------------------------------------------
| 0.2110E+01|-0.9993E+00| 0.5755E+01| 0.1063E+01|
-------------------------------------------------
| 0.2120E+01|-0.9993E+00| 0.5755E+01| 0.1063E+01|
-------------------------------------------------
| 0.2130E+01|-0.9993E+00| 0.5755E+01| 0.1063E+01|
-------------------------------------------------
| 0.2140E+01|-0.9993E+00| 0.5755E+01| 0.1063E+01|
-------------------------------------------------
| 0.2150E+01|-0.9993E+00| 0.5755E+01| 0.1063E+01|
-------------------------------------------------
| 0.2160E+01|-0.9993E+00| 0.5755E+01| 0.1063E+01|
-------------------------------------------------
| 0.2170E+01|-0.9993E+00| 0.5755E+01| 0.1063E+01|
-------------------------------------------------
| 0.2180E+01|-0.9993E+00| 0.5755E+01| 0.1063E+01|
-------------------------------------------------
| 0.2190E+01|-0.9993E+00| 0.5755E+01| 0.1063E+01|
-------------------------------------------------
| 0.2200E+01|-0.9993E+00| 0.5755E+01| 0.1063E+01|
-------------------------------------------------
| 0.2210E+01|-0.9993E+00| 0.5754E+01| 0.1063E+01|
-------------------------------------------------
| 0.2220E+01|-0.9992E+00| 0.5754E+01| 0.1063E+01|
-------------------------------------------------
| 0.2230E+01|-0.9992E+00| 0.5754E+01| 0.1063E+01|
-------------------------------------------------
| 0.2240E+01|-0.9992E+00| 0.5754E+01| 0.1063E+01|
-------------------------------------------------
| 0.2250E+01|-0.9992E+00| 0.5754E+01| 0.1063E+01|
-------------------------------------------------
| 0.2260E+01|-0.9992E+00| 0.5754E+01| 0.1063E+01|
-------------------------------------------------
| 0.2270E+01|-0.9992E+00| 0.5754E+01| 0.1063E+01|
-------------------------------------------------
| 0.2280E+01|-0.9992E+00| 0.5754E+01| 0.1063E+01|
-------------------------------------------------
| 0.2290E+01|-0.9992E+00| 0.5754E+01| 0.1063E+01|
-------------------------------------------------
| 0.2300E+01|-0.9992E+00| 0.5754E+01| 0.1063E+01|
-------------------------------------------------
| 0.2310E+01|-0.9992E+00| 0.5754E+01| 0.1063E+01|
-------------------------------------------------
| 0.2320E+01|-0.9992E+00| 0.5754E+01| 0.1063E+01|
-------------------------------------------------
| 0.2330E+01|-0.9992E+00| 0.5754E+01| 0.1063E+01|
-------------------------------------------------
| 0.2340E+01|-0.9992E+00| 0.5754E+01| 0.1063E+01|
-------------------------------------------------
| 0.2350E+01|-0.9992E+00| 0.5754E+01| 0.1063E+01|
-------------------------------------------------
| 0.2360E+01|-0.9992E+00| 0.5754E+01| 0.1063E+01|
-------------------------------------------------
| 0.2370E+01|-0.9991E+00| 0.5754E+01| 0.1063E+01|
-------------------------------------------------
| 0.2380E+01|-0.9991E+00| 0.5754E+01| 0.1063E+01|
-------------------------------------------------
| 0.2390E+01|-0.9991E+00| 0.5754E+01| 0.1063E+01|
-------------------------------------------------
| 0.2400E+01|-0.9991E+00| 0.5754E+01| 0.1063E+01|
-------------------------------------------------
| 0.2410E+01|-0.9991E+00| 0.5754E+01| 0.1063E+01|
-------------------------------------------------
| 0.2420E+01|-0.9991E+00| 0.5754E+01| 0.1063E+01|
-------------------------------------------------
| 0.2430E+01|-0.9991E+00| 0.5754E+01| 0.1063E+01|
-------------------------------------------------
| 0.2440E+01|-0.9991E+00| 0.5754E+01| 0.1063E+01|
-------------------------------------------------
| 0.2450E+01|-0.9991E+00| 0.5754E+01| 0.1063E+01|
-------------------------------------------------
| 0.2460E+01|-0.9991E+00| 0.5753E+01| 0.1063E+01|
-------------------------------------------------
| 0.2470E+01|-0.9991E+00| 0.5753E+01| 0.1063E+01|
-------------------------------------------------
| 0.2480E+01|-0.9991E+00| 0.5753E+01| 0.1063E+01|
-------------------------------------------------
| 0.2490E+01|-0.9991E+00| 0.5753E+01| 0.1063E+01|
-------------------------------------------------
| 0.2500E+01|-0.9990E+00| 0.5753E+01| 0.1063E+01|
-------------------------------------------------
| 0.2510E+01|-0.9990E+00| 0.5753E+01| 0.1063E+01|
-------------------------------------------------
| 0.2520E+01|-0.9990E+00| 0.5753E+01| 0.1063E+01|
-------------------------------------------------
| 0.2530E+01|-0.9990E+00| 0.5753E+01| 0.1063E+01|
-------------------------------------------------
| 0.2540E+01|-0.9990E+00| 0.5753E+01| 0.1063E+01|
-------------------------------------------------
| 0.2550E+01|-0.9990E+00| 0.5753E+01| 0.1063E+01|
-------------------------------------------------
| 0.2560E+01|-0.9990E+00| 0.5753E+01| 0.1063E+01|
-------------------------------------------------
| 0.2570E+01|-0.9990E+00| 0.5753E+01| 0.1063E+01|
-------------------------------------------------
| 0.2580E+01|-0.9990E+00| 0.5753E+01| 0.1063E+01|
-------------------------------------------------
| 0.2590E+01|-0.9990E+00| 0.5753E+01| 0.1063E+01|
-------------------------------------------------
| 0.2600E+01|-0.9990E+00| 0.5753E+01| 0.1063E+01|
-------------------------------------------------
| 0.2610E+01|-0.9990E+00| 0.5753E+01| 0.1063E+01|
-------------------------------------------------
| 0.2620E+01|-0.9990E+00| 0.5753E+01| 0.1063E+01|
-------------------------------------------------
| 0.2630E+01|-0.9989E+00| 0.5753E+01| 0.1063E+01|
-------------------------------------------------
| 0.2640E+01|-0.9989E+00| 0.5753E+01| 0.1063E+01|
-------------------------------------------------
| 0.2650E+01|-0.9989E+00| 0.5753E+01| 0.1063E+01|
-------------------------------------------------
| 0.2660E+01|-0.9989E+00| 0.5753E+01| 0.1063E+01|
-------------------------------------------------
| 0.2670E+01|-0.9989E+00| 0.5753E+01| 0.1063E+01|
-------------------------------------------------
| 0.2680E+01|-0.9989E+00| 0.5752E+01| 0.1063E+01|
-------------------------------------------------
| 0.2690E+01|-0.9989E+00| 0.5752E+01| 0.1063E+01|
-------------------------------------------------
| 0.2700E+01|-0.9989E+00| 0.5752E+01| 0.1063E+01|
-------------------------------------------------
| 0.2710E+01|-0.9989E+00| 0.5752E+01| 0.1063E+01|
-------------------------------------------------
| 0.2720E+01|-0.9989E+00| 0.5752E+01| 0.1063E+01|
-------------------------------------------------
| 0.2730E+01|-0.9989E+00| 0.5752E+01| 0.1063E+01|
-------------------------------------------------
| 0.2740E+01|-0.9989E+00| 0.5752E+01| 0.1063E+01|
-------------------------------------------------
| 0.2750E+01|-0.9988E+00| 0.5752E+01| 0.1063E+01|
-------------------------------------------------
| 0.2760E+01|-0.9988E+00| 0.5752E+01| 0.1063E+01|
-------------------------------------------------
| 0.2770E+01|-0.9988E+00| 0.5752E+01| 0.1063E+01|
-------------------------------------------------
| 0.2780E+01|-0.9988E+00| 0.5752E+01| 0.1063E+01|
-------------------------------------------------
| 0.2790E+01|-0.9988E+00| 0.5752E+01| 0.1063E+01|
-------------------------------------------------
| 0.2800E+01|-0.9988E+00| 0.5752E+01| 0.1063E+01|
-------------------------------------------------
| 0.2810E+01|-0.9988E+00| 0.5752E+01| 0.1063E+01|
-------------------------------------------------
| 0.2820E+01|-0.9988E+00| 0.5752E+01| 0.1063E+01|
-------------------------------------------------
| 0.2830E+01|-0.9988E+00| 0.5752E+01| 0.1063E+01|
-------------------------------------------------
| 0.2840E+01|-0.9988E+00| 0.5752E+01| 0.1063E+01|
-------------------------------------------------
| 0.2850E+01|-0.9988E+00| 0.5752E+01| 0.1063E+01|
-------------------------------------------------
| 0.2860E+01|-0.9988E+00| 0.5752E+01| 0.1063E+01|
-------------------------------------------------
| 0.2870E+01|-0.9987E+00| 0.5752E+01| 0.1063E+01|
-------------------------------------------------
| 0.2880E+01|-0.9987E+00| 0.5751E+01| 0.1063E+01|
-------------------------------------------------
| 0.2890E+01|-0.9987E+00| 0.5751E+01| 0.1063E+01|
-------------------------------------------------
| 0.2900E+01|-0.9987E+00| 0.5751E+01| 0.1063E+01|
-------------------------------------------------
| 0.2910E+01|-0.9987E+00| 0.5751E+01| 0.1063E+01|
-------------------------------------------------
| 0.2920E+01|-0.9987E+00| 0.5751E+01| 0.1063E+01|
-------------------------------------------------
| 0.2930E+01|-0.9987E+00| 0.5751E+01| 0.1063E+01|
-------------------------------------------------
| 0.2940E+01|-0.9987E+00| 0.5751E+01| 0.1063E+01|
-------------------------------------------------
| 0.2950E+01|-0.9987E+00| 0.5751E+01| 0.1063E+01|
-------------------------------------------------
| 0.2960E+01|-0.9987E+00| 0.5751E+01| 0.1063E+01|
-------------------------------------------------
| 0.2970E+01|-0.9987E+00| 0.5751E+01| 0.1063E+01|
-------------------------------------------------
| 0.2980E+01|-0.9986E+00| 0.5751E+01| 0.1063E+01|
-------------------------------------------------
| 0.2990E+01|-0.9986E+00| 0.5751E+01| 0.1063E+01|
-------------------------------------------------
| 0.3000E+01|-0.9986E+00| 0.5751E+01| 0.1063E+01|
-------------------------------------------------
| 0.3010E+01|-0.9986E+00| 0.5751E+01| 0.1063E+01|
-------------------------------------------------
| 0.3020E+01|-0.9986E+00| 0.5751E+01| 0.1063E+01|
-------------------------------------------------
| 0.3030E+01|-0.9986E+00| 0.5751E+01| 0.1063E+01|
-------------------------------------------------
| 0.3040E+01|-0.9986E+00| 0.5751E+01| 0.1063E+01|
-------------------------------------------------
| 0.3050E+01|-0.9986E+00| 0.5751E+01| 0.1063E+01|
-------------------------------------------------
| 0.3060E+01|-0.9986E+00| 0.5751E+01| 0.1063E+01|
-------------------------------------------------
| 0.3070E+01|-0.9986E+00| 0.5751E+01| 0.1063E+01|
-------------------------------------------------
| 0.3080E+01|-0.9986E+00| 0.5750E+01| 0.1063E+01|
-------------------------------------------------
| 0.3090E+01|-0.9985E+00| 0.5750E+01| 0.1063E+01|
-------------------------------------------------
| 0.3100E+01|-0.9985E+00| 0.5750E+01| 0.1063E+01|
-------------------------------------------------
| 0.3110E+01|-0.9985E+00| 0.5750E+01| 0.1063E+01|
-------------------------------------------------
| 0.3120E+01|-0.9985E+00| 0.5750E+01| 0.1063E+01|
-------------------------------------------------
| 0.3130E+01|-0.9985E+00| 0.5750E+01| 0.1063E+01|
-------------------------------------------------
| 0.3140E+01|-0.9985E+00| 0.5750E+01| 0.1063E+01|
-------------------------------------------------
| 0.3150E+01|-0.9985E+00| 0.5750E+01| 0.1063E+01|
-------------------------------------------------
| 0.3160E+01|-0.9985E+00| 0.5750E+01| 0.1063E+01|
-------------------------------------------------
| 0.3170E+01|-0.9985E+00| 0.5750E+01| 0.1063E+01|
-------------------------------------------------
| 0.3180E+01|-0.9985E+00| 0.5750E+01| 0.1063E+01|
-------------------------------------------------
| 0.3190E+01|-0.9985E+00| 0.5750E+01| 0.1063E+01|
-------------------------------------------------
| 0.3200E+01|-0.9984E+00| 0.5750E+01| 0.1063E+01|
-------------------------------------------------
| 0.3210E+01|-0.9984E+00| 0.5750E+01| 0.1063E+01|
-------------------------------------------------
| 0.3220E+01|-0.9984E+00| 0.5750E+01| 0.1062E+01|
-------------------------------------------------
| 0.3230E+01|-0.9984E+00| 0.5750E+01| 0.1062E+01|
-------------------------------------------------
| 0.3240E+01|-0.9984E+00| 0.5750E+01| 0.1062E+01|
-------------------------------------------------
| 0.3250E+01|-0.9984E+00| 0.5750E+01| 0.1062E+01|
-------------------------------------------------
| 0.3260E+01|-0.9984E+00| 0.5749E+01| 0.1062E+01|
-------------------------------------------------
| 0.3270E+01|-0.9984E+00| 0.5749E+01| 0.1062E+01|
-------------------------------------------------
| 0.3280E+01|-0.9984E+00| 0.5749E+01| 0.1062E+01|
-------------------------------------------------
| 0.3290E+01|-0.9984E+00| 0.5749E+01| 0.1062E+01|
-------------------------------------------------
| 0.3300E+01|-0.9983E+00| 0.5749E+01| 0.1062E+01|
-------------------------------------------------
| 0.3310E+01|-0.9983E+00| 0.5749E+01| 0.1062E+01|
-------------------------------------------------
| 0.3320E+01|-0.9983E+00| 0.5749E+01| 0.1062E+01|
-------------------------------------------------
| 0.3330E+01|-0.9983E+00| 0.5749E+01| 0.1062E+01|
-------------------------------------------------
| 0.3340E+01|-0.9983E+00| 0.5749E+01| 0.1062E+01|
-------------------------------------------------
| 0.3350E+01|-0.9983E+00| 0.5749E+01| 0.1062E+01|
-------------------------------------------------
| 0.3360E+01|-0.9983E+00| 0.5749E+01| 0.1062E+01|
-------------------------------------------------
| 0.3370E+01|-0.9983E+00| 0.5749E+01| 0.1062E+01|
-------------------------------------------------
| 0.3380E+01|-0.9983E+00| 0.5749E+01| 0.1062E+01|
-------------------------------------------------
| 0.3390E+01|-0.9983E+00| 0.5749E+01| 0.1062E+01|
-------------------------------------------------
| 0.3400E+01|-0.9982E+00| 0.5749E+01| 0.1062E+01|
-------------------------------------------------
| 0.3410E+01|-0.9982E+00| 0.5749E+01| 0.1062E+01|
-------------------------------------------------
| 0.3420E+01|-0.9982E+00| 0.5749E+01| 0.1062E+01|
-------------------------------------------------
| 0.3430E+01|-0.9982E+00| 0.5748E+01| 0.1062E+01|
-------------------------------------------------
| 0.3440E+01|-0.9982E+00| 0.5748E+01| 0.1062E+01|
-------------------------------------------------
| 0.3450E+01|-0.9982E+00| 0.5748E+01| 0.1062E+01|
-------------------------------------------------
| 0.3460E+01|-0.9982E+00| 0.5748E+01| 0.1062E+01|
-------------------------------------------------
| 0.3470E+01|-0.9982E+00| 0.5748E+01| 0.1062E+01|
-------------------------------------------------
| 0.3480E+01|-0.9982E+00| 0.5748E+01| 0.1062E+01|
-------------------------------------------------
| 0.3490E+01|-0.9981E+00| 0.5748E+01| 0.1062E+01|
-------------------------------------------------
| 0.3500E+01|-0.9981E+00| 0.5748E+01| 0.1062E+01|
-------------------------------------------------
| 0.3510E+01|-0.9981E+00| 0.5748E+01| 0.1062E+01|
-------------------------------------------------
| 0.3520E+01|-0.9981E+00| 0.5748E+01| 0.1062E+01|
-------------------------------------------------
| 0.3530E+01|-0.9981E+00| 0.5748E+01| 0.1062E+01|
-------------------------------------------------
| 0.3540E+01|-0.9981E+00| 0.5748E+01| 0.1062E+01|
-------------------------------------------------
| 0.3550E+01|-0.9981E+00| 0.5748E+01| 0.1062E+01|
-------------------------------------------------
| 0.3560E+01|-0.9981E+00| 0.5748E+01| 0.1062E+01|
-------------------------------------------------
| 0.3570E+01|-0.9981E+00| 0.5748E+01| 0.1062E+01|
-------------------------------------------------
| 0.3580E+01|-0.9980E+00| 0.5748E+01| 0.1062E+01|
-------------------------------------------------
| 0.3590E+01|-0.9980E+00| 0.5747E+01| 0.1062E+01|
-------------------------------------------------
| 0.3600E+01|-0.9980E+00| 0.5747E+01| 0.1062E+01|
-------------------------------------------------
| 0.3610E+01|-0.9980E+00| 0.5747E+01| 0.1062E+01|
-------------------------------------------------
| 0.3620E+01|-0.9980E+00| 0.5747E+01| 0.1062E+01|
-------------------------------------------------
| 0.3630E+01|-0.9980E+00| 0.5747E+01| 0.1062E+01|
-------------------------------------------------
| 0.3640E+01|-0.9980E+00| 0.5747E+01| 0.1062E+01|
-------------------------------------------------
| 0.3650E+01|-0.9980E+00| 0.5747E+01| 0.1062E+01|
-------------------------------------------------
| 0.3660E+01|-0.9980E+00| 0.5747E+01| 0.1062E+01|
-------------------------------------------------
| 0.3670E+01|-0.9979E+00| 0.5747E+01| 0.1062E+01|
-------------------------------------------------
| 0.3680E+01|-0.9979E+00| 0.5747E+01| 0.1062E+01|
-------------------------------------------------
| 0.3690E+01|-0.9979E+00| 0.5747E+01| 0.1062E+01|
-------------------------------------------------
| 0.3700E+01|-0.9979E+00| 0.5747E+01| 0.1062E+01|
-------------------------------------------------
| 0.3710E+01|-0.9979E+00| 0.5747E+01| 0.1062E+01|
-------------------------------------------------
| 0.3720E+01|-0.9979E+00| 0.5747E+01| 0.1062E+01|
-------------------------------------------------
| 0.3730E+01|-0.9979E+00| 0.5747E+01| 0.1062E+01|
-------------------------------------------------
| 0.3740E+01|-0.9979E+00| 0.5747E+01| 0.1062E+01|
-------------------------------------------------
| 0.3750E+01|-0.9979E+00| 0.5746E+01| 0.1062E+01|
-------------------------------------------------
| 0.3760E+01|-0.9978E+00| 0.5746E+01| 0.1062E+01|
-------------------------------------------------
| 0.3770E+01|-0.9978E+00| 0.5746E+01| 0.1062E+01|
-------------------------------------------------
| 0.3780E+01|-0.9978E+00| 0.5746E+01| 0.1062E+01|
-------------------------------------------------
| 0.3790E+01|-0.9978E+00| 0.5746E+01| 0.1062E+01|
-------------------------------------------------
| 0.3800E+01|-0.9978E+00| 0.5746E+01| 0.1062E+01|
-------------------------------------------------
| 0.3810E+01|-0.9978E+00| 0.5746E+01| 0.1062E+01|
-------------------------------------------------
| 0.3820E+01|-0.9978E+00| 0.5746E+01| 0.1062E+01|
-------------------------------------------------
| 0.3830E+01|-0.9978E+00| 0.5746E+01| 0.1062E+01|
-------------------------------------------------
| 0.3840E+01|-0.9978E+00| 0.5746E+01| 0.1062E+01|
-------------------------------------------------
| 0.3850E+01|-0.9977E+00| 0.5746E+01| 0.1062E+01|
-------------------------------------------------
| 0.3860E+01|-0.9977E+00| 0.5746E+01| 0.1062E+01|
-------------------------------------------------
| 0.3870E+01|-0.9977E+00| 0.5746E+01| 0.1062E+01|
-------------------------------------------------
| 0.3880E+01|-0.9977E+00| 0.5746E+01| 0.1062E+01|
-------------------------------------------------
| 0.3890E+01|-0.9977E+00| 0.5746E+01| 0.1062E+01|
-------------------------------------------------
| 0.3900E+01|-0.9977E+00| 0.5745E+01| 0.1062E+01|
-------------------------------------------------
| 0.3910E+01|-0.9977E+00| 0.5745E+01| 0.1062E+01|
-------------------------------------------------
| 0.3920E+01|-0.9977E+00| 0.5745E+01| 0.1062E+01|
-------------------------------------------------
| 0.3930E+01|-0.9976E+00| 0.5745E+01| 0.1062E+01|
-------------------------------------------------
| 0.3940E+01|-0.9976E+00| 0.5745E+01| 0.1062E+01|
-------------------------------------------------
| 0.3950E+01|-0.9976E+00| 0.5745E+01| 0.1062E+01|
-------------------------------------------------
| 0.3960E+01|-0.9976E+00| 0.5745E+01| 0.1062E+01|
-------------------------------------------------
| 0.3970E+01|-0.9976E+00| 0.5745E+01| 0.1062E+01|
-------------------------------------------------
| 0.3980E+01|-0.9976E+00| 0.5745E+01| 0.1062E+01|
-------------------------------------------------
| 0.3990E+01|-0.9976E+00| 0.5745E+01| 0.1062E+01|
-------------------------------------------------
| 0.4000E+01|-0.9976E+00| 0.5745E+01| 0.1062E+01|
-------------------------------------------------
| 0.4010E+01|-0.9976E+00| 0.5745E+01| 0.1062E+01|
-------------------------------------------------
| 0.4020E+01|-0.9975E+00| 0.5745E+01| 0.1062E+01|
-------------------------------------------------
| 0.4030E+01|-0.9975E+00| 0.5745E+01| 0.1062E+01|
-------------------------------------------------
| 0.4040E+01|-0.9975E+00| 0.5744E+01| 0.1062E+01|
-------------------------------------------------
| 0.4050E+01|-0.9975E+00| 0.5744E+01| 0.1062E+01|
-------------------------------------------------
| 0.4060E+01|-0.9975E+00| 0.5744E+01| 0.1062E+01|
-------------------------------------------------
| 0.4070E+01|-0.9975E+00| 0.5744E+01| 0.1061E+01|
-------------------------------------------------
| 0.4080E+01|-0.9975E+00| 0.5744E+01| 0.1061E+01|
-------------------------------------------------
| 0.4090E+01|-0.9975E+00| 0.5744E+01| 0.1061E+01|
-------------------------------------------------
| 0.4100E+01|-0.9974E+00| 0.5744E+01| 0.1061E+01|
-------------------------------------------------
| 0.4110E+01|-0.9974E+00| 0.5744E+01| 0.1061E+01|
-------------------------------------------------
| 0.4120E+01|-0.9974E+00| 0.5744E+01| 0.1061E+01|
-------------------------------------------------
| 0.4130E+01|-0.9974E+00| 0.5744E+01| 0.1061E+01|
-------------------------------------------------
| 0.4140E+01|-0.9974E+00| 0.5744E+01| 0.1061E+01|
-------------------------------------------------
| 0.4150E+01|-0.9974E+00| 0.5744E+01| 0.1061E+01|
-------------------------------------------------
| 0.4160E+01|-0.9974E+00| 0.5744E+01| 0.1061E+01|
-------------------------------------------------
| 0.4170E+01|-0.9974E+00| 0.5744E+01| 0.1061E+01|
-------------------------------------------------
| 0.4180E+01|-0.9973E+00| 0.5743E+01| 0.1061E+01|
-------------------------------------------------
| 0.4190E+01|-0.9973E+00| 0.5743E+01| 0.1061E+01|
-------------------------------------------------
| 0.4200E+01|-0.9973E+00| 0.5743E+01| 0.1061E+01|
-------------------------------------------------
| 0.4210E+01|-0.9973E+00| 0.5743E+01| 0.1061E+01|
-------------------------------------------------
| 0.4220E+01|-0.9973E+00| 0.5743E+01| 0.1061E+01|
-------------------------------------------------
| 0.4230E+01|-0.9973E+00| 0.5743E+01| 0.1061E+01|
-------------------------------------------------
| 0.4240E+01|-0.9973E+00| 0.5743E+01| 0.1061E+01|
-------------------------------------------------
| 0.4250E+01|-0.9973E+00| 0.5743E+01| 0.1061E+01|
-------------------------------------------------
| 0.4260E+01|-0.9972E+00| 0.5743E+01| 0.1061E+01|
-------------------------------------------------
| 0.4270E+01|-0.9972E+00| 0.5743E+01| 0.1061E+01|
-------------------------------------------------
| 0.4280E+01|-0.9972E+00| 0.5743E+01| 0.1061E+01|
-------------------------------------------------
| 0.4290E+01|-0.9972E+00| 0.5743E+01| 0.1061E+01|
-------------------------------------------------
| 0.4300E+01|-0.9972E+00| 0.5743E+01| 0.1061E+01|
-------------------------------------------------
| 0.4310E+01|-0.9972E+00| 0.5742E+01| 0.1061E+01|
-------------------------------------------------
| 0.4320E+01|-0.9972E+00| 0.5742E+01| 0.1061E+01|
-------------------------------------------------
| 0.4330E+01|-0.9971E+00| 0.5742E+01| 0.1061E+01|
-------------------------------------------------
| 0.4340E+01|-0.9971E+00| 0.5742E+01| 0.1061E+01|
-------------------------------------------------
| 0.4350E+01|-0.9971E+00| 0.5742E+01| 0.1061E+01|
-------------------------------------------------
| 0.4360E+01|-0.9971E+00| 0.5742E+01| 0.1061E+01|
-------------------------------------------------
| 0.4370E+01|-0.9971E+00| 0.5742E+01| 0.1061E+01|
-------------------------------------------------
| 0.4380E+01|-0.9971E+00| 0.5742E+01| 0.1061E+01|
-------------------------------------------------
| 0.4390E+01|-0.9971E+00| 0.5742E+01| 0.1061E+01|
-------------------------------------------------
| 0.4400E+01|-0.9971E+00| 0.5742E+01| 0.1061E+01|
-------------------------------------------------
| 0.4410E+01|-0.9970E+00| 0.5742E+01| 0.1061E+01|
-------------------------------------------------
| 0.4420E+01|-0.9970E+00| 0.5742E+01| 0.1061E+01|
-------------------------------------------------
| 0.4430E+01|-0.9970E+00| 0.5742E+01| 0.1061E+01|
-------------------------------------------------
| 0.4440E+01|-0.9970E+00| 0.5741E+01| 0.1061E+01|
-------------------------------------------------
| 0.4450E+01|-0.9970E+00| 0.5741E+01| 0.1061E+01|
-------------------------------------------------
| 0.4460E+01|-0.9970E+00| 0.5741E+01| 0.1061E+01|
-------------------------------------------------
| 0.4470E+01|-0.9970E+00| 0.5741E+01| 0.1061E+01|
-------------------------------------------------
| 0.4480E+01|-0.9969E+00| 0.5741E+01| 0.1061E+01|
-------------------------------------------------
| 0.4490E+01|-0.9969E+00| 0.5741E+01| 0.1061E+01|
-------------------------------------------------
| 0.4500E+01|-0.9969E+00| 0.5741E+01| 0.1061E+01|
-------------------------------------------------
| 0.4510E+01|-0.9969E+00| 0.5741E+01| 0.1061E+01|
-------------------------------------------------
| 0.4520E+01|-0.9969E+00| 0.5741E+01| 0.1061E+01|
-------------------------------------------------
| 0.4530E+01|-0.9969E+00| 0.5741E+01| 0.1061E+01|
-------------------------------------------------
| 0.4540E+01|-0.9969E+00| 0.5741E+01| 0.1061E+01|
-------------------------------------------------
| 0.4550E+01|-0.9968E+00| 0.5741E+01| 0.1061E+01|
-------------------------------------------------
| 0.4560E+01|-0.9968E+00| 0.5741E+01| 0.1061E+01|
-------------------------------------------------
| 0.4570E+01|-0.9968E+00| 0.5740E+01| 0.1061E+01|
-------------------------------------------------
| 0.4580E+01|-0.9968E+00| 0.5740E+01| 0.1061E+01|
-------------------------------------------------
| 0.4590E+01|-0.9968E+00| 0.5740E+01| 0.1061E+01|
-------------------------------------------------
| 0.4600E+01|-0.9968E+00| 0.5740E+01| 0.1061E+01|
-------------------------------------------------
| 0.4610E+01|-0.9968E+00| 0.5740E+01| 0.1061E+01|
-------------------------------------------------
| 0.4620E+01|-0.9968E+00| 0.5740E+01| 0.1061E+01|
-------------------------------------------------
| 0.4630E+01|-0.9967E+00| 0.5740E+01| 0.1061E+01|
-------------------------------------------------
| 0.4640E+01|-0.9967E+00| 0.5740E+01| 0.1061E+01|
-------------------------------------------------
| 0.4650E+01|-0.9967E+00| 0.5740E+01| 0.1061E+01|
-------------------------------------------------
| 0.4660E+01|-0.9967E+00| 0.5740E+01| 0.1061E+01|
-------------------------------------------------
| 0.4670E+01|-0.9967E+00| 0.5740E+01| 0.1061E+01|
-------------------------------------------------
| 0.4680E+01|-0.9967E+00| 0.5740E+01| 0.1061E+01|
-------------------------------------------------
| 0.4690E+01|-0.9967E+00| 0.5739E+01| 0.1061E+01|
-------------------------------------------------
| 0.4700E+01|-0.9966E+00| 0.5739E+01| 0.1061E+01|
-------------------------------------------------
| 0.4710E+01|-0.9966E+00| 0.5739E+01| 0.1061E+01|
-------------------------------------------------
| 0.4720E+01|-0.9966E+00| 0.5739E+01| 0.1061E+01|
-------------------------------------------------
| 0.4730E+01|-0.9966E+00| 0.5739E+01| 0.1061E+01|
-------------------------------------------------
| 0.4740E+01|-0.9966E+00| 0.5739E+01| 0.1061E+01|
-------------------------------------------------
| 0.4750E+01|-0.9966E+00| 0.5739E+01| 0.1061E+01|
-------------------------------------------------
| 0.4760E+01|-0.9966E+00| 0.5739E+01| 0.1061E+01|
-------------------------------------------------
| 0.4770E+01|-0.9965E+00| 0.5739E+01| 0.1060E+01|
-------------------------------------------------
| 0.4780E+01|-0.9965E+00| 0.5739E+01| 0.1060E+01|
-------------------------------------------------
| 0.4790E+01|-0.9965E+00| 0.5739E+01| 0.1060E+01|
-------------------------------------------------
| 0.4800E+01|-0.9965E+00| 0.5739E+01| 0.1060E+01|
-------------------------------------------------
| 0.4810E+01|-0.9965E+00| 0.5738E+01| 0.1060E+01|
-------------------------------------------------
| 0.4820E+01|-0.9965E+00| 0.5738E+01| 0.1060E+01|
-------------------------------------------------
| 0.4830E+01|-0.9964E+00| 0.5738E+01| 0.1060E+01|
-------------------------------------------------
| 0.4840E+01|-0.9964E+00| 0.5738E+01| 0.1060E+01|
-------------------------------------------------
| 0.4850E+01|-0.9964E+00| 0.5738E+01| 0.1060E+01|
-------------------------------------------------
| 0.4860E+01|-0.9964E+00| 0.5738E+01| 0.1060E+01|
-------------------------------------------------
| 0.4870E+01|-0.9964E+00| 0.5738E+01| 0.1060E+01|
-------------------------------------------------
| 0.4880E+01|-0.9964E+00| 0.5738E+01| 0.1060E+01|
-------------------------------------------------
| 0.4890E+01|-0.9964E+00| 0.5738E+01| 0.1060E+01|
-------------------------------------------------
| 0.4900E+01|-0.9963E+00| 0.5738E+01| 0.1060E+01|
-------------------------------------------------
| 0.4910E+01|-0.9963E+00| 0.5738E+01| 0.1060E+01|
-------------------------------------------------
| 0.4920E+01|-0.9963E+00| 0.5738E+01| 0.1060E+01|
-------------------------------------------------
| 0.4930E+01|-0.9963E+00| 0.5737E+01| 0.1060E+01|
-------------------------------------------------
| 0.4940E+01|-0.9963E+00| 0.5737E+01| 0.1060E+01|
-------------------------------------------------
| 0.4950E+01|-0.9963E+00| 0.5737E+01| 0.1060E+01|
-------------------------------------------------
| 0.4960E+01|-0.9963E+00| 0.5737E+01| 0.1060E+01|
-------------------------------------------------
| 0.4970E+01|-0.9962E+00| 0.5737E+01| 0.1060E+01|
-------------------------------------------------
| 0.4980E+01|-0.9962E+00| 0.5737E+01| 0.1060E+01|
-------------------------------------------------
| 0.4990E+01|-0.9962E+00| 0.5737E+01| 0.1060E+01|
-------------------------------------------------
| 0.5000E+01|-0.9962E+00| 0.5737E+01| 0.1060E+01|
-------------------------------------------------
| 0.5010E+01|-0.9962E+00| 0.5737E+01| 0.1060E+01|
-------------------------------------------------
| 0.5020E+01|-0.9962E+00| 0.5737E+01| 0.1060E+01|
-------------------------------------------------
| 0.5030E+01|-0.9961E+00| 0.5737E+01| 0.1060E+01|
-------------------------------------------------
| 0.5040E+01|-0.9961E+00| 0.5737E+01| 0.1060E+01|
-------------------------------------------------
| 0.5050E+01|-0.9961E+00| 0.5736E+01| 0.1060E+01|
-------------------------------------------------
| 0.5060E+01|-0.9961E+00| 0.5736E+01| 0.1060E+01|
-------------------------------------------------
| 0.5070E+01|-0.9961E+00| 0.5736E+01| 0.1060E+01|
-------------------------------------------------
| 0.5080E+01|-0.9961E+00| 0.5736E+01| 0.1060E+01|
-------------------------------------------------
| 0.5090E+01|-0.9961E+00| 0.5736E+01| 0.1060E+01|
-------------------------------------------------
| 0.5100E+01|-0.9960E+00| 0.5736E+01| 0.1060E+01|
-------------------------------------------------
| 0.5110E+01|-0.9960E+00| 0.5736E+01| 0.1060E+01|
-------------------------------------------------
| 0.5120E+01|-0.9960E+00| 0.5736E+01| 0.1060E+01|
-------------------------------------------------
| 0.5130E+01|-0.9960E+00| 0.5736E+01| 0.1060E+01|
-------------------------------------------------
| 0.5140E+01|-0.9960E+00| 0.5736E+01| 0.1060E+01|
-------------------------------------------------
| 0.5150E+01|-0.9960E+00| 0.5736E+01| 0.1060E+01|
-------------------------------------------------
| 0.5160E+01|-0.9959E+00| 0.5735E+01| 0.1060E+01|
-------------------------------------------------
| 0.5170E+01|-0.9959E+00| 0.5735E+01| 0.1060E+01|
-------------------------------------------------
| 0.5180E+01|-0.9959E+00| 0.5735E+01| 0.1060E+01|
-------------------------------------------------
| 0.5190E+01|-0.9959E+00| 0.5735E+01| 0.1060E+01|
-------------------------------------------------
| 0.5200E+01|-0.9959E+00| 0.5735E+01| 0.1060E+01|
-------------------------------------------------
| 0.5210E+01|-0.9959E+00| 0.5735E+01| 0.1060E+01|
-------------------------------------------------
| 0.5220E+01|-0.9959E+00| 0.5735E+01| 0.1060E+01|
-------------------------------------------------
| 0.5230E+01|-0.9958E+00| 0.5735E+01| 0.1060E+01|
-------------------------------------------------
| 0.5240E+01|-0.9958E+00| 0.5735E+01| 0.1060E+01|
-------------------------------------------------
| 0.5250E+01|-0.9958E+00| 0.5735E+01| 0.1060E+01|
-------------------------------------------------
| 0.5260E+01|-0.9958E+00| 0.5735E+01| 0.1060E+01|
-------------------------------------------------
| 0.5270E+01|-0.9958E+00| 0.5734E+01| 0.1060E+01|
-------------------------------------------------
| 0.5280E+01|-0.9958E+00| 0.5734E+01| 0.1060E+01|
-------------------------------------------------
| 0.5290E+01|-0.9957E+00| 0.5734E+01| 0.1060E+01|
-------------------------------------------------
| 0.5300E+01|-0.9957E+00| 0.5734E+01| 0.1060E+01|
-------------------------------------------------
| 0.5310E+01|-0.9957E+00| 0.5734E+01| 0.1060E+01|
-------------------------------------------------
| 0.5320E+01|-0.9957E+00| 0.5734E+01| 0.1060E+01|
-------------------------------------------------
| 0.5330E+01|-0.9957E+00| 0.5734E+01| 0.1060E+01|
-------------------------------------------------
| 0.5340E+01|-0.9957E+00| 0.5734E+01| 0.1060E+01|
-------------------------------------------------
| 0.5350E+01|-0.9956E+00| 0.5734E+01| 0.1060E+01|
-------------------------------------------------
| 0.5360E+01|-0.9956E+00| 0.5734E+01| 0.1060E+01|
-------------------------------------------------
| 0.5370E+01|-0.9956E+00| 0.5733E+01| 0.1060E+01|
-------------------------------------------------
| 0.5380E+01|-0.9956E+00| 0.5733E+01| 0.1059E+01|
-------------------------------------------------
| 0.5390E+01|-0.9956E+00| 0.5733E+01| 0.1059E+01|
-------------------------------------------------
| 0.5400E+01|-0.9956E+00| 0.5733E+01| 0.1059E+01|
-------------------------------------------------
| 0.5410E+01|-0.9955E+00| 0.5733E+01| 0.1059E+01|
-------------------------------------------------
| 0.5420E+01|-0.9955E+00| 0.5733E+01| 0.1059E+01|
-------------------------------------------------
| 0.5430E+01|-0.9955E+00| 0.5733E+01| 0.1059E+01|
-------------------------------------------------
| 0.5440E+01|-0.9955E+00| 0.5733E+01| 0.1059E+01|
-------------------------------------------------
| 0.5450E+01|-0.9955E+00| 0.5733E+01| 0.1059E+01|
-------------------------------------------------
| 0.5460E+01|-0.9955E+00| 0.5733E+01| 0.1059E+01|
-------------------------------------------------
| 0.5470E+01|-0.9954E+00| 0.5733E+01| 0.1059E+01|
-------------------------------------------------
| 0.5480E+01|-0.9954E+00| 0.5732E+01| 0.1059E+01|
-------------------------------------------------
| 0.5490E+01|-0.9954E+00| 0.5732E+01| 0.1059E+01|
-------------------------------------------------
| 0.5500E+01|-0.9954E+00| 0.5732E+01| 0.1059E+01|
-------------------------------------------------
| 0.5510E+01|-0.9954E+00| 0.5732E+01| 0.1059E+01|
-------------------------------------------------
| 0.5520E+01|-0.9954E+00| 0.5732E+01| 0.1059E+01|
-------------------------------------------------
| 0.5530E+01|-0.9953E+00| 0.5732E+01| 0.1059E+01|
-------------------------------------------------
| 0.5540E+01|-0.9953E+00| 0.5732E+01| 0.1059E+01|
-------------------------------------------------
| 0.5550E+01|-0.9953E+00| 0.5732E+01| 0.1059E+01|
-------------------------------------------------
| 0.5560E+01|-0.9953E+00| 0.5732E+01| 0.1059E+01|
-------------------------------------------------
| 0.5570E+01|-0.9953E+00| 0.5732E+01| 0.1059E+01|
-------------------------------------------------
| 0.5580E+01|-0.9953E+00| 0.5731E+01| 0.1059E+01|
-------------------------------------------------
| 0.5590E+01|-0.9952E+00| 0.5731E+01| 0.1059E+01|
-------------------------------------------------
| 0.5600E+01|-0.9952E+00| 0.5731E+01| 0.1059E+01|
-------------------------------------------------
| 0.5610E+01|-0.9952E+00| 0.5731E+01| 0.1059E+01|
-------------------------------------------------
| 0.5620E+01|-0.9952E+00| 0.5731E+01| 0.1059E+01|
-------------------------------------------------
| 0.5630E+01|-0.9952E+00| 0.5731E+01| 0.1059E+01|
-------------------------------------------------
| 0.5640E+01|-0.9952E+00| 0.5731E+01| 0.1059E+01|
-------------------------------------------------
| 0.5650E+01|-0.9951E+00| 0.5731E+01| 0.1059E+01|
-------------------------------------------------
| 0.5660E+01|-0.9951E+00| 0.5731E+01| 0.1059E+01|
-------------------------------------------------
| 0.5670E+01|-0.9951E+00| 0.5731E+01| 0.1059E+01|
-------------------------------------------------
| 0.5680E+01|-0.9951E+00| 0.5730E+01| 0.1059E+01|
-------------------------------------------------
| 0.5690E+01|-0.9951E+00| 0.5730E+01| 0.1059E+01|
-------------------------------------------------
| 0.5700E+01|-0.9951E+00| 0.5730E+01| 0.1059E+01|
-------------------------------------------------
| 0.5710E+01|-0.9950E+00| 0.5730E+01| 0.1059E+01|
-------------------------------------------------
| 0.5720E+01|-0.9950E+00| 0.5730E+01| 0.1059E+01|
-------------------------------------------------
| 0.5730E+01|-0.9950E+00| 0.5730E+01| 0.1059E+01|
-------------------------------------------------
| 0.5740E+01|-0.9950E+00| 0.5730E+01| 0.1059E+01|
-------------------------------------------------
| 0.5750E+01|-0.9950E+00| 0.5730E+01| 0.1059E+01|
-------------------------------------------------
| 0.5760E+01|-0.9950E+00| 0.5730E+01| 0.1059E+01|
-------------------------------------------------
| 0.5770E+01|-0.9949E+00| 0.5730E+01| 0.1059E+01|
-------------------------------------------------
| 0.5780E+01|-0.9949E+00| 0.5729E+01| 0.1059E+01|
-------------------------------------------------
| 0.5790E+01|-0.9949E+00| 0.5729E+01| 0.1059E+01|
-------------------------------------------------
| 0.5800E+01|-0.9949E+00| 0.5729E+01| 0.1059E+01|
-------------------------------------------------
| 0.5810E+01|-0.9949E+00| 0.5729E+01| 0.1059E+01|
-------------------------------------------------
| 0.5820E+01|-0.9948E+00| 0.5729E+01| 0.1059E+01|
-------------------------------------------------
| 0.5830E+01|-0.9948E+00| 0.5729E+01| 0.1059E+01|
-------------------------------------------------
| 0.5840E+01|-0.9948E+00| 0.5729E+01| 0.1059E+01|
-------------------------------------------------
| 0.5850E+01|-0.9948E+00| 0.5729E+01| 0.1059E+01|
-------------------------------------------------
| 0.5860E+01|-0.9948E+00| 0.5729E+01| 0.1059E+01|
-------------------------------------------------
| 0.5870E+01|-0.9948E+00| 0.5729E+01| 0.1059E+01|
-------------------------------------------------
| 0.5880E+01|-0.9947E+00| 0.5728E+01| 0.1059E+01|
-------------------------------------------------
| 0.5890E+01|-0.9947E+00| 0.5728E+01| 0.1059E+01|
-------------------------------------------------
| 0.5900E+01|-0.9947E+00| 0.5728E+01| 0.1059E+01|
-------------------------------------------------
| 0.5910E+01|-0.9947E+00| 0.5728E+01| 0.1059E+01|
-------------------------------------------------
| 0.5920E+01|-0.9947E+00| 0.5728E+01| 0.1059E+01|
-------------------------------------------------
| 0.5930E+01|-0.9946E+00| 0.5728E+01| 0.1058E+01|
-------------------------------------------------
| 0.5940E+01|-0.9946E+00| 0.5728E+01| 0.1058E+01|
-------------------------------------------------
| 0.5950E+01|-0.9946E+00| 0.5728E+01| 0.1058E+01|
-------------------------------------------------
| 0.5960E+01|-0.9946E+00| 0.5728E+01| 0.1058E+01|
-------------------------------------------------
| 0.5970E+01|-0.9946E+00| 0.5728E+01| 0.1058E+01|
-------------------------------------------------
| 0.5980E+01|-0.9946E+00| 0.5727E+01| 0.1058E+01|
-------------------------------------------------
| 0.5990E+01|-0.9945E+00| 0.5727E+01| 0.1058E+01|
-------------------------------------------------
| 0.6000E+01|-0.9945E+00| 0.5727E+01| 0.1058E+01|
-------------------------------------------------
| 0.6010E+01|-0.9945E+00| 0.5727E+01| 0.1058E+01|
-------------------------------------------------
| 0.6020E+01|-0.9945E+00| 0.5727E+01| 0.1058E+01|
-------------------------------------------------
| 0.6030E+01|-0.9945E+00| 0.5727E+01| 0.1058E+01|
-------------------------------------------------
| 0.6040E+01|-0.9944E+00| 0.5727E+01| 0.1058E+01|
-------------------------------------------------
| 0.6050E+01|-0.9944E+00| 0.5727E+01| 0.1058E+01|
-------------------------------------------------
| 0.6060E+01|-0.9944E+00| 0.5727E+01| 0.1058E+01|
-------------------------------------------------
| 0.6070E+01|-0.9944E+00| 0.5726E+01| 0.1058E+01|
-------------------------------------------------
| 0.6080E+01|-0.9944E+00| 0.5726E+01| 0.1058E+01|
-------------------------------------------------
| 0.6090E+01|-0.9944E+00| 0.5726E+01| 0.1058E+01|
-------------------------------------------------
| 0.6100E+01|-0.9943E+00| 0.5726E+01| 0.1058E+01|
-------------------------------------------------
| 0.6110E+01|-0.9943E+00| 0.5726E+01| 0.1058E+01|
-------------------------------------------------
| 0.6120E+01|-0.9943E+00| 0.5726E+01| 0.1058E+01|
-------------------------------------------------
| 0.6130E+01|-0.9943E+00| 0.5726E+01| 0.1058E+01|
-------------------------------------------------
| 0.6140E+01|-0.9943E+00| 0.5726E+01| 0.1058E+01|
-------------------------------------------------
| 0.6150E+01|-0.9942E+00| 0.5726E+01| 0.1058E+01|
-------------------------------------------------
| 0.6160E+01|-0.9942E+00| 0.5726E+01| 0.1058E+01|
-------------------------------------------------
| 0.6170E+01|-0.9942E+00| 0.5725E+01| 0.1058E+01|
-------------------------------------------------
| 0.6180E+01|-0.9942E+00| 0.5725E+01| 0.1058E+01|
-------------------------------------------------
| 0.6190E+01|-0.9942E+00| 0.5725E+01| 0.1058E+01|
-------------------------------------------------
| 0.6200E+01|-0.9942E+00| 0.5725E+01| 0.1058E+01|
-------------------------------------------------
| 0.6210E+01|-0.9941E+00| 0.5725E+01| 0.1058E+01|
-------------------------------------------------
| 0.6220E+01|-0.9941E+00| 0.5725E+01| 0.1058E+01|
-------------------------------------------------
| 0.6230E+01|-0.9941E+00| 0.5725E+01| 0.1058E+01|
-------------------------------------------------
| 0.6240E+01|-0.9941E+00| 0.5725E+01| 0.1058E+01|
-------------------------------------------------
| 0.6250E+01|-0.9941E+00| 0.5725E+01| 0.1058E+01|
-------------------------------------------------
| 0.6260E+01|-0.9940E+00| 0.5724E+01| 0.1058E+01|
-------------------------------------------------
| 0.6270E+01|-0.9940E+00| 0.5724E+01| 0.1058E+01|
-------------------------------------------------
| 0.6280E+01|-0.9940E+00| 0.5724E+01| 0.1058E+01|
-------------------------------------------------
| 0.6290E+01|-0.9940E+00| 0.5724E+01| 0.1058E+01|
-------------------------------------------------
| 0.6300E+01|-0.9940E+00| 0.5724E+01| 0.1058E+01|
-------------------------------------------------
| 0.6310E+01|-0.9939E+00| 0.5724E+01| 0.1058E+01|
-------------------------------------------------
| 0.6320E+01|-0.9939E+00| 0.5724E+01| 0.1058E+01|
-------------------------------------------------
| 0.6330E+01|-0.9939E+00| 0.5724E+01| 0.1058E+01|
-------------------------------------------------
| 0.6340E+01|-0.9939E+00| 0.5724E+01| 0.1058E+01|
-------------------------------------------------
| 0.6350E+01|-0.9939E+00| 0.5723E+01| 0.1058E+01|
-------------------------------------------------
| 0.6360E+01|-0.9938E+00| 0.5723E+01| 0.1058E+01|
-------------------------------------------------
| 0.6370E+01|-0.9938E+00| 0.5723E+01| 0.1058E+01|
-------------------------------------------------
| 0.6380E+01|-0.9938E+00| 0.5723E+01| 0.1058E+01|
-------------------------------------------------
| 0.6390E+01|-0.9938E+00| 0.5723E+01| 0.1058E+01|
-------------------------------------------------
| 0.6400E+01|-0.9938E+00| 0.5723E+01| 0.1058E+01|
-------------------------------------------------
| 0.6410E+01|-0.9937E+00| 0.5723E+01| 0.1058E+01|
-------------------------------------------------
| 0.6420E+01|-0.9937E+00| 0.5723E+01| 0.1058E+01|
-------------------------------------------------
| 0.6430E+01|-0.9937E+00| 0.5723E+01| 0.1057E+01|
-------------------------------------------------
| 0.6440E+01|-0.9937E+00| 0.5722E+01| 0.1057E+01|
-------------------------------------------------
| 0.6450E+01|-0.9937E+00| 0.5722E+01| 0.1057E+01|
-------------------------------------------------
| 0.6460E+01|-0.9937E+00| 0.5722E+01| 0.1057E+01|
-------------------------------------------------
| 0.6470E+01|-0.9936E+00| 0.5722E+01| 0.1057E+01|
-------------------------------------------------
| 0.6480E+01|-0.9936E+00| 0.5722E+01| 0.1057E+01|
-------------------------------------------------
| 0.6490E+01|-0.9936E+00| 0.5722E+01| 0.1057E+01|
-------------------------------------------------
| 0.6500E+01|-0.9936E+00| 0.5722E+01| 0.1057E+01|
-------------------------------------------------
| 0.6510E+01|-0.9936E+00| 0.5722E+01| 0.1057E+01|
-------------------------------------------------
| 0.6520E+01|-0.9935E+00| 0.5722E+01| 0.1057E+01|
-------------------------------------------------
| 0.6530E+01|-0.9935E+00| 0.5721E+01| 0.1057E+01|
-------------------------------------------------
| 0.6540E+01|-0.9935E+00| 0.5721E+01| 0.1057E+01|
-------------------------------------------------
| 0.6550E+01|-0.9935E+00| 0.5721E+01| 0.1057E+01|
-------------------------------------------------
| 0.6560E+01|-0.9935E+00| 0.5721E+01| 0.1057E+01|
-------------------------------------------------
| 0.6570E+01|-0.9934E+00| 0.5721E+01| 0.1057E+01|
-------------------------------------------------
| 0.6580E+01|-0.9934E+00| 0.5721E+01| 0.1057E+01|
-------------------------------------------------
| 0.6590E+01|-0.9934E+00| 0.5721E+01| 0.1057E+01|
-------------------------------------------------
| 0.6600E+01|-0.9934E+00| 0.5721E+01| 0.1057E+01|
-------------------------------------------------
| 0.6610E+01|-0.9934E+00| 0.5720E+01| 0.1057E+01|
-------------------------------------------------
| 0.6620E+01|-0.9933E+00| 0.5720E+01| 0.1057E+01|
-------------------------------------------------
| 0.6630E+01|-0.9933E+00| 0.5720E+01| 0.1057E+01|
-------------------------------------------------
| 0.6640E+01|-0.9933E+00| 0.5720E+01| 0.1057E+01|
-------------------------------------------------
| 0.6650E+01|-0.9933E+00| 0.5720E+01| 0.1057E+01|
-------------------------------------------------
| 0.6660E+01|-0.9933E+00| 0.5720E+01| 0.1057E+01|
-------------------------------------------------
| 0.6670E+01|-0.9932E+00| 0.5720E+01| 0.1057E+01|
-------------------------------------------------
| 0.6680E+01|-0.9932E+00| 0.5720E+01| 0.1057E+01|
-------------------------------------------------
| 0.6690E+01|-0.9932E+00| 0.5720E+01| 0.1057E+01|
-------------------------------------------------
| 0.6700E+01|-0.9932E+00| 0.5719E+01| 0.1057E+01|
-------------------------------------------------
| 0.6710E+01|-0.9932E+00| 0.5719E+01| 0.1057E+01|
-------------------------------------------------
| 0.6720E+01|-0.9931E+00| 0.5719E+01| 0.1057E+01|
-------------------------------------------------
| 0.6730E+01|-0.9931E+00| 0.5719E+01| 0.1057E+01|
-------------------------------------------------
| 0.6740E+01|-0.9931E+00| 0.5719E+01| 0.1057E+01|
-------------------------------------------------
| 0.6750E+01|-0.9931E+00| 0.5719E+01| 0.1057E+01|
-------------------------------------------------
| 0.6760E+01|-0.9930E+00| 0.5719E+01| 0.1057E+01|
-------------------------------------------------
| 0.6770E+01|-0.9930E+00| 0.5719E+01| 0.1057E+01|
-------------------------------------------------
| 0.6780E+01|-0.9930E+00| 0.5718E+01| 0.1057E+01|
-------------------------------------------------
| 0.6790E+01|-0.9930E+00| 0.5718E+01| 0.1057E+01|
-------------------------------------------------
| 0.6800E+01|-0.9930E+00| 0.5718E+01| 0.1057E+01|
-------------------------------------------------
| 0.6810E+01|-0.9929E+00| 0.5718E+01| 0.1057E+01|
-------------------------------------------------
| 0.6820E+01|-0.9929E+00| 0.5718E+01| 0.1057E+01|
-------------------------------------------------
| 0.6830E+01|-0.9929E+00| 0.5718E+01| 0.1057E+01|
-------------------------------------------------
| 0.6840E+01|-0.9929E+00| 0.5718E+01| 0.1057E+01|
-------------------------------------------------
| 0.6850E+01|-0.9929E+00| 0.5718E+01| 0.1057E+01|
-------------------------------------------------
| 0.6860E+01|-0.9928E+00| 0.5718E+01| 0.1057E+01|
-------------------------------------------------
| 0.6870E+01|-0.9928E+00| 0.5717E+01| 0.1057E+01|
-------------------------------------------------
| 0.6880E+01|-0.9928E+00| 0.5717E+01| 0.1057E+01|
-------------------------------------------------
| 0.6890E+01|-0.9928E+00| 0.5717E+01| 0.1056E+01|
-------------------------------------------------
| 0.6900E+01|-0.9928E+00| 0.5717E+01| 0.1056E+01|
-------------------------------------------------
| 0.6910E+01|-0.9927E+00| 0.5717E+01| 0.1056E+01|
-------------------------------------------------
| 0.6920E+01|-0.9927E+00| 0.5717E+01| 0.1056E+01|
-------------------------------------------------
| 0.6930E+01|-0.9927E+00| 0.5717E+01| 0.1056E+01|
-------------------------------------------------
| 0.6940E+01|-0.9927E+00| 0.5717E+01| 0.1056E+01|
-------------------------------------------------
| 0.6950E+01|-0.9927E+00| 0.5716E+01| 0.1056E+01|
-------------------------------------------------
| 0.6960E+01|-0.9926E+00| 0.5716E+01| 0.1056E+01|
-------------------------------------------------
| 0.6970E+01|-0.9926E+00| 0.5716E+01| 0.1056E+01|
-------------------------------------------------
| 0.6980E+01|-0.9926E+00| 0.5716E+01| 0.1056E+01|
-------------------------------------------------
| 0.6990E+01|-0.9926E+00| 0.5716E+01| 0.1056E+01|
-------------------------------------------------
| 0.7000E+01|-0.9925E+00| 0.5716E+01| 0.1056E+01|
-------------------------------------------------
| 0.7010E+01|-0.9925E+00| 0.5716E+01| 0.1056E+01|
-------------------------------------------------
| 0.7020E+01|-0.9925E+00| 0.5716E+01| 0.1056E+01|
-------------------------------------------------
| 0.7030E+01|-0.9925E+00| 0.5715E+01| 0.1056E+01|
-------------------------------------------------
| 0.7040E+01|-0.9925E+00| 0.5715E+01| 0.1056E+01|
-------------------------------------------------
| 0.7050E+01|-0.9924E+00| 0.5715E+01| 0.1056E+01|
-------------------------------------------------
| 0.7060E+01|-0.9924E+00| 0.5715E+01| 0.1056E+01|
-------------------------------------------------
| 0.7070E+01|-0.9924E+00| 0.5715E+01| 0.1056E+01|
-------------------------------------------------
| 0.7080E+01|-0.9924E+00| 0.5715E+01| 0.1056E+01|
-------------------------------------------------
| 0.7090E+01|-0.9924E+00| 0.5715E+01| 0.1056E+01|
-------------------------------------------------
| 0.7100E+01|-0.9923E+00| 0.5715E+01| 0.1056E+01|
-------------------------------------------------
| 0.7110E+01|-0.9923E+00| 0.5714E+01| 0.1056E+01|
-------------------------------------------------
| 0.7120E+01|-0.9923E+00| 0.5714E+01| 0.1056E+01|
-------------------------------------------------
| 0.7130E+01|-0.9923E+00| 0.5714E+01| 0.1056E+01|
-------------------------------------------------
| 0.7140E+01|-0.9922E+00| 0.5714E+01| 0.1056E+01|
-------------------------------------------------
| 0.7150E+01|-0.9922E+00| 0.5714E+01| 0.1056E+01|
-------------------------------------------------
| 0.7160E+01|-0.9922E+00| 0.5714E+01| 0.1056E+01|
-------------------------------------------------
| 0.7170E+01|-0.9922E+00| 0.5714E+01| 0.1056E+01|
-------------------------------------------------
| 0.7180E+01|-0.9922E+00| 0.5714E+01| 0.1056E+01|
-------------------------------------------------
| 0.7190E+01|-0.9921E+00| 0.5713E+01| 0.1056E+01|
-------------------------------------------------
| 0.7200E+01|-0.9921E+00| 0.5713E+01| 0.1056E+01|
-------------------------------------------------
| 0.7210E+01|-0.9921E+00| 0.5713E+01| 0.1056E+01|
-------------------------------------------------
| 0.7220E+01|-0.9921E+00| 0.5713E+01| 0.1056E+01|
-------------------------------------------------
| 0.7230E+01|-0.9920E+00| 0.5713E+01| 0.1056E+01|
-------------------------------------------------
| 0.7240E+01|-0.9920E+00| 0.5713E+01| 0.1056E+01|
-------------------------------------------------
| 0.7250E+01|-0.9920E+00| 0.5713E+01| 0.1056E+01|
-------------------------------------------------
| 0.7260E+01|-0.9920E+00| 0.5713E+01| 0.1056E+01|
-------------------------------------------------
| 0.7270E+01|-0.9920E+00| 0.5712E+01| 0.1056E+01|
-------------------------------------------------
| 0.7280E+01|-0.9919E+00| 0.5712E+01| 0.1056E+01|
-------------------------------------------------
| 0.7290E+01|-0.9919E+00| 0.5712E+01| 0.1056E+01|
-------------------------------------------------
| 0.7300E+01|-0.9919E+00| 0.5712E+01| 0.1056E+01|
-------------------------------------------------
| 0.7310E+01|-0.9919E+00| 0.5712E+01| 0.1056E+01|
-------------------------------------------------
| 0.7320E+01|-0.9919E+00| 0.5712E+01| 0.1056E+01|
-------------------------------------------------
| 0.7330E+01|-0.9918E+00| 0.5712E+01| 0.1055E+01|
-------------------------------------------------
| 0.7340E+01|-0.9918E+00| 0.5712E+01| 0.1055E+01|
-------------------------------------------------
| 0.7350E+01|-0.9918E+00| 0.5711E+01| 0.1055E+01|
-------------------------------------------------
| 0.7360E+01|-0.9918E+00| 0.5711E+01| 0.1055E+01|
-------------------------------------------------
| 0.7370E+01|-0.9917E+00| 0.5711E+01| 0.1055E+01|
-------------------------------------------------
| 0.7380E+01|-0.9917E+00| 0.5711E+01| 0.1055E+01|
-------------------------------------------------
| 0.7390E+01|-0.9917E+00| 0.5711E+01| 0.1055E+01|
-------------------------------------------------
| 0.7400E+01|-0.9917E+00| 0.5711E+01| 0.1055E+01|
-------------------------------------------------
| 0.7410E+01|-0.9916E+00| 0.5711E+01| 0.1055E+01|
-------------------------------------------------
| 0.7420E+01|-0.9916E+00| 0.5711E+01| 0.1055E+01|
-------------------------------------------------
| 0.7430E+01|-0.9916E+00| 0.5710E+01| 0.1055E+01|
-------------------------------------------------
| 0.7440E+01|-0.9916E+00| 0.5710E+01| 0.1055E+01|
-------------------------------------------------
| 0.7450E+01|-0.9916E+00| 0.5710E+01| 0.1055E+01|
-------------------------------------------------
| 0.7460E+01|-0.9915E+00| 0.5710E+01| 0.1055E+01|
-------------------------------------------------
| 0.7470E+01|-0.9915E+00| 0.5710E+01| 0.1055E+01|
-------------------------------------------------
| 0.7480E+01|-0.9915E+00| 0.5710E+01| 0.1055E+01|
-------------------------------------------------
| 0.7490E+01|-0.9915E+00| 0.5710E+01| 0.1055E+01|
-------------------------------------------------
| 0.7500E+01|-0.9914E+00| 0.5710E+01| 0.1055E+01|
-------------------------------------------------
| 0.7510E+01|-0.9914E+00| 0.5709E+01| 0.1055E+01|
-------------------------------------------------
| 0.7520E+01|-0.9914E+00| 0.5709E+01| 0.1055E+01|
-------------------------------------------------
| 0.7530E+01|-0.9914E+00| 0.5709E+01| 0.1055E+01|
-------------------------------------------------
| 0.7540E+01|-0.9914E+00| 0.5709E+01| 0.1055E+01|
-------------------------------------------------
| 0.7550E+01|-0.9913E+00| 0.5709E+01| 0.1055E+01|
-------------------------------------------------
| 0.7560E+01|-0.9913E+00| 0.5709E+01| 0.1055E+01|
-------------------------------------------------
| 0.7570E+01|-0.9913E+00| 0.5709E+01| 0.1055E+01|
-------------------------------------------------
| 0.7580E+01|-0.9913E+00| 0.5708E+01| 0.1055E+01|
-------------------------------------------------
| 0.7590E+01|-0.9912E+00| 0.5708E+01| 0.1055E+01|
-------------------------------------------------
| 0.7600E+01|-0.9912E+00| 0.5708E+01| 0.1055E+01|
-------------------------------------------------
| 0.7610E+01|-0.9912E+00| 0.5708E+01| 0.1055E+01|
-------------------------------------------------
| 0.7620E+01|-0.9912E+00| 0.5708E+01| 0.1055E+01|
-------------------------------------------------
| 0.7630E+01|-0.9911E+00| 0.5708E+01| 0.1055E+01|
-------------------------------------------------
| 0.7640E+01|-0.9911E+00| 0.5708E+01| 0.1055E+01|
-------------------------------------------------
| 0.7650E+01|-0.9911E+00| 0.5708E+01| 0.1055E+01|
-------------------------------------------------
| 0.7660E+01|-0.9911E+00| 0.5707E+01| 0.1055E+01|
-------------------------------------------------
| 0.7670E+01|-0.9911E+00| 0.5707E+01| 0.1055E+01|
-------------------------------------------------
| 0.7680E+01|-0.9910E+00| 0.5707E+01| 0.1055E+01|
-------------------------------------------------
| 0.7690E+01|-0.9910E+00| 0.5707E+01| 0.1055E+01|
-------------------------------------------------
| 0.7700E+01|-0.9910E+00| 0.5707E+01| 0.1055E+01|
-------------------------------------------------
| 0.7710E+01|-0.9910E+00| 0.5707E+01| 0.1055E+01|
-------------------------------------------------
| 0.7720E+01|-0.9909E+00| 0.5707E+01| 0.1055E+01|
-------------------------------------------------
| 0.7730E+01|-0.9909E+00| 0.5706E+01| 0.1055E+01|
-------------------------------------------------
| 0.7740E+01|-0.9909E+00| 0.5706E+01| 0.1054E+01|
-------------------------------------------------
| 0.7750E+01|-0.9909E+00| 0.5706E+01| 0.1054E+01|
-------------------------------------------------
| 0.7760E+01|-0.9908E+00| 0.5706E+01| 0.1054E+01|
-------------------------------------------------
| 0.7770E+01|-0.9908E+00| 0.5706E+01| 0.1054E+01|
-------------------------------------------------
| 0.7780E+01|-0.9908E+00| 0.5706E+01| 0.1054E+01|
-------------------------------------------------
| 0.7790E+01|-0.9908E+00| 0.5706E+01| 0.1054E+01|
-------------------------------------------------
| 0.7800E+01|-0.9907E+00| 0.5705E+01| 0.1054E+01|
-------------------------------------------------
| 0.7810E+01|-0.9907E+00| 0.5705E+01| 0.1054E+01|
-------------------------------------------------
| 0.7820E+01|-0.9907E+00| 0.5705E+01| 0.1054E+01|
-------------------------------------------------
| 0.7830E+01|-0.9907E+00| 0.5705E+01| 0.1054E+01|
-------------------------------------------------
| 0.7840E+01|-0.9907E+00| 0.5705E+01| 0.1054E+01|
-------------------------------------------------
| 0.7850E+01|-0.9906E+00| 0.5705E+01| 0.1054E+01|
-------------------------------------------------
| 0.7860E+01|-0.9906E+00| 0.5705E+01| 0.1054E+01|
-------------------------------------------------
| 0.7870E+01|-0.9906E+00| 0.5705E+01| 0.1054E+01|
-------------------------------------------------
| 0.7880E+01|-0.9906E+00| 0.5704E+01| 0.1054E+01|
-------------------------------------------------
| 0.7890E+01|-0.9905E+00| 0.5704E+01| 0.1054E+01|
-------------------------------------------------
| 0.7900E+01|-0.9905E+00| 0.5704E+01| 0.1054E+01|
-------------------------------------------------
| 0.7910E+01|-0.9905E+00| 0.5704E+01| 0.1054E+01|
-------------------------------------------------
| 0.7920E+01|-0.9905E+00| 0.5704E+01| 0.1054E+01|
-------------------------------------------------
| 0.7930E+01|-0.9904E+00| 0.5704E+01| 0.1054E+01|
-------------------------------------------------
| 0.7940E+01|-0.9904E+00| 0.5704E+01| 0.1054E+01|
-------------------------------------------------
| 0.7950E+01|-0.9904E+00| 0.5703E+01| 0.1054E+01|
-------------------------------------------------
| 0.7960E+01|-0.9904E+00| 0.5703E+01| 0.1054E+01|
-------------------------------------------------
| 0.7970E+01|-0.9903E+00| 0.5703E+01| 0.1054E+01|
-------------------------------------------------
| 0.7980E+01|-0.9903E+00| 0.5703E+01| 0.1054E+01|
-------------------------------------------------
| 0.7990E+01|-0.9903E+00| 0.5703E+01| 0.1054E+01|
-------------------------------------------------
| 0.8000E+01|-0.9903E+00| 0.5703E+01| 0.1054E+01|
-------------------------------------------------
| 0.8010E+01|-0.9902E+00| 0.5703E+01| 0.1054E+01|
-------------------------------------------------
| 0.8020E+01|-0.9902E+00| 0.5702E+01| 0.1054E+01|
-------------------------------------------------
| 0.8030E+01|-0.9902E+00| 0.5702E+01| 0.1054E+01|
-------------------------------------------------
| 0.8040E+01|-0.9902E+00| 0.5702E+01| 0.1054E+01|
-------------------------------------------------
| 0.8050E+01|-0.9901E+00| 0.5702E+01| 0.1054E+01|
-------------------------------------------------
| 0.8060E+01|-0.9901E+00| 0.5702E+01| 0.1054E+01|
-------------------------------------------------
| 0.8070E+01|-0.9901E+00| 0.5702E+01| 0.1054E+01|
-------------------------------------------------
| 0.8080E+01|-0.9901E+00| 0.5702E+01| 0.1054E+01|
-------------------------------------------------
| 0.8090E+01|-0.9900E+00| 0.5701E+01| 0.1054E+01|
-------------------------------------------------
| 0.8100E+01|-0.9900E+00| 0.5701E+01| 0.1054E+01|
-------------------------------------------------
| 0.8110E+01|-0.9900E+00| 0.5701E+01| 0.1054E+01|
-------------------------------------------------
| 0.8120E+01|-0.9900E+00| 0.5701E+01| 0.1054E+01|
-------------------------------------------------
| 0.8130E+01|-0.9899E+00| 0.5701E+01| 0.1053E+01|
-------------------------------------------------
| 0.8140E+01|-0.9899E+00| 0.5701E+01| 0.1053E+01|
-------------------------------------------------
| 0.8150E+01|-0.9899E+00| 0.5701E+01| 0.1053E+01|
-------------------------------------------------
| 0.8160E+01|-0.9899E+00| 0.5700E+01| 0.1053E+01|
-------------------------------------------------
| 0.8170E+01|-0.9899E+00| 0.5700E+01| 0.1053E+01|
-------------------------------------------------
| 0.8180E+01|-0.9898E+00| 0.5700E+01| 0.1053E+01|
-------------------------------------------------
| 0.8190E+01|-0.9898E+00| 0.5700E+01| 0.1053E+01|
-------------------------------------------------
| 0.8200E+01|-0.9898E+00| 0.5700E+01| 0.1053E+01|
-------------------------------------------------
| 0.8210E+01|-0.9898E+00| 0.5700E+01| 0.1053E+01|
-------------------------------------------------
| 0.8220E+01|-0.9897E+00| 0.5700E+01| 0.1053E+01|
-------------------------------------------------
| 0.8230E+01|-0.9897E+00| 0.5699E+01| 0.1053E+01|
-------------------------------------------------
| 0.8240E+01|-0.9897E+00| 0.5699E+01| 0.1053E+01|
-------------------------------------------------
| 0.8250E+01|-0.9897E+00| 0.5699E+01| 0.1053E+01|
-------------------------------------------------
| 0.8260E+01|-0.9896E+00| 0.5699E+01| 0.1053E+01|
-------------------------------------------------
| 0.8270E+01|-0.9896E+00| 0.5699E+01| 0.1053E+01|
-------------------------------------------------
| 0.8280E+01|-0.9896E+00| 0.5699E+01| 0.1053E+01|
-------------------------------------------------
| 0.8290E+01|-0.9896E+00| 0.5699E+01| 0.1053E+01|
-------------------------------------------------
| 0.8300E+01|-0.9895E+00| 0.5698E+01| 0.1053E+01|
-------------------------------------------------
| 0.8310E+01|-0.9895E+00| 0.5698E+01| 0.1053E+01|
-------------------------------------------------
| 0.8320E+01|-0.9895E+00| 0.5698E+01| 0.1053E+01|
-------------------------------------------------
| 0.8330E+01|-0.9895E+00| 0.5698E+01| 0.1053E+01|
-------------------------------------------------
| 0.8340E+01|-0.9894E+00| 0.5698E+01| 0.1053E+01|
-------------------------------------------------
| 0.8350E+01|-0.9894E+00| 0.5698E+01| 0.1053E+01|
-------------------------------------------------
| 0.8360E+01|-0.9894E+00| 0.5698E+01| 0.1053E+01|
-------------------------------------------------
| 0.8370E+01|-0.9893E+00| 0.5697E+01| 0.1053E+01|
-------------------------------------------------
| 0.8380E+01|-0.9893E+00| 0.5697E+01| 0.1053E+01|
-------------------------------------------------
| 0.8390E+01|-0.9893E+00| 0.5697E+01| 0.1053E+01|
-------------------------------------------------
| 0.8400E+01|-0.9893E+00| 0.5697E+01| 0.1053E+01|
-------------------------------------------------
| 0.8410E+01|-0.9892E+00| 0.5697E+01| 0.1053E+01|
-------------------------------------------------
| 0.8420E+01|-0.9892E+00| 0.5697E+01| 0.1053E+01|
-------------------------------------------------
| 0.8430E+01|-0.9892E+00| 0.5697E+01| 0.1053E+01|
-------------------------------------------------
| 0.8440E+01|-0.9892E+00| 0.5696E+01| 0.1053E+01|
-------------------------------------------------
| 0.8450E+01|-0.9891E+00| 0.5696E+01| 0.1053E+01|
-------------------------------------------------
| 0.8460E+01|-0.9891E+00| 0.5696E+01| 0.1053E+01|
-------------------------------------------------
| 0.8470E+01|-0.9891E+00| 0.5696E+01| 0.1053E+01|
-------------------------------------------------
| 0.8480E+01|-0.9891E+00| 0.5696E+01| 0.1053E+01|
-------------------------------------------------
| 0.8490E+01|-0.9890E+00| 0.5696E+01| 0.1053E+01|
-------------------------------------------------
| 0.8500E+01|-0.9890E+00| 0.5696E+01| 0.1052E+01|
-------------------------------------------------
| 0.8510E+01|-0.9890E+00| 0.5695E+01| 0.1052E+01|
-------------------------------------------------
| 0.8520E+01|-0.9890E+00| 0.5695E+01| 0.1052E+01|
-------------------------------------------------
| 0.8530E+01|-0.9889E+00| 0.5695E+01| 0.1052E+01|
-------------------------------------------------
| 0.8540E+01|-0.9889E+00| 0.5695E+01| 0.1052E+01|
-------------------------------------------------
| 0.8550E+01|-0.9889E+00| 0.5695E+01| 0.1052E+01|
-------------------------------------------------
| 0.8560E+01|-0.9889E+00| 0.5695E+01| 0.1052E+01|
-------------------------------------------------
| 0.8570E+01|-0.9888E+00| 0.5694E+01| 0.1052E+01|
-------------------------------------------------
| 0.8580E+01|-0.9888E+00| 0.5694E+01| 0.1052E+01|
-------------------------------------------------
| 0.8590E+01|-0.9888E+00| 0.5694E+01| 0.1052E+01|
-------------------------------------------------
| 0.8600E+01|-0.9888E+00| 0.5694E+01| 0.1052E+01|
-------------------------------------------------
| 0.8610E+01|-0.9887E+00| 0.5694E+01| 0.1052E+01|
-------------------------------------------------
| 0.8620E+01|-0.9887E+00| 0.5694E+01| 0.1052E+01|
-------------------------------------------------
| 0.8630E+01|-0.9887E+00| 0.5694E+01| 0.1052E+01|
-------------------------------------------------
| 0.8640E+01|-0.9887E+00| 0.5693E+01| 0.1052E+01|
-------------------------------------------------
| 0.8650E+01|-0.9886E+00| 0.5693E+01| 0.1052E+01|
-------------------------------------------------
| 0.8660E+01|-0.9886E+00| 0.5693E+01| 0.1052E+01|
-------------------------------------------------
| 0.8670E+01|-0.9886E+00| 0.5693E+01| 0.1052E+01|
-------------------------------------------------
| 0.8680E+01|-0.9885E+00| 0.5693E+01| 0.1052E+01|
-------------------------------------------------
| 0.8690E+01|-0.9885E+00| 0.5693E+01| 0.1052E+01|
-------------------------------------------------
| 0.8700E+01|-0.9885E+00| 0.5693E+01| 0.1052E+01|
-------------------------------------------------
| 0.8710E+01|-0.9885E+00| 0.5692E+01| 0.1052E+01|
-------------------------------------------------
| 0.8720E+01|-0.9884E+00| 0.5692E+01| 0.1052E+01|
-------------------------------------------------
| 0.8730E+01|-0.9884E+00| 0.5692E+01| 0.1052E+01|
-------------------------------------------------
| 0.8740E+01|-0.9884E+00| 0.5692E+01| 0.1052E+01|
-------------------------------------------------
| 0.8750E+01|-0.9884E+00| 0.5692E+01| 0.1052E+01|
-------------------------------------------------
| 0.8760E+01|-0.9883E+00| 0.5692E+01| 0.1052E+01|
-------------------------------------------------
| 0.8770E+01|-0.9883E+00| 0.5691E+01| 0.1052E+01|
-------------------------------------------------
| 0.8780E+01|-0.9883E+00| 0.5691E+01| 0.1052E+01|
-------------------------------------------------
| 0.8790E+01|-0.9883E+00| 0.5691E+01| 0.1052E+01|
-------------------------------------------------
| 0.8800E+01|-0.9882E+00| 0.5691E+01| 0.1052E+01|
-------------------------------------------------
| 0.8810E+01|-0.9882E+00| 0.5691E+01| 0.1052E+01|
-------------------------------------------------
| 0.8820E+01|-0.9882E+00| 0.5691E+01| 0.1052E+01|
-------------------------------------------------
| 0.8830E+01|-0.9881E+00| 0.5691E+01| 0.1052E+01|
-------------------------------------------------
| 0.8840E+01|-0.9881E+00| 0.5690E+01| 0.1052E+01|
-------------------------------------------------
| 0.8850E+01|-0.9881E+00| 0.5690E+01| 0.1052E+01|
-------------------------------------------------
| 0.8860E+01|-0.9881E+00| 0.5690E+01| 0.1051E+01|
-------------------------------------------------
| 0.8870E+01|-0.9880E+00| 0.5690E+01| 0.1051E+01|
-------------------------------------------------
| 0.8880E+01|-0.9880E+00| 0.5690E+01| 0.1051E+01|
-------------------------------------------------
| 0.8890E+01|-0.9880E+00| 0.5690E+01| 0.1051E+01|
-------------------------------------------------
| 0.8900E+01|-0.9880E+00| 0.5689E+01| 0.1051E+01|
-------------------------------------------------
| 0.8910E+01|-0.9879E+00| 0.5689E+01| 0.1051E+01|
-------------------------------------------------
| 0.8920E+01|-0.9879E+00| 0.5689E+01| 0.1051E+01|
-------------------------------------------------
| 0.8930E+01|-0.9879E+00| 0.5689E+01| 0.1051E+01|
-------------------------------------------------
| 0.8940E+01|-0.9879E+00| 0.5689E+01| 0.1051E+01|
-------------------------------------------------
| 0.8950E+01|-0.9878E+00| 0.5689E+01| 0.1051E+01|
-------------------------------------------------
| 0.8960E+01|-0.9878E+00| 0.5688E+01| 0.1051E+01|
-------------------------------------------------
| 0.8970E+01|-0.9878E+00| 0.5688E+01| 0.1051E+01|
-------------------------------------------------
| 0.8980E+01|-0.9877E+00| 0.5688E+01| 0.1051E+01|
-------------------------------------------------
| 0.8990E+01|-0.9877E+00| 0.5688E+01| 0.1051E+01|
-------------------------------------------------
| 0.9000E+01|-0.9877E+00| 0.5688E+01| 0.1051E+01|
-------------------------------------------------
| 0.9010E+01|-0.9877E+00| 0.5688E+01| 0.1051E+01|
-------------------------------------------------
| 0.9020E+01|-0.9876E+00| 0.5688E+01| 0.1051E+01|
-------------------------------------------------
| 0.9030E+01|-0.9876E+00| 0.5687E+01| 0.1051E+01|
-------------------------------------------------
| 0.9040E+01|-0.9876E+00| 0.5687E+01| 0.1051E+01|
-------------------------------------------------
| 0.9050E+01|-0.9876E+00| 0.5687E+01| 0.1051E+01|
-------------------------------------------------
| 0.9060E+01|-0.9875E+00| 0.5687E+01| 0.1051E+01|
-------------------------------------------------
| 0.9070E+01|-0.9875E+00| 0.5687E+01| 0.1051E+01|
-------------------------------------------------
| 0.9080E+01|-0.9875E+00| 0.5687E+01| 0.1051E+01|
-------------------------------------------------
| 0.9090E+01|-0.9874E+00| 0.5686E+01| 0.1051E+01|
-------------------------------------------------
| 0.9100E+01|-0.9874E+00| 0.5686E+01| 0.1051E+01|
-------------------------------------------------
| 0.9110E+01|-0.9874E+00| 0.5686E+01| 0.1051E+01|
-------------------------------------------------
| 0.9120E+01|-0.9874E+00| 0.5686E+01| 0.1051E+01|
-------------------------------------------------
| 0.9130E+01|-0.9873E+00| 0.5686E+01| 0.1051E+01|
-------------------------------------------------
| 0.9140E+01|-0.9873E+00| 0.5686E+01| 0.1051E+01|
-------------------------------------------------
| 0.9150E+01|-0.9873E+00| 0.5685E+01| 0.1051E+01|
-------------------------------------------------
| 0.9160E+01|-0.9872E+00| 0.5685E+01| 0.1051E+01|
-------------------------------------------------
| 0.9170E+01|-0.9872E+00| 0.5685E+01| 0.1051E+01|
-------------------------------------------------
| 0.9180E+01|-0.9872E+00| 0.5685E+01| 0.1051E+01|
-------------------------------------------------
| 0.9190E+01|-0.9872E+00| 0.5685E+01| 0.1051E+01|
-------------------------------------------------
| 0.9200E+01|-0.9871E+00| 0.5685E+01| 0.1050E+01|
-------------------------------------------------
| 0.9210E+01|-0.9871E+00| 0.5685E+01| 0.1050E+01|
-------------------------------------------------
| 0.9220E+01|-0.9871E+00| 0.5684E+01| 0.1050E+01|
-------------------------------------------------
| 0.9230E+01|-0.9871E+00| 0.5684E+01| 0.1050E+01|
-------------------------------------------------
| 0.9240E+01|-0.9870E+00| 0.5684E+01| 0.1050E+01|
-------------------------------------------------
| 0.9250E+01|-0.9870E+00| 0.5684E+01| 0.1050E+01|
-------------------------------------------------
| 0.9260E+01|-0.9870E+00| 0.5684E+01| 0.1050E+01|
-------------------------------------------------
| 0.9270E+01|-0.9869E+00| 0.5684E+01| 0.1050E+01|
-------------------------------------------------
| 0.9280E+01|-0.9869E+00| 0.5683E+01| 0.1050E+01|
-------------------------------------------------
| 0.9290E+01|-0.9869E+00| 0.5683E+01| 0.1050E+01|
-------------------------------------------------
| 0.9300E+01|-0.9869E+00| 0.5683E+01| 0.1050E+01|
-------------------------------------------------
| 0.9310E+01|-0.9868E+00| 0.5683E+01| 0.1050E+01|
-------------------------------------------------
| 0.9320E+01|-0.9868E+00| 0.5683E+01| 0.1050E+01|
-------------------------------------------------
| 0.9330E+01|-0.9868E+00| 0.5683E+01| 0.1050E+01|
-------------------------------------------------
| 0.9340E+01|-0.9867E+00| 0.5682E+01| 0.1050E+01|
-------------------------------------------------
| 0.9350E+01|-0.9867E+00| 0.5682E+01| 0.1050E+01|
-------------------------------------------------
| 0.9360E+01|-0.9867E+00| 0.5682E+01| 0.1050E+01|
-------------------------------------------------
| 0.9370E+01|-0.9867E+00| 0.5682E+01| 0.1050E+01|
-------------------------------------------------
| 0.9380E+01|-0.9866E+00| 0.5682E+01| 0.1050E+01|
-------------------------------------------------
| 0.9390E+01|-0.9866E+00| 0.5682E+01| 0.1050E+01|
-------------------------------------------------
| 0.9400E+01|-0.9866E+00| 0.5681E+01| 0.1050E+01|
-------------------------------------------------
| 0.9410E+01|-0.9865E+00| 0.5681E+01| 0.1050E+01|
-------------------------------------------------
| 0.9420E+01|-0.9865E+00| 0.5681E+01| 0.1050E+01|
-------------------------------------------------
| 0.9430E+01|-0.9865E+00| 0.5681E+01| 0.1050E+01|
-------------------------------------------------
| 0.9440E+01|-0.9865E+00| 0.5681E+01| 0.1050E+01|
-------------------------------------------------
| 0.9450E+01|-0.9864E+00| 0.5681E+01| 0.1050E+01|
-------------------------------------------------
| 0.9460E+01|-0.9864E+00| 0.5680E+01| 0.1050E+01|
-------------------------------------------------
| 0.9470E+01|-0.9864E+00| 0.5680E+01| 0.1050E+01|
-------------------------------------------------
| 0.9480E+01|-0.9863E+00| 0.5680E+01| 0.1050E+01|
-------------------------------------------------
| 0.9490E+01|-0.9863E+00| 0.5680E+01| 0.1050E+01|
-------------------------------------------------
| 0.9500E+01|-0.9863E+00| 0.5680E+01| 0.1050E+01|
-------------------------------------------------
| 0.9510E+01|-0.9863E+00| 0.5680E+01| 0.1050E+01|
-------------------------------------------------
| 0.9520E+01|-0.9862E+00| 0.5679E+01| 0.1050E+01|
-------------------------------------------------
| 0.9530E+01|-0.9862E+00| 0.5679E+01| 0.1049E+01|
-------------------------------------------------
| 0.9540E+01|-0.9862E+00| 0.5679E+01| 0.1049E+01|
-------------------------------------------------
| 0.9550E+01|-0.9861E+00| 0.5679E+01| 0.1049E+01|
-------------------------------------------------
| 0.9560E+01|-0.9861E+00| 0.5679E+01| 0.1049E+01|
-------------------------------------------------
| 0.9570E+01|-0.9861E+00| 0.5679E+01| 0.1049E+01|
-------------------------------------------------
| 0.9580E+01|-0.9861E+00| 0.5678E+01| 0.1049E+01|
-------------------------------------------------
| 0.9590E+01|-0.9860E+00| 0.5678E+01| 0.1049E+01|
-------------------------------------------------
| 0.9600E+01|-0.9860E+00| 0.5678E+01| 0.1049E+01|
-------------------------------------------------
| 0.9610E+01|-0.9860E+00| 0.5678E+01| 0.1049E+01|
-------------------------------------------------
| 0.9620E+01|-0.9859E+00| 0.5678E+01| 0.1049E+01|
-------------------------------------------------
| 0.9630E+01|-0.9859E+00| 0.5678E+01| 0.1049E+01|
-------------------------------------------------
| 0.9640E+01|-0.9859E+00| 0.5677E+01| 0.1049E+01|
-------------------------------------------------
| 0.9650E+01|-0.9859E+00| 0.5677E+01| 0.1049E+01|
-------------------------------------------------
| 0.9660E+01|-0.9858E+00| 0.5677E+01| 0.1049E+01|
-------------------------------------------------
| 0.9670E+01|-0.9858E+00| 0.5677E+01| 0.1049E+01|
-------------------------------------------------
| 0.9680E+01|-0.9858E+00| 0.5677E+01| 0.1049E+01|
-------------------------------------------------
| 0.9690E+01|-0.9857E+00| 0.5677E+01| 0.1049E+01|
-------------------------------------------------
| 0.9700E+01|-0.9857E+00| 0.5676E+01| 0.1049E+01|
-------------------------------------------------
| 0.9710E+01|-0.9857E+00| 0.5676E+01| 0.1049E+01|
-------------------------------------------------
| 0.9720E+01|-0.9856E+00| 0.5676E+01| 0.1049E+01|
-------------------------------------------------
| 0.9730E+01|-0.9856E+00| 0.5676E+01| 0.1049E+01|
-------------------------------------------------
| 0.9740E+01|-0.9856E+00| 0.5676E+01| 0.1049E+01|
-------------------------------------------------
| 0.9750E+01|-0.9856E+00| 0.5676E+01| 0.1049E+01|
-------------------------------------------------
| 0.9760E+01|-0.9855E+00| 0.5675E+01| 0.1049E+01|
-------------------------------------------------
| 0.9770E+01|-0.9855E+00| 0.5675E+01| 0.1049E+01|
-------------------------------------------------
| 0.9780E+01|-0.9855E+00| 0.5675E+01| 0.1049E+01|
-------------------------------------------------
| 0.9790E+01|-0.9854E+00| 0.5675E+01| 0.1049E+01|
-------------------------------------------------
| 0.9800E+01|-0.9854E+00| 0.5675E+01| 0.1049E+01|
-------------------------------------------------
| 0.9810E+01|-0.9854E+00| 0.5675E+01| 0.1049E+01|
-------------------------------------------------
| 0.9820E+01|-0.9853E+00| 0.5674E+01| 0.1049E+01|
-------------------------------------------------
| 0.9830E+01|-0.9853E+00| 0.5674E+01| 0.1049E+01|
-------------------------------------------------
| 0.9840E+01|-0.9853E+00| 0.5674E+01| 0.1049E+01|
-------------------------------------------------
| 0.9850E+01|-0.9853E+00| 0.5674E+01| 0.1048E+01|
-------------------------------------------------
| 0.9860E+01|-0.9852E+00| 0.5674E+01| 0.1048E+01|
-------------------------------------------------
| 0.9870E+01|-0.9852E+00| 0.5674E+01| 0.1048E+01|
-------------------------------------------------
| 0.9880E+01|-0.9852E+00| 0.5673E+01| 0.1048E+01|
-------------------------------------------------
| 0.9890E+01|-0.9851E+00| 0.5673E+01| 0.1048E+01|
-------------------------------------------------
| 0.9900E+01|-0.9851E+00| 0.5673E+01| 0.1048E+01|
-------------------------------------------------
| 0.9910E+01|-0.9851E+00| 0.5673E+01| 0.1048E+01|
-------------------------------------------------
| 0.9920E+01|-0.9850E+00| 0.5673E+01| 0.1048E+01|
-------------------------------------------------
| 0.9930E+01|-0.9850E+00| 0.5672E+01| 0.1048E+01|
-------------------------------------------------
| 0.9940E+01|-0.9850E+00| 0.5672E+01| 0.1048E+01|
-------------------------------------------------
| 0.9950E+01|-0.9850E+00| 0.5672E+01| 0.1048E+01|
-------------------------------------------------
| 0.9960E+01|-0.9849E+00| 0.5672E+01| 0.1048E+01|
-------------------------------------------------
| 0.9970E+01|-0.9849E+00| 0.5672E+01| 0.1048E+01|
-------------------------------------------------
| 0.9980E+01|-0.9849E+00| 0.5672E+01| 0.1048E+01|
-------------------------------------------------
| 0.9990E+01|-0.9848E+00| 0.5671E+01| 0.1048E+01|
-------------------------------------------------
| 0.1000E+02|-0.9848E+00| 0.5671E+01| 0.1048E+01|
-------------------------------------------------
-------------------------------------------------
